[start] 25c_RC101_2V_medium nsga2 runs=10 max_iter=100 seed=20260805
[start] 25c_RC101_2V_medium imp2 runs=10 max_iter=100 seed=20260806
[start] 25c_RC101_2V_medium w7 runs=10 max_iter=100 seed=20260807
[start] 25c_RC101_2V_high nsga2 runs=10 max_iter=100 seed=20261805
[start] 25c_RC101_2V_high imp2 runs=10 max_iter=100 seed=20261806
[start] 25c_RC101_2V_high w7 runs=10 max_iter=100 seed=20261807
[start] 25c_RC201_2V_medium nsga2 runs=10 max_iter=100 seed=20262805
[start] 25c_RC201_2V_medium imp2 runs=10 max_iter=100 seed=20262806
[start] 25c_RC201_2V_medium w7 runs=10 max_iter=100 seed=20262807
[start] 25c_RC201_2V_high nsga2 runs=10 max_iter=100 seed=20263805
[start] 25c_RC201_2V_high imp2 runs=10 max_iter=100 seed=20263806
[start] 25c_RC201_2V_high w7 runs=10 max_iter=100 seed=20263807
[start] 50c_RC101_4V_medium nsga2 runs=10 max_iter=100 seed=20264805
[start] 50c_RC101_4V_medium imp2 runs=10 max_iter=100 seed=20264806
[start] 50c_RC101_4V_medium w7 runs=10 max_iter=100 seed=20264807
[start] 50c_RC101_4V_high nsga2 runs=10 max_iter=100 seed=20265805
Generation 20/100, Population size: 79
Generation 40/100, Population size: 88
Generation 60/100, Population size: 100
Generation 80/100, Population size: 99
Generation 100/100, Population size: 100
Generation 20/100, Population size: 89
Generation 40/100, Population size: 84
Generation 60/100, Population size: 99
Generation 80/100, Population size: 100
Generation 100/100, Population size: 100
Generation 20/100, Population size: 78
Generation 40/100, Population size: 84
Generation 60/100, Population size: 100
Generation 80/100, Population size: 100
Generation 100/100, Population size: 100
Generation 20/100, Population size: 84
Generation 40/100, Population size: 94
Generation 60/100, Population size: 100
Generation 80/100, Population size: 95
Generation 100/100, Population size: 100
Generation 20/100, Population size: 68
Generation 40/100, Population size: 93
Generation 60/100, Population size: 100
Generation 80/100, Population size: 100
Generation 100/100, Population size: 100
Generation 20/100, Population size: 80
Generation 40/100, Population size: 88
Generation 60/100, Population size: 80
Generation 80/100, Population size: 97
Generation 100/100, Population size: 100
Generation 20/100, Population size: 68
Generation 40/100, Population size: 93
Generation 60/100, Population size: 100
Generation 80/100, Population size: 100
Generation 100/100, Population size: 100
Generation 20/100, Population size: 67
Generation 40/100, Population size: 100
Generation 60/100, Population size: 100
Generation 80/100, Population size: 100
Generation 100/100, Population size: 100
Generation 20/100, Population size: 78
Generation 40/100, Population size: 97
Generation 60/100, Population size: 100
Generation 80/100, Population size: 99
Generation 100/100, Population size: 100
Generation 20/100, Population size: 73
Generation 40/100, Population size: 91
Generation 60/100, Population size: 100
Generation 80/100, Population size: 100
Generation 100/100, Population size: 100
  Route plotted and saved to: C:\Users\23992\FURP-2026-XinyueXie-Truck-Drone-Routing\src\experiments\PACO+ALNS\results\20260807_w8\routes_nsga2_25c_RC101_2V_medium_min_cost.png
  Route plotted and saved to: C:\Users\23992\FURP-2026-XinyueXie-Truck-Drone-Routing\src\experiments\PACO+ALNS\results\20260807_w8\routes_nsga2_25c_RC101_2V_medium_min_tardiness.png
  Route plotted and saved to: C:\Users\23992\FURP-2026-XinyueXie-Truck-Drone-Routing\src\experiments\PACO+ALNS\results\20260807_w8\routes_nsga2_25c_RC101_2V_medium_compromise.png
[done] 25c_RC101_2V_medium nsga2 time=3.7s cost=305.8 tard=306.5 sols=40.1
[start] 50c_RC101_4V_high imp2 runs=10 max_iter=100 seed=20265806
Generation 20/100, Population size: 96
Generation 40/100, Population size: 93
Generation 60/100, Population size: 100
Generation 80/100, Population size: 100
Generation 100/100, Population size: 100
Generation 20/100, Population size: 82
Generation 40/100, Population size: 100
Generation 60/100, Population size: 100
Generation 80/100, Population size: 100
Generation 100/100, Population size: 100
Generation 20/100, Population size: 55
Generation 40/100, Population size: 85
Generation 60/100, Population size: 100
Generation 80/100, Population size: 100
Generation 100/100, Population size: 100
Generation 20/100, Population size: 86
Generation 40/100, Population size: 100
Generation 60/100, Population size: 88
Generation 80/100, Population size: 100
Generation 100/100, Population size: 100
Generation 20/100, Population size: 79
Generation 40/100, Population size: 100
Generation 60/100, Population size: 100
Generation 80/100, Population size: 100
Generation 100/100, Population size: 100
Generation 20/100, Population size: 93
Generation 40/100, Population size: 76
Generation 60/100, Population size: 100
Generation 80/100, Population size: 100
Generation 100/100, Population size: 100
Generation 20/100, Population size: 71
Generation 40/100, Population size: 100
Generation 60/100, Population size: 100
Generation 80/100, Population size: 100
Generation 100/100, Population size: 100
Generation 20/100, Population size: 89
Generation 40/100, Population size: 100
Generation 60/100, Population size: 99
Generation 80/100, Population size: 100
Generation 100/100, Population size: 100
Generation 20/100, Population size: 87
Generation 40/100, Population size: 80
Generation 60/100, Population size: 100
Generation 80/100, Population size: 100
Generation 100/100, Population size: 100
Generation 20/100, Population size: 72
Generation 40/100, Population size: 83
Generation 60/100, Population size: 100
Generation 80/100, Population size: 100
Generation 100/100, Population size: 100
  Route plotted and saved to: C:\Users\23992\FURP-2026-XinyueXie-Truck-Drone-Routing\src\experiments\PACO+ALNS\results\20260807_w8\routes_nsga2_25c_RC101_2V_high_min_cost.png
  Route plotted and saved to: C:\Users\23992\FURP-2026-XinyueXie-Truck-Drone-Routing\src\experiments\PACO+ALNS\results\20260807_w8\routes_nsga2_25c_RC101_2V_high_min_tardiness.png
  Route plotted and saved to: C:\Users\23992\FURP-2026-XinyueXie-Truck-Drone-Routing\src\experiments\PACO+ALNS\results\20260807_w8\routes_nsga2_25c_RC101_2V_high_compromise.png
[done] 25c_RC101_2V_high nsga2 time=3.8s cost=307.4 tard=217.5 sols=40.0
[start] 50c_RC101_4V_high w7 runs=10 max_iter=100 seed=20265807
Generation 20/100, Population size: 89
Generation 40/100, Population size: 100
Generation 60/100, Population size: 100
Generation 80/100, Population size: 100
Generation 100/100, Population size: 93
Generation 20/100, Population size: 88
Generation 40/100, Population size: 91
Generation 60/100, Population size: 100
Generation 80/100, Population size: 100
Generation 100/100, Population size: 100
Generation 20/100, Population size: 84
Generation 40/100, Population size: 100
Generation 60/100, Population size: 100
Generation 80/100, Population size: 95
Generation 100/100, Population size: 100
Generation 20/100, Population size: 74
Generation 40/100, Population size: 100
Generation 60/100, Population size: 100
Generation 80/100, Population size: 100
Generation 100/100, Population size: 100
Generation 20/100, Population size: 98
Generation 40/100, Population size: 83
Generation 60/100, Population size: 100
Generation 80/100, Population size: 100
Generation 100/100, Population size: 100
Generation 20/100, Population size: 100
Generation 40/100, Population size: 100
Generation 60/100, Population size: 100
Generation 80/100, Population size: 100
Generation 100/100, Population size: 100
Generation 20/100, Population size: 87
Generation 40/100, Population size: 100
Generation 60/100, Population size: 100
Generation 80/100, Population size: 100
Generation 100/100, Population size: 82
Generation 20/100, Population size: 96
Generation 40/100, Population size: 100
Generation 60/100, Population size: 100
Generation 80/100, Population size: 100
Generation 100/100, Population size: 100
Generation 20/100, Population size: 84
Generation 40/100, Population size: 95
Generation 60/100, Population size: 100
Generation 80/100, Population size: 100
Generation 100/100, Population size: 100
Generation 20/100, Population size: 94
Generation 40/100, Population size: 100
Generation 60/100, Population size: 100
Generation 80/100, Population size: 100
Generation 100/100, Population size: 100
  Route plotted and saved to: C:\Users\23992\FURP-2026-XinyueXie-Truck-Drone-Routing\src\experiments\PACO+ALNS\results\20260807_w8\routes_nsga2_25c_RC201_2V_medium_min_cost.png
  Route plotted and saved to: C:\Users\23992\FURP-2026-XinyueXie-Truck-Drone-Routing\src\experiments\PACO+ALNS\results\20260807_w8\routes_nsga2_25c_RC201_2V_medium_min_tardiness.png
  Route plotted and saved to: C:\Users\23992\FURP-2026-XinyueXie-Truck-Drone-Routing\src\experiments\PACO+ALNS\results\20260807_w8\routes_nsga2_25c_RC201_2V_medium_compromise.png
[done] 25c_RC201_2V_medium nsga2 time=3.9s cost=325.5 tard=716.1 sols=36.1
[start] 50c_RC201_4V_medium nsga2 runs=10 max_iter=100 seed=20266805
Generation 20/100, Population size: 73
Generation 40/100, Population size: 100
Generation 60/100, Population size: 100
Generation 80/100, Population size: 99
Generation 100/100, Population size: 100
Generation 20/100, Population size: 74
Generation 40/100, Population size: 87
Generation 60/100, Population size: 100
Generation 80/100, Population size: 99
Generation 100/100, Population size: 100
Generation 20/100, Population size: 86
Generation 40/100, Population size: 93
Generation 60/100, Population size: 100
Generation 80/100, Population size: 100
Generation 100/100, Population size: 100
Generation 20/100, Population size: 77
Generation 40/100, Population size: 89
Generation 60/100, Population size: 77
Generation 80/100, Population size: 100
Generation 100/100, Population size: 100
Generation 20/100, Population size: 72
Generation 40/100, Population size: 94
Generation 60/100, Population size: 100
Generation 80/100, Population size: 100
Generation 100/100, Population size: 100
Generation 20/100, Population size: 90
Generation 40/100, Population size: 84
Generation 60/100, Population size: 87
Generation 80/100, Population size: 100
Generation 100/100, Population size: 100
Generation 20/100, Population size: 70
Generation 40/100, Population size: 78
Generation 60/100, Population size: 100
Generation 80/100, Population size: 100
Generation 100/100, Population size: 100
Generation 20/100, Population size: 79
Generation 40/100, Population size: 83
Generation 60/100, Population size: 100
Generation 80/100, Population size: 100
Generation 100/100, Population size: 100
Generation 20/100, Population size: 91
Generation 40/100, Population size: 80
Generation 60/100, Population size: 100
Generation 80/100, Population size: 100
Generation 100/100, Population size: 100
Generation 20/100, Population size: 83
Generation 40/100, Population size: 100
Generation 60/100, Population size: 99
Generation 80/100, Population size: 100
Generation 100/100, Population size: 100
  Route plotted and saved to: C:\Users\23992\FURP-2026-XinyueXie-Truck-Drone-Routing\src\experiments\PACO+ALNS\results\20260807_w8\routes_nsga2_25c_RC201_2V_high_min_cost.png
  Route plotted and saved to: C:\Users\23992\FURP-2026-XinyueXie-Truck-Drone-Routing\src\experiments\PACO+ALNS\results\20260807_w8\routes_nsga2_25c_RC201_2V_high_min_tardiness.png
  Route plotted and saved to: C:\Users\23992\FURP-2026-XinyueXie-Truck-Drone-Routing\src\experiments\PACO+ALNS\results\20260807_w8\routes_nsga2_25c_RC201_2V_high_compromise.png
[done] 25c_RC201_2V_high nsga2 time=4.1s cost=315.2 tard=889.6 sols=38.0
[start] 50c_RC201_4V_medium imp2 runs=10 max_iter=100 seed=20266806
Generation 20/100, Population size: 84
Generation 40/100, Population size: 100
Generation 60/100, Population size: 100
Generation 80/100, Population size: 97
Generation 100/100, Population size: 100
Generation 20/100, Population size: 100
Generation 40/100, Population size: 92
Generation 60/100, Population size: 100
Generation 80/100, Population size: 99
Generation 100/100, Population size: 100
Generation 20/100, Population size: 100
Generation 40/100, Population size: 76
Generation 60/100, Population size: 64
Generation 80/100, Population size: 77
Generation 100/100, Population size: 100
Generation 20/100, Population size: 63
Generation 40/100, Population size: 53
Generation 60/100, Population size: 55
Generation 80/100, Population size: 95
Generation 100/100, Population size: 100
Generation 20/100, Population size: 68
Generation 40/100, Population size: 77
Generation 60/100, Population size: 67
Generation 80/100, Population size: 100
Generation 100/100, Population size: 100
Generation 20/100, Population size: 66
Generation 40/100, Population size: 100
Generation 60/100, Population size: 100
Generation 80/100, Population size: 100
Generation 100/100, Population size: 99
Generation 20/100, Population size: 70
Generation 40/100, Population size: 98
Generation 60/100, Population size: 89
Generation 80/100, Population size: 100
Generation 100/100, Population size: 100
Generation 20/100, Population size: 87
Generation 40/100, Population size: 62
Generation 60/100, Population size: 100
Generation 80/100, Population size: 84
Generation 100/100, Population size: 89
Generation 20/100, Population size: 68
Generation 40/100, Population size: 94
Generation 60/100, Population size: 100
Generation 80/100, Population size: 100
Generation 100/100, Population size: 100
Generation 20/100, Population size: 73
Generation 40/100, Population size: 96
Generation 60/100, Population size: 74
Generation 80/100, Population size: 92
Generation 100/100, Population size: 100
  Route plotted and saved to: C:\Users\23992\FURP-2026-XinyueXie-Truck-Drone-Routing\src\experiments\PACO+ALNS\results\20260807_w8\routes_nsga2_50c_RC101_4V_medium_min_cost.png
  Route plotted and saved to: C:\Users\23992\FURP-2026-XinyueXie-Truck-Drone-Routing\src\experiments\PACO+ALNS\results\20260807_w8\routes_nsga2_50c_RC101_4V_medium_min_tardiness.png
  Route plotted and saved to: C:\Users\23992\FURP-2026-XinyueXie-Truck-Drone-Routing\src\experiments\PACO+ALNS\results\20260807_w8\routes_nsga2_50c_RC101_4V_medium_compromise.png
[done] 50c_RC101_4V_medium nsga2 time=5.4s cost=749.7 tard=1424.9 sols=35.6
[start] 50c_RC201_4V_medium w7 runs=10 max_iter=100 seed=20266807
Generation 20/100, Population size: 70
Generation 40/100, Population size: 93
Generation 60/100, Population size: 100
Generation 80/100, Population size: 100
Generation 100/100, Population size: 100
Generation 20/100, Population size: 78
Generation 40/100, Population size: 95
Generation 60/100, Population size: 100
Generation 80/100, Population size: 100
Generation 100/100, Population size: 100
Generation 20/100, Population size: 83
Generation 40/100, Population size: 83
Generation 60/100, Population size: 94
Generation 80/100, Population size: 100
Generation 100/100, Population size: 100
Generation 20/100, Population size: 84
Generation 40/100, Population size: 91
Generation 60/100, Population size: 93
Generation 80/100, Population size: 100
Generation 100/100, Population size: 100
Generation 20/100, Population size: 57
Generation 40/100, Population size: 100
Generation 60/100, Population size: 91
Generation 80/100, Population size: 100
Generation 100/100, Population size: 83
Generation 20/100, Population size: 69
Generation 40/100, Population size: 100
Generation 60/100, Population size: 100
Generation 80/100, Population size: 100
Generation 100/100, Population size: 100
Generation 20/100, Population size: 77
Generation 40/100, Population size: 81
Generation 60/100, Population size: 100
Generation 80/100, Population size: 93
Generation 100/100, Population size: 100
Generation 20/100, Population size: 84
Generation 40/100, Population size: 91
Generation 60/100, Population size: 100
Generation 80/100, Population size: 100
Generation 100/100, Population size: 100
Generation 20/100, Population size: 73
Generation 40/100, Population size: 96
Generation 60/100, Population size: 87
Generation 80/100, Population size: 99
Generation 100/100, Population size: 100
Generation 20/100, Population size: 54
Generation 40/100, Population size: 88
Generation 60/100, Population size: 100
Generation 80/100, Population size: 100
Generation 100/100, Population size: 100
  Route plotted and saved to: C:\Users\23992\FURP-2026-XinyueXie-Truck-Drone-Routing\src\experiments\PACO+ALNS\results\20260807_w8\routes_nsga2_50c_RC101_4V_high_min_cost.png
  Route plotted and saved to: C:\Users\23992\FURP-2026-XinyueXie-Truck-Drone-Routing\src\experiments\PACO+ALNS\results\20260807_w8\routes_nsga2_50c_RC101_4V_high_min_tardiness.png
  Route plotted and saved to: C:\Users\23992\FURP-2026-XinyueXie-Truck-Drone-Routing\src\experiments\PACO+ALNS\results\20260807_w8\routes_nsga2_50c_RC101_4V_high_compromise.png
[done] 50c_RC101_4V_high nsga2 time=5.7s cost=755.9 tard=1351.8 sols=36.9
[start] 50c_RC201_4V_high nsga2 runs=10 max_iter=100 seed=20267805
[P-ACO-imp2] Iteration 10/100 - Archive: 4
[P-ACO-imp2] Iteration 20/100 - Archive: 9
[P-ACO-imp2] Iteration 30/100 - Archive: 12
[P-ACO-imp2] Iteration 40/100 - Archive: 11
[P-ACO-imp2] Iteration 50/100 - Archive: 12
[P-ACO-imp2] Iteration 60/100 - Archive: 12
[P-ACO-imp2] Iteration 70/100 - Archive: 12
[P-ACO-imp2] Iteration 80/100 - Archive: 12
[P-ACO-imp2] Iteration 90/100 - Archive: 12
[P-ACO-imp2] Iteration 100/100 - Archive: 12
[P-ACO-imp2] Iteration 10/100 - Archive: 6
[P-ACO-imp2] Iteration 20/100 - Archive: 7
[P-ACO-imp2] Iteration 30/100 - Archive: 8
[P-ACO-imp2] Iteration 40/100 - Archive: 6
[P-ACO-imp2] Iteration 50/100 - Archive: 6
[P-ACO-imp2] Iteration 60/100 - Archive: 7
[P-ACO-imp2] Iteration 70/100 - Archive: 7
[P-ACO-imp2] Iteration 80/100 - Archive: 7
[P-ACO-imp2] Iteration 90/100 - Archive: 7
[P-ACO-imp2] Iteration 100/100 - Archive: 7
[P-ACO-imp2] Iteration 10/100 - Archive: 6
[P-ACO-imp2] Iteration 20/100 - Archive: 7
[P-ACO-imp2] Iteration 30/100 - Archive: 7
[P-ACO-imp2] Iteration 40/100 - Archive: 7
[P-ACO-imp2] Iteration 50/100 - Archive: 7
[P-ACO-imp2] Iteration 60/100 - Archive: 7
[P-ACO-imp2] Iteration 70/100 - Archive: 7
[P-ACO-imp2] Iteration 80/100 - Archive: 8
[P-ACO-imp2] Iteration 90/100 - Archive: 10
[P-ACO-imp2] Iteration 100/100 - Archive: 8
[P-ACO-imp2] Iteration 10/100 - Archive: 9
[P-ACO-imp2] Iteration 20/100 - Archive: 10
[P-ACO-imp2] Iteration 30/100 - Archive: 9
[P-ACO-imp2] Iteration 40/100 - Archive: 12
[P-ACO-imp2] Iteration 50/100 - Archive: 12
[P-ACO-imp2] Iteration 60/100 - Archive: 12
[P-ACO-imp2] Iteration 70/100 - Archive: 12
[P-ACO-imp2] Iteration 80/100 - Archive: 12
[P-ACO-imp2] Iteration 90/100 - Archive: 12
[P-ACO-imp2] Iteration 100/100 - Archive: 12
[P-ACO-imp2] Iteration 10/100 - Archive: 4
[P-ACO-imp2] Iteration 20/100 - Archive: 7
[P-ACO-imp2] Iteration 30/100 - Archive: 9
[P-ACO-imp2] Iteration 40/100 - Archive: 12
[P-ACO-imp2] Iteration 50/100 - Archive: 12
[P-ACO-imp2] Iteration 60/100 - Archive: 12
[P-ACO-imp2] Iteration 70/100 - Archive: 12
[P-ACO-imp2] Iteration 80/100 - Archive: 12
[P-ACO-imp2] Iteration 90/100 - Archive: 12
[P-ACO-imp2] Iteration 100/100 - Archive: 12
[P-ACO-imp2] Iteration 10/100 - Archive: 2
[P-ACO-imp2] Iteration 20/100 - Archive: 7
[P-ACO-imp2] Iteration 30/100 - Archive: 5
[P-ACO-imp2] Iteration 40/100 - Archive: 6
[P-ACO-imp2] Iteration 50/100 - Archive: 6
[P-ACO-imp2] Iteration 60/100 - Archive: 7
[P-ACO-imp2] Iteration 70/100 - Archive: 7
[P-ACO-imp2] Iteration 80/100 - Archive: 7
[P-ACO-imp2] Iteration 90/100 - Archive: 7
[P-ACO-imp2] Iteration 100/100 - Archive: 8
[P-ACO-imp2] Iteration 10/100 - Archive: 3
[P-ACO-imp2] Iteration 20/100 - Archive: 6
[P-ACO-imp2] Iteration 30/100 - Archive: 9
[P-ACO-imp2] Iteration 40/100 - Archive: 10
[P-ACO-imp2] Iteration 50/100 - Archive: 10
[P-ACO-imp2] Iteration 60/100 - Archive: 11
[P-ACO-imp2] Iteration 70/100 - Archive: 11
[P-ACO-imp2] Iteration 80/100 - Archive: 11
[P-ACO-imp2] Iteration 90/100 - Archive: 11
[P-ACO-imp2] Iteration 100/100 - Archive: 12
[P-ACO-imp2] Iteration 10/100 - Archive: 3
[P-ACO-imp2] Iteration 20/100 - Archive: 5
[P-ACO-imp2] Iteration 30/100 - Archive: 9
[P-ACO-imp2] Iteration 40/100 - Archive: 10
[P-ACO-imp2] Iteration 50/100 - Archive: 12
[P-ACO-imp2] Iteration 60/100 - Archive: 12
[P-ACO-imp2] Iteration 70/100 - Archive: 12
[P-ACO-imp2] Iteration 80/100 - Archive: 12
[P-ACO-imp2] Iteration 90/100 - Archive: 12
[P-ACO-imp2] Iteration 100/100 - Archive: 12
[P-ACO-imp2] Iteration 10/100 - Archive: 4
[P-ACO-imp2] Iteration 20/100 - Archive: 8
[P-ACO-imp2] Iteration 30/100 - Archive: 11
[P-ACO-imp2] Iteration 40/100 - Archive: 12
[P-ACO-imp2] Iteration 50/100 - Archive: 11
[P-ACO-imp2] Iteration 60/100 - Archive: 11
[P-ACO-imp2] Iteration 70/100 - Archive: 12
[P-ACO-imp2] Iteration 80/100 - Archive: 12
[P-ACO-imp2] Iteration 90/100 - Archive: 12
[P-ACO-imp2] Iteration 100/100 - Archive: 11
[P-ACO-imp2] Iteration 10/100 - Archive: 10
[P-ACO-imp2] Iteration 20/100 - Archive: 11
[P-ACO-imp2] Iteration 30/100 - Archive: 12
[P-ACO-imp2] Iteration 40/100 - Archive: 12
[P-ACO-imp2] Iteration 50/100 - Archive: 12
[P-ACO-imp2] Iteration 60/100 - Archive: 12
[P-ACO-imp2] Iteration 70/100 - Archive: 12
[P-ACO-imp2] Iteration 80/100 - Archive: 12
[P-ACO-imp2] Iteration 90/100 - Archive: 11
[P-ACO-imp2] Iteration 100/100 - Archive: 12
  Route plotted and saved to: C:\Users\23992\FURP-2026-XinyueXie-Truck-Drone-Routing\src\experiments\PACO+ALNS\results\20260807_w8\routes_imp2_25c_RC101_2V_medium_min_cost.png
  Route plotted and saved to: C:\Users\23992\FURP-2026-XinyueXie-Truck-Drone-Routing\src\experiments\PACO+ALNS\results\20260807_w8\routes_imp2_25c_RC101_2V_medium_min_tardiness.png
  Route plotted and saved to: C:\Users\23992\FURP-2026-XinyueXie-Truck-Drone-Routing\src\experiments\PACO+ALNS\results\20260807_w8\routes_imp2_25c_RC101_2V_medium_compromise.png
[done] 25c_RC101_2V_medium imp2 time=8.9s cost=240.0 tard=1117.6 sols=10.6
[start] 50c_RC201_4V_high imp2 runs=10 max_iter=100 seed=20267806
[P-ACO-imp2] Iteration 10/100 - Archive: 2
[P-ACO-imp2] Iteration 20/100 - Archive: 4
[P-ACO-imp2] Iteration 30/100 - Archive: 9
[P-ACO-imp2] Iteration 40/100 - Archive: 11
[P-ACO-imp2] Iteration 50/100 - Archive: 12
[P-ACO-imp2] Iteration 60/100 - Archive: 12
[P-ACO-imp2] Iteration 70/100 - Archive: 12
[P-ACO-imp2] Iteration 80/100 - Archive: 7
[P-ACO-imp2] Iteration 90/100 - Archive: 7
[P-ACO-imp2] Iteration 100/100 - Archive: 7
[P-ACO-imp2] Iteration 10/100 - Archive: 11
[P-ACO-imp2] Iteration 20/100 - Archive: 12
[P-ACO-imp2] Iteration 30/100 - Archive: 9
[P-ACO-imp2] Iteration 40/100 - Archive: 10
[P-ACO-imp2] Iteration 50/100 - Archive: 8
[P-ACO-imp2] Iteration 60/100 - Archive: 10
[P-ACO-imp2] Iteration 70/100 - Archive: 8
[P-ACO-imp2] Iteration 80/100 - Archive: 10
[P-ACO-imp2] Iteration 90/100 - Archive: 10
[P-ACO-imp2] Iteration 100/100 - Archive: 12
[P-ACO-imp2] Iteration 10/100 - Archive: 6
[P-ACO-imp2] Iteration 20/100 - Archive: 5
[P-ACO-imp2] Iteration 30/100 - Archive: 5
[P-ACO-imp2] Iteration 40/100 - Archive: 5
[P-ACO-imp2] Iteration 50/100 - Archive: 5
[P-ACO-imp2] Iteration 60/100 - Archive: 6
[P-ACO-imp2] Iteration 70/100 - Archive: 6
[P-ACO-imp2] Iteration 80/100 - Archive: 6
[P-ACO-imp2] Iteration 90/100 - Archive: 6
[P-ACO-imp2] Iteration 100/100 - Archive: 6
[P-ACO-imp2] Iteration 10/100 - Archive: 4
[P-ACO-imp2] Iteration 20/100 - Archive: 5
[P-ACO-imp2] Iteration 30/100 - Archive: 5
[P-ACO-imp2] Iteration 40/100 - Archive: 5
[P-ACO-imp2] Iteration 50/100 - Archive: 6
[P-ACO-imp2] Iteration 60/100 - Archive: 8
[P-ACO-imp2] Iteration 70/100 - Archive: 9
[P-ACO-imp2] Iteration 80/100 - Archive: 10
[P-ACO-imp2] Iteration 90/100 - Archive: 10
[P-ACO-imp2] Iteration 100/100 - Archive: 10
[P-ACO-imp2] Iteration 10/100 - Archive: 9
[P-ACO-imp2] Iteration 20/100 - Archive: 4
[P-ACO-imp2] Iteration 30/100 - Archive: 4
[P-ACO-imp2] Iteration 40/100 - Archive: 6
[P-ACO-imp2] Iteration 50/100 - Archive: 6
[P-ACO-imp2] Iteration 60/100 - Archive: 6
[P-ACO-imp2] Iteration 70/100 - Archive: 6
[P-ACO-imp2] Iteration 80/100 - Archive: 6
[P-ACO-imp2] Iteration 90/100 - Archive: 8
[P-ACO-imp2] Iteration 100/100 - Archive: 8
[P-ACO-imp2] Iteration 10/100 - Archive: 5
[P-ACO-imp2] Iteration 20/100 - Archive: 6
[P-ACO-imp2] Iteration 30/100 - Archive: 12
[P-ACO-imp2] Iteration 40/100 - Archive: 12
[P-ACO-imp2] Iteration 50/100 - Archive: 12
[P-ACO-imp2] Iteration 60/100 - Archive: 12
[P-ACO-imp2] Iteration 70/100 - Archive: 12
[P-ACO-imp2] Iteration 80/100 - Archive: 12
[P-ACO-imp2] Iteration 90/100 - Archive: 12
[P-ACO-imp2] Iteration 100/100 - Archive: 12
[P-ACO-imp2] Iteration 10/100 - Archive: 10
[P-ACO-imp2] Iteration 20/100 - Archive: 12
[P-ACO-imp2] Iteration 30/100 - Archive: 10
[P-ACO-imp2] Iteration 40/100 - Archive: 11
[P-ACO-imp2] Iteration 50/100 - Archive: 12
[P-ACO-imp2] Iteration 60/100 - Archive: 11
[P-ACO-imp2] Iteration 70/100 - Archive: 11
[P-ACO-imp2] Iteration 80/100 - Archive: 11
[P-ACO-imp2] Iteration 90/100 - Archive: 11
[P-ACO-imp2] Iteration 100/100 - Archive: 11
[P-ACO-imp2] Iteration 10/100 - Archive: 5
[P-ACO-imp2] Iteration 20/100 - Archive: 6
[P-ACO-imp2] Iteration 30/100 - Archive: 5
[P-ACO-imp2] Iteration 40/100 - Archive: 5
[P-ACO-imp2] Iteration 50/100 - Archive: 5
[P-ACO-imp2] Iteration 60/100 - Archive: 5
[P-ACO-imp2] Iteration 70/100 - Archive: 7
[P-ACO-imp2] Iteration 80/100 - Archive: 7
[P-ACO-imp2] Iteration 90/100 - Archive: 8
[P-ACO-imp2] Iteration 100/100 - Archive: 8
[P-ACO-imp2] Iteration 10/100 - Archive: 7
[P-ACO-imp2] Iteration 20/100 - Archive: 12
[P-ACO-imp2] Iteration 30/100 - Archive: 12
[P-ACO-imp2] Iteration 40/100 - Archive: 12
[P-ACO-imp2] Iteration 50/100 - Archive: 11
[P-ACO-imp2] Iteration 60/100 - Archive: 10
[P-ACO-imp2] Iteration 70/100 - Archive: 9
[P-ACO-imp2] Iteration 80/100 - Archive: 11
[P-ACO-imp2] Iteration 90/100 - Archive: 11
[P-ACO-imp2] Iteration 100/100 - Archive: 11
[P-ACO-imp2] Iteration 10/100 - Archive: 5
[P-ACO-imp2] Iteration 20/100 - Archive: 7
[P-ACO-imp2] Iteration 30/100 - Archive: 7
[P-ACO-imp2] Iteration 40/100 - Archive: 7
[P-ACO-imp2] Iteration 50/100 - Archive: 8
[P-ACO-imp2] Iteration 60/100 - Archive: 9
[P-ACO-imp2] Iteration 70/100 - Archive: 9
[P-ACO-imp2] Iteration 80/100 - Archive: 8
[P-ACO-imp2] Iteration 90/100 - Archive: 10
[P-ACO-imp2] Iteration 100/100 - Archive: 10
  Route plotted and saved to: C:\Users\23992\FURP-2026-XinyueXie-Truck-Drone-Routing\src\experiments\PACO+ALNS\results\20260807_w8\routes_imp2_25c_RC201_2V_medium_min_cost.png
  Route plotted and saved to: C:\Users\23992\FURP-2026-XinyueXie-Truck-Drone-Routing\src\experiments\PACO+ALNS\results\20260807_w8\routes_imp2_25c_RC201_2V_medium_min_tardiness.png
  Route plotted and saved to: C:\Users\23992\FURP-2026-XinyueXie-Truck-Drone-Routing\src\experiments\PACO+ALNS\results\20260807_w8\routes_imp2_25c_RC201_2V_medium_compromise.png
[done] 25c_RC201_2V_medium imp2 time=9.5s cost=266.4 tard=2312.1 sols=9.5
[start] 50c_RC201_4V_high w7 runs=10 max_iter=100 seed=20267807
Generation 20/100, Population size: 92
Generation 40/100, Population size: 100
Generation 60/100, Population size: 82
Generation 80/100, Population size: 100
Generation 100/100, Population size: 100
Generation 20/100, Population size: 100
Generation 40/100, Population size: 99
Generation 60/100, Population size: 100
Generation 80/100, Population size: 100
Generation 100/100, Population size: 100
Generation 20/100, Population size: 78
Generation 40/100, Population size: 88
Generation 60/100, Population size: 87
Generation 80/100, Population size: 94
Generation 100/100, Population size: 100
Generation 20/100, Population size: 98
Generation 40/100, Population size: 100
Generation 60/100, Population size: 100
Generation 80/100, Population size: 100
Generation 100/100, Population size: 100
Generation 20/100, Population size: 78
Generation 40/100, Population size: 83
Generation 60/100, Population size: 91
Generation 80/100, Population size: 100
Generation 100/100, Population size: 100
Generation 20/100, Population size: 94
Generation 40/100, Population size: 79
Generation 60/100, Population size: 92
Generation 80/100, Population size: 100
Generation 100/100, Population size: 100
Generation 20/100, Population size: 90
Generation 40/100, Population size: 81
Generation 60/100, Population size: 94
Generation 80/100, Population size: 100
Generation 100/100, Population size: 100
Generation 20/100, Population size: 63
Generation 40/100, Population size: 81
Generation 60/100, Population size: 100
Generation 80/100, Population size: 100
Generation 100/100, Population size: 100
Generation 20/100, Population size: 88
Generation 40/100, Population size: 94
Generation 60/100, Population size: 100
Generation 80/100, Population size: 100
Generation 100/100, Population size: 97
Generation 20/100, Population size: 86
Generation 40/100, Population size: 95
Generation 60/100, Population size: 100
Generation 80/100, Population size: 100
Generation 100/100, Population size: 100
  Route plotted and saved to: C:\Users\23992\FURP-2026-XinyueXie-Truck-Drone-Routing\src\experiments\PACO+ALNS\results\20260807_w8\routes_nsga2_50c_RC201_4V_medium_min_cost.png
  Route plotted and saved to: C:\Users\23992\FURP-2026-XinyueXie-Truck-Drone-Routing\src\experiments\PACO+ALNS\results\20260807_w8\routes_nsga2_50c_RC201_4V_medium_min_tardiness.png
  Route plotted and saved to: C:\Users\23992\FURP-2026-XinyueXie-Truck-Drone-Routing\src\experiments\PACO+ALNS\results\20260807_w8\routes_nsga2_50c_RC201_4V_medium_compromise.png
[done] 50c_RC201_4V_medium nsga2 time=6.4s cost=800.6 tard=1897.3 sols=38.2
[start] 50c_RC101_6V_medium nsga2 runs=10 max_iter=100 seed=20268805
Generation 20/100, Population size: 75
Generation 40/100, Population size: 66
Generation 60/100, Population size: 96
Generation 80/100, Population size: 100
Generation 100/100, Population size: 100
Generation 20/100, Population size: 62
Generation 40/100, Population size: 98
Generation 60/100, Population size: 86
Generation 80/100, Population size: 100
Generation 100/100, Population size: 100
Generation 20/100, Population size: 84
Generation 40/100, Population size: 87
Generation 60/100, Population size: 100
Generation 80/100, Population size: 93
Generation 100/100, Population size: 100
Generation 20/100, Population size: 93
Generation 40/100, Population size: 100
Generation 60/100, Population size: 100
Generation 80/100, Population size: 100
Generation 100/100, Population size: 100
Generation 20/100, Population size: 65
Generation 40/100, Population size: 81
Generation 60/100, Population size: 82
Generation 80/100, Population size: 99
Generation 100/100, Population size: 100
Generation 20/100, Population size: 68
Generation 40/100, Population size: 100
Generation 60/100, Population size: 100
Generation 80/100, Population size: 100
Generation 100/100, Population size: 100
Generation 20/100, Population size: 86
Generation 40/100, Population size: 96
Generation 60/100, Population size: 86
Generation 80/100, Population size: 100
Generation 100/100, Population size: 100
Generation 20/100, Population size: 100
Generation 40/100, Population size: 100
Generation 60/100, Population size: 100
Generation 80/100, Population size: 100
Generation 100/100, Population size: 100
Generation 20/100, Population size: 98
Generation 40/100, Population size: 88
Generation 60/100, Population size: 82
Generation 80/100, Population size: 100
Generation 100/100, Population size: 100
Generation 20/100, Population size: 89
Generation 40/100, Population size: 100
Generation 60/100, Population size: 100
Generation 80/100, Population size: 100
Generation 100/100, Population size: 100
  Route plotted and saved to: C:\Users\23992\FURP-2026-XinyueXie-Truck-Drone-Routing\src\experiments\PACO+ALNS\results\20260807_w8\routes_nsga2_50c_RC201_4V_high_min_cost.png
  Route plotted and saved to: C:\Users\23992\FURP-2026-XinyueXie-Truck-Drone-Routing\src\experiments\PACO+ALNS\results\20260807_w8\routes_nsga2_50c_RC201_4V_high_min_tardiness.png
  Route plotted and saved to: C:\Users\23992\FURP-2026-XinyueXie-Truck-Drone-Routing\src\experiments\PACO+ALNS\results\20260807_w8\routes_nsga2_50c_RC201_4V_high_compromise.png
[done] 50c_RC201_4V_high nsga2 time=6.3s cost=810.1 tard=2111.2 sols=40.0
[start] 50c_RC101_6V_medium imp2 runs=10 max_iter=100 seed=20268806
[PACO+ALNS ] Iteration 10/100 - Pareto Archive: 10
  ALNS weights: Destroy=['2.10', '2.73', '1.74', '1.86', '2.32'] Repair=['1.89', '1.95', '2.67']
[PACO+ALNS ] Iteration 20/100 - Pareto Archive: 9
  ALNS weights: Destroy=['2.44', '2.79', '2.25', '1.91', '2.23'] Repair=['2.28', '2.64', '1.93']
[PACO+ALNS ] Iteration 30/100 - Pareto Archive: 9
  ALNS weights: Destroy=['2.28', '1.95', '2.73', '2.01', '2.42'] Repair=['2.01', '2.12', '2.13']
[PACO+ALNS ] Iteration 40/100 - Pareto Archive: 9
  ALNS weights: Destroy=['1.60', '1.39', '1.58', '1.96', '2.72'] Repair=['1.39', '2.05', '1.47']
[PACO+ALNS ] Iteration 50/100 - Pareto Archive: 10
  ALNS weights: Destroy=['1.84', '2.01', '1.42', '2.40', '2.35'] Repair=['1.84', '2.26', '1.53']
[PACO+ALNS ] Iteration 60/100 - Pareto Archive: 10
  ALNS weights: Destroy=['1.59', '2.14', '2.21', '1.74', '2.61'] Repair=['1.85', '1.89', '2.20']
[PACO+ALNS ] Iteration 70/100 - Pareto Archive: 10
  ALNS weights: Destroy=['1.74', '2.00', '1.67', '1.60', '1.62'] Repair=['1.81', '1.71', '1.60']
[PACO+ALNS ] Iteration 80/100 - Pareto Archive: 10
  ALNS weights: Destroy=['1.91', '1.96', '1.55', '1.42', '2.23'] Repair=['1.35', '1.98', '1.73']
[PACO+ALNS ] Iteration 90/100 - Pareto Archive: 10
  ALNS weights: Destroy=['1.64', '1.91', '2.49', '2.11', '2.30'] Repair=['2.34', '1.67', '1.95']
[PACO+ALNS ] Iteration 100/100 - Pareto Archive: 10
  ALNS weights: Destroy=['1.71', '1.72', '2.25', '1.84', '2.52'] Repair=['1.85', '1.92', '1.91']
[PACO+ALNS ] Iteration 10/100 - Pareto Archive: 10
  ALNS weights: Destroy=['1.56', '2.21', '1.90', '2.07', '1.56'] Repair=['2.00', '1.89', '1.66']
[PACO+ALNS ] Iteration 20/100 - Pareto Archive: 10
  ALNS weights: Destroy=['2.25', '2.49', '2.51', '2.33', '2.30'] Repair=['2.86', '2.17', '2.47']
[PACO+ALNS ] Iteration 30/100 - Pareto Archive: 10
  ALNS weights: Destroy=['1.94', '1.82', '2.65', '1.63', '2.57'] Repair=['1.89', '1.90', '1.72']
[PACO+ALNS ] Iteration 40/100 - Pareto Archive: 10
  ALNS weights: Destroy=['1.97', '2.71', '2.65', '2.36', '2.23'] Repair=['2.36', '2.50', '2.26']
[PACO+ALNS ] Iteration 50/100 - Pareto Archive: 10
  ALNS weights: Destroy=['2.40', '1.54', '2.42', '1.90', '2.72'] Repair=['2.18', '2.22', '1.91']
[PACO+ALNS ] Iteration 60/100 - Pareto Archive: 10
  ALNS weights: Destroy=['1.40', '2.15', '1.48', '1.19', '2.95'] Repair=['1.78', '1.88', '1.39']
[PACO+ALNS ] Iteration 70/100 - Pareto Archive: 8
  ALNS weights: Destroy=['1.71', '2.42', '1.85', '1.97', '2.83'] Repair=['2.18', '2.11', '2.07']
[PACO+ALNS ] Iteration 80/100 - Pareto Archive: 8
  ALNS weights: Destroy=['1.46', '2.19', '1.73', '2.14', '2.88'] Repair=['1.43', '2.22', '2.31']
[PACO+ALNS ] Iteration 90/100 - Pareto Archive: 10
  ALNS weights: Destroy=['1.21', '1.71', '1.09', '1.03', '1.80'] Repair=['1.35', '1.52', '1.56']
[PACO+ALNS ] Iteration 100/100 - Pareto Archive: 9
  ALNS weights: Destroy=['1.72', '1.81', '1.70', '1.75', '2.07'] Repair=['1.98', '1.58', '1.77']
[PACO+ALNS ] Iteration 10/100 - Pareto Archive: 8
  ALNS weights: Destroy=['1.87', '2.16', '1.81', '1.51', '2.42'] Repair=['2.07', '2.01', '2.00']
[PACO+ALNS ] Iteration 20/100 - Pareto Archive: 10
  ALNS weights: Destroy=['1.97', '2.41', '2.69', '2.00', '2.18'] Repair=['1.93', '2.31', '2.28']
[PACO+ALNS ] Iteration 30/100 - Pareto Archive: 7
  ALNS weights: Destroy=['1.52', '1.80', '2.93', '2.25', '2.11'] Repair=['2.32', '2.56', '1.55']
[PACO+ALNS ] Iteration 40/100 - Pareto Archive: 9
  ALNS weights: Destroy=['1.72', '2.04', '2.31', '1.86', '2.40'] Repair=['2.43', '1.71', '1.88']
[PACO+ALNS ] Iteration 50/100 - Pareto Archive: 8
  ALNS weights: Destroy=['1.93', '1.78', '2.16', '1.62', '1.68'] Repair=['2.10', '1.78', '1.39']
[PACO+ALNS ] Iteration 60/100 - Pareto Archive: 9
  ALNS weights: Destroy=['1.86', '1.78', '2.98', '2.00', '1.33'] Repair=['2.48', '1.88', '1.38']
[PACO+ALNS ] Iteration 70/100 - Pareto Archive: 8
  ALNS weights: Destroy=['1.80', '2.00', '1.86', '2.40', '2.53'] Repair=['2.23', '2.22', '2.07']
[PACO+ALNS ] Iteration 80/100 - Pareto Archive: 10
  ALNS weights: Destroy=['1.89', '1.72', '2.67', '1.75', '1.89'] Repair=['1.51', '2.05', '1.72']
[PACO+ALNS ] Iteration 90/100 - Pareto Archive: 10
  ALNS weights: Destroy=['1.63', '2.05', '1.61', '1.43', '2.05'] Repair=['1.57', '1.79', '1.83']
[PACO+ALNS ] Iteration 100/100 - Pareto Archive: 10
  ALNS weights: Destroy=['2.07', '1.52', '1.93', '1.92', '1.94'] Repair=['2.21', '1.80', '1.62']
[PACO+ALNS ] Iteration 10/100 - Pareto Archive: 10
  ALNS weights: Destroy=['1.54', '2.79', '2.52', '1.42', '2.08'] Repair=['2.57', '2.27', '2.06']
[PACO+ALNS ] Iteration 20/100 - Pareto Archive: 9
  ALNS weights: Destroy=['2.16', '2.25', '2.46', '2.56', '2.29'] Repair=['2.23', '2.61', '2.22']
[PACO+ALNS ] Iteration 30/100 - Pareto Archive: 9
  ALNS weights: Destroy=['1.52', '2.33', '2.00', '1.26', '2.35'] Repair=['2.16', '2.09', '1.51']
[PACO+ALNS ] Iteration 40/100 - Pareto Archive: 10
  ALNS weights: Destroy=['2.40', '2.21', '2.62', '1.66', '2.45'] Repair=['2.69', '1.83', '1.94']
[PACO+ALNS ] Iteration 50/100 - Pareto Archive: 6
  ALNS weights: Destroy=['1.41', '2.22', '2.28', '1.78', '2.35'] Repair=['2.15', '1.94', '1.35']
[PACO+ALNS ] Iteration 60/100 - Pareto Archive: 8
  ALNS weights: Destroy=['1.85', '2.41', '2.49', '1.53', '2.21'] Repair=['2.16', '2.32', '1.88']
[PACO+ALNS ] Iteration 70/100 - Pareto Archive: 10
  ALNS weights: Destroy=['1.51', '2.26', '2.74', '2.04', '2.55'] Repair=['1.81', '2.61', '1.99']
[PACO+ALNS ] Iteration 80/100 - Pareto Archive: 10
  ALNS weights: Destroy=['1.56', '1.87', '1.88', '1.37', '2.07'] Repair=['1.68', '1.63', '1.53']
[PACO+ALNS ] Iteration 90/100 - Pareto Archive: 10
  ALNS weights: Destroy=['1.69', '1.68', '2.28', '2.05', '1.56'] Repair=['1.77', '2.07', '1.60']
[PACO+ALNS ] Iteration 100/100 - Pareto Archive: 10
  ALNS weights: Destroy=['1.79', '1.32', '2.66', '1.18', '1.89'] Repair=['1.37', '1.39', '2.11']
[PACO+ALNS ] Iteration 10/100 - Pareto Archive: 10
  ALNS weights: Destroy=['1.98', '1.47', '1.85', '2.23', '2.34'] Repair=['1.81', '2.01', '2.27']
[PACO+ALNS ] Iteration 20/100 - Pareto Archive: 9
  ALNS weights: Destroy=['1.58', '2.15', '2.53', '2.02', '2.46'] Repair=['1.89', '1.38', '2.52']
[PACO+ALNS ] Iteration 30/100 - Pareto Archive: 10
  ALNS weights: Destroy=['1.82', '2.32', '1.94', '2.07', '2.46'] Repair=['1.88', '1.70', '2.37']
[PACO+ALNS ] Iteration 40/100 - Pareto Archive: 10
  ALNS weights: Destroy=['1.90', '2.04', '2.33', '2.12', '2.83'] Repair=['2.26', '1.82', '2.16']
[PACO+ALNS ] Iteration 50/100 - Pareto Archive: 10
  ALNS weights: Destroy=['1.58', '1.68', '2.39', '2.06', '2.60'] Repair=['1.81', '1.76', '2.36']
[PACO+ALNS ] Iteration 60/100 - Pareto Archive: 10
  ALNS weights: Destroy=['1.41', '2.17', '1.65', '1.85', '1.78'] Repair=['1.73', '1.82', '1.45']
[PACO+ALNS ] Iteration 70/100 - Pareto Archive: 10
  ALNS weights: Destroy=['1.66', '1.57', '1.14', '1.75', '2.10'] Repair=['1.65', '1.84', '1.40']
[PACO+ALNS ] Iteration 80/100 - Pareto Archive: 10
  ALNS weights: Destroy=['1.56', '1.89', '1.82', '1.72', '2.25'] Repair=['1.65', '1.74', '2.06']
[PACO+ALNS ] Iteration 90/100 - Pareto Archive: 10
  ALNS weights: Destroy=['1.72', '1.85', '1.62', '1.87', '2.29'] Repair=['1.71', '2.14', '1.57']
[PACO+ALNS ] Iteration 100/100 - Pareto Archive: 10
  ALNS weights: Destroy=['1.49', '2.00', '1.82', '1.93', '1.96'] Repair=['1.87', '1.83', '1.97']
[PACO+ALNS ] Iteration 10/100 - Pareto Archive: 8
  ALNS weights: Destroy=['2.05', '2.30', '2.83', '1.60', '1.95'] Repair=['2.25', '1.63', '2.20']
[PACO+ALNS ] Iteration 20/100 - Pareto Archive: 10
  ALNS weights: Destroy=['1.51', '2.00', '2.43', '2.05', '2.60'] Repair=['1.94', '2.23', '2.21']
[PACO+ALNS ] Iteration 30/100 - Pareto Archive: 10
  ALNS weights: Destroy=['1.49', '2.05', '1.98', '2.34', '2.19'] Repair=['2.23', '1.74', '1.99']
[PACO+ALNS ] Iteration 40/100 - Pareto Archive: 10
  ALNS weights: Destroy=['1.97', '2.43', '2.42', '2.12', '2.05'] Repair=['1.71', '2.38', '2.60']
[PACO+ALNS ] Iteration 50/100 - Pareto Archive: 10
  ALNS weights: Destroy=['1.54', '1.63', '2.68', '2.19', '2.09'] Repair=['2.42', '2.11', '1.43'][PACO+ALNS ] Iteration 10/100 - Pareto Archive: 8
  ALNS weights: Destroy=['2.54', '1.77', '2.31', '2.14', '2.44'] Repair=['2.10', '2.08', '2.55']
[PACO+ALNS ] Iteration 20/100 - Pareto Archive: 8
  ALNS weights: Destroy=['1.99', '2.34', '2.45', '1.88', '2.61'] Repair=['2.42', '1.99', '2.13']
[PACO+ALNS ] Iteration 30/100 - Pareto Archive: 10
  ALNS weights: Destroy=['2.31', '2.31', '2.39', '2.42', '2.13'] Repair=['1.43', '2.53', '2.69']
[PACO+ALNS ] Iteration 40/100 - Pareto Archive: 9
  ALNS weights: Destroy=['1.84', '2.28', '1.65', '1.49', '1.66'] Repair=['1.75', '1.51', '2.00']
[PACO+ALNS ] Iteration 50/100 - Pareto Archive: 10
  ALNS weights: Destroy=['2.22', '2.30', '1.84', '1.58', '1.81'] Repair=['2.02', '2.10', '1.60']
[PACO+ALNS ] Iteration 60/100 - Pareto Archive: 9
  ALNS weights: Destroy=['1.93', '2.11', '2.54', '2.11', '1.85'] Repair=['1.51', '2.41', '2.06']
[PACO+ALNS ] Iteration 70/100 - Pareto Archive: 10
  ALNS weights: Destroy=['1.96', '1.79', '2.53', '2.16', '2.02'] Repair=['1.90', '2.26', '1.85']
[PACO+ALNS ] Iteration 80/100 - Pareto Archive: 10
  ALNS weights: Destroy=['1.18', '1.58', '1.60', '1.18', '1.76'] Repair=['1.62', '1.25', '1.14']
[PACO+ALNS ] Iteration 90/100 - Pareto Archive: 10
  ALNS weights: Destroy=['1.45', '1.62', '2.47', '1.24', '1.20'] Repair=['1.23', '1.27', '1.47']
[PACO+ALNS ] Iteration 100/100 - Pareto Archive: 10
  ALNS weights: Destroy=['1.31', '1.68', '2.36', '1.26', '1.48'] Repair=['1.37', '1.46', '1.39']
[PACO+ALNS ] Iteration 10/100 - Pareto Archive: 6
  ALNS weights: Destroy=['2.35', '2.35', '2.70', '2.30', '2.70'] Repair=['2.55', '2.21', '2.69']
[PACO+ALNS ] Iteration 20/100 - Pareto Archive: 10
  ALNS weights: Destroy=['2.14', '2.23', '2.33', '1.96', '2.53'] Repair=['1.74', '2.53', '2.36']
[PACO+ALNS ] Iteration 30/100 - Pareto Archive: 10
  ALNS weights: Destroy=['1.63', '2.53', '2.88', '2.28', '2.23'] Repair=['2.65', '2.13', '1.83']
[PACO+ALNS ] Iteration 40/100 - Pareto Archive: 10
  ALNS weights: Destroy=['1.65', '2.51', '2.84', '2.00', '2.19'] Repair=['1.98', '2.39', '2.04']
[PACO+ALNS ] Iteration 50/100 - Pareto Archive: 10
  ALNS weights: Destroy=['1.99', '2.05', '1.83', '2.75', '2.49'] Repair=['2.19', '2.50', '2.05']
[PACO+ALNS ] Iteration 60/100 - Pareto Archive: 10
  ALNS weights: Destroy=['2.31', '2.12', '2.65', '1.74', '2.07'] Repair=['1.77', '2.26', '2.35']
[PACO+ALNS ] Iteration 70/100 - Pareto Archive: 10
  ALNS weights: Destroy=['2.32', '2.34', '2.89', '1.67', '2.11'] Repair=['1.85', '2.56', '2.37']
[PACO+ALNS ] Iteration 80/100 - Pareto Archive: 10
  ALNS weights: Destroy=['1.68', '1.88', '2.94', '1.58', '2.08'] Repair=['2.16', '1.91', '1.79']
[PACO+ALNS ] Iteration 90/100 - Pareto Archive: 10
  ALNS weights: Destroy=['1.91', '1.51', '2.77', '2.55', '2.71'] Repair=['2.48', '2.23', '2.30']
[PACO+ALNS ] Iteration 100/100 - Pareto Archive: 10
  ALNS weights: Destroy=['2.07', '1.91', '2.75', '2.41', '2.10'] Repair=['2.46', '1.88', '2.58']
[PACO+ALNS ] Iteration 10/100 - Pareto Archive: 8
  ALNS weights: Destroy=['2.24', '2.08', '2.39', '2.29', '2.75'] Repair=['1.97', '2.60', '1.87']
[PACO+ALNS ] Iteration 20/100 - Pareto Archive: 8
  ALNS weights: Destroy=['2.08', '2.33', '2.86', '1.68', '2.28'] Repair=['1.98', '2.18', '2.33']
[PACO+ALNS ] Iteration 30/100 - Pareto Archive: 10
  ALNS weights: Destroy=['2.16', '1.75', '2.91', '1.74', '2.81'] Repair=['2.26', '1.76', '2.19']
[PACO+ALNS ] Iteration 40/100 - Pareto Archive: 7
  ALNS weights: Destroy=['2.21', '2.60', '2.93', '1.79', '2.10'] Repair=['2.48', '2.34', '1.94']
[PACO+ALNS ] Iteration 50/100 - Pareto Archive: 10
  ALNS weights: Destroy=['1.93', '2.59', '2.52', '1.80', '2.04'] Repair=['1.88', '2.42', '2.33']
[PACO+ALNS ] Iteration 60/100 - Pareto Archive: 10
  ALNS weights: Destroy=['2.11', '1.98', '2.42', '1.61', '2.29'] Repair=['2.06', '2.30', '2.10']
[PACO+ALNS ] Iteration 70/100 - Pareto Archive: 10
  ALNS weights: Destroy=['1.57', '1.73', '2.87', '1.92', '2.14'] Repair=['2.36', '1.84', '1.29']
[PACO+ALNS ] Iteration 80/100 - Pareto Archive: 10
  ALNS weights: Destroy=['1.92', '2.40', '2.32', '2.18', '2.08'] Repair=['2.44', '2.21', '2.04']
[PACO+ALNS ] Iteration 90/100 - Pareto Archive: 10
  ALNS weights: Destroy=['1.25', '2.09', '2.58', '2.06', '1.62'] Repair=['1.43', '1.44', '2.75']
[PACO+ALNS ] Iteration 100/100 - Pareto Archive: 10
  ALNS weights: Destroy=['1.54', '2.39', '2.49', '1.65', '1.76'] Repair=['2.29', '2.01', '1.72']
[PACO+ALNS ] Iteration 10/100 - Pareto Archive: 9
  ALNS weights: Destroy=['2.44', '2.34', '1.87', '2.16', '2.04'] Repair=['2.22', '2.31', '2.13']
[PACO+ALNS ] Iteration 20/100 - Pareto Archive: 10
  ALNS weights: Destroy=['2.33', '2.30', '2.21', '1.83', '2.56'] Repair=['2.21', '2.05', '2.23']
[PACO+ALNS ] Iteration 30/100 - Pareto Archive: 10
  ALNS weights: Destroy=['2.21', '2.71', '2.35', '2.38', '2.01'] Repair=['2.58', '2.06', '2.72']
[PACO+ALNS ] Iteration 40/100 - Pareto Archive: 10
  ALNS weights: Destroy=['2.01', '2.09', '2.33', '1.80', '1.93'] Repair=['1.85', '1.96', '2.11']
[PACO+ALNS ] Iteration 50/100 - Pareto Archive: 10
  ALNS weights: Destroy=['1.82', '2.26', '2.13', '1.77', '2.02'] Repair=['2.20', '2.00', '1.75']
[PACO+ALNS ] Iteration 60/100 - Pareto Archive: 10
  ALNS weights: Destroy=['1.97', '2.24', '1.74', '2.43', '2.73'] Repair=['2.18', '2.14', '2.26']
[PACO+ALNS ] Iteration 70/100 - Pareto Archive: 10
  ALNS weights: Destroy=['1.72', '2.56', '2.99', '1.94', '2.42'] Repair=['2.60', '2.20', '2.12']
[PACO+ALNS ] Iteration 80/100 - Pareto Archive: 10
  ALNS weights: Destroy=['2.11', '2.33', '2.16', '2.34', '2.32'] Repair=['2.34', '2.00', '2.56']
[PACO+ALNS ] Iteration 90/100 - Pareto Archive: 10
  ALNS weights: Destroy=['2.50', '2.44', '2.78', '1.85', '2.78'] Repair=['2.63', '2.38', '2.47']
[PACO+ALNS ] Iteration 100/100 - Pareto Archive: 10
  ALNS weights: Destroy=['2.32', '1.90', '2.75', '1.80', '2.77'] Repair=['1.55', '2.82', '2.24']
[PACO+ALNS ] Iteration 10/100 - Pareto Archive: 9
  ALNS weights: Destroy=['2.64', '2.58', '2.22', '2.57', '2.67'] Repair=['2.78', '2.35', '2.73']
[PACO+ALNS ] Iteration 20/100 - Pareto Archive: 10
  ALNS weights: Destroy=['2.51', '1.98', '2.68', '2.65', '2.52'] Repair=['2.26', '2.52', '2.18']
[PACO+ALNS ] Iteration 30/100 - Pareto Archive: 9
  ALNS weights: Destroy=['1.96', '2.73', '1.71', '1.62', '2.71'] Repair=['1.45', '2.28', '2.81']
[PACO+ALNS ] Iteration 40/100 - Pareto Archive: 10
  ALNS weights: Destroy=['1.88', '2.19', '2.11', '2.19', '2.90'] Repair=['2.23', '1.84', '2.38']
[PACO+ALNS ] Iteration 50/100 - Pareto Archive: 10
  ALNS weights: Destroy=['2.14', '2.29', '2.97', '1.88', '2.19'] Repair=['2.23', '2.14', '2.05']
[PACO+ALNS ] Iteration 60/100 - Pareto Archive: 10
  ALNS weights: Destroy=['1.39', '1.85', '2.82', '1.99', '1.87'] Repair=['1.84', '1.79', '1.74']
[PACO+ALNS ] Iteration 70/100 - Pareto Archive: 10
  ALNS weights: Destroy=['1.63', '2.12', '2.52', '2.20', '2.38'] Repair=['1.78', '2.16', '2.03']
[PACO+ALNS ] Iteration 80/100 - Pareto Archive: 10
  ALNS weights: Destroy=['1.94', '2.15', '2.75', '2.03', '2.48'] Repair=['2.25', '2.41', '1.92']
[PACO+ALNS ] Iteration 90/100 - Pareto Archive: 10
  ALNS weights: Destroy=['1.30', '1.28', '2.54', '1.85', '2.16'] Repair=['1.87', '1.50', '1.44']
[PACO+ALNS ] Iteration 100/100 - Pareto Archive: 10
  ALNS weights: Destroy=['2.55', '2.27', '2.51', '2.15', '2.31'] Repair=['2.52', '2.33', '2.30']
[PACO+ALNS ] Iteration 10/100 - Pareto Archive: 10
  ALNS weights: Destroy=['2.07', '2.59', '2.42', '2.34', '2.41'] Repair=['1.76', '2.39', '2.58']
[PACO+ALNS ] Iteration 20/100 - Pareto Archive: 7
  ALNS weights: Destroy=['2.14', '2.65', '2.79', '2.14', '2.44'] Repair=['2.84', '2.05', '2.39']
[PACO+ALNS ] Iteration 30/100 - Pareto Archive: 10
  ALNS weights: Destroy=['1.78', '2.56', '2.55', '2.34', '2.41'] Repair=['2.52', '2.16', '2.02']
[PACO+ALNS ] Iteration 40/100 - Pareto Archive: 8
  ALNS weights: Destroy=['2.05', '2.74', '2.77', '2.14', '2.54'] Repair=['2.28', '2.52', '2.39']
[PACO+ALNS ] Iteration 50/100 - Pareto Archive: 10
  ALNS weights: Destroy=['1.60', '2.16', '2.96', '2.22', '2.76'] Repair=['2.11', '1.47', '2.39'][P-ACO-imp2] Iteration 10/100 - Archive: 4
[P-ACO-imp2] Iteration 20/100 - Archive: 7
[P-ACO-imp2] Iteration 30/100 - Archive: 8
[P-ACO-imp2] Iteration 40/100 - Archive: 6
[P-ACO-imp2] Iteration 50/100 - Archive: 6
[P-ACO-imp2] Iteration 60/100 - Archive: 7
[P-ACO-imp2] Iteration 70/100 - Archive: 6
[P-ACO-imp2] Iteration 80/100 - Archive: 7
[P-ACO-imp2] Iteration 90/100 - Archive: 9
[P-ACO-imp2] Iteration 100/100 - Archive: 9
[P-ACO-imp2] Iteration 10/100 - Archive: 8
[P-ACO-imp2] Iteration 20/100 - Archive: 12
[P-ACO-imp2] Iteration 30/100 - Archive: 12
[P-ACO-imp2] Iteration 40/100 - Archive: 12
[P-ACO-imp2] Iteration 50/100 - Archive: 10
[P-ACO-imp2] Iteration 60/100 - Archive: 9
[P-ACO-imp2] Iteration 70/100 - Archive: 10
[P-ACO-imp2] Iteration 80/100 - Archive: 12
[P-ACO-imp2] Iteration 90/100 - Archive: 12
[P-ACO-imp2] Iteration 100/100 - Archive: 11
[P-ACO-imp2] Iteration 10/100 - Archive: 7
[P-ACO-imp2] Iteration 20/100 - Archive: 11
[P-ACO-imp2] Iteration 30/100 - Archive: 10
[P-ACO-imp2] Iteration 40/100 - Archive: 12
[P-ACO-imp2] Iteration 50/100 - Archive: 12
[P-ACO-imp2] Iteration 60/100 - Archive: 9
[P-ACO-imp2] Iteration 70/100 - Archive: 9
[P-ACO-imp2] Iteration 80/100 - Archive: 7
[P-ACO-imp2] Iteration 90/100 - Archive: 7
[P-ACO-imp2] Iteration 100/100 - Archive: 9
[P-ACO-imp2] Iteration 10/100 - Archive: 8
[P-ACO-imp2] Iteration 20/100 - Archive: 10
[P-ACO-imp2] Iteration 30/100 - Archive: 10
[P-ACO-imp2] Iteration 40/100 - Archive: 7
[P-ACO-imp2] Iteration 50/100 - Archive: 11
[P-ACO-imp2] Iteration 60/100 - Archive: 8
[P-ACO-imp2] Iteration 70/100 - Archive: 11
[P-ACO-imp2] Iteration 80/100 - Archive: 12
[P-ACO-imp2] Iteration 90/100 - Archive: 12
[P-ACO-imp2] Iteration 100/100 - Archive: 12
[P-ACO-imp2] Iteration 10/100 - Archive: 5
[P-ACO-imp2] Iteration 20/100 - Archive: 12
[P-ACO-imp2] Iteration 30/100 - Archive: 10
[P-ACO-imp2] Iteration 40/100 - Archive: 10
[P-ACO-imp2] Iteration 50/100 - Archive: 10
[P-ACO-imp2] Iteration 60/100 - Archive: 11
[P-ACO-imp2] Iteration 70/100 - Archive: 11
[P-ACO-imp2] Iteration 80/100 - Archive: 11
[P-ACO-imp2] Iteration 90/100 - Archive: 11
[P-ACO-imp2] Iteration 100/100 - Archive: 12
[P-ACO-imp2] Iteration 10/100 - Archive: 7
[P-ACO-imp2] Iteration 20/100 - Archive: 12
[P-ACO-imp2] Iteration 30/100 - Archive: 11
[P-ACO-imp2] Iteration 40/100 - Archive: 9
[P-ACO-imp2] Iteration 50/100 - Archive: 12
[P-ACO-imp2] Iteration 60/100 - Archive: 12
[P-ACO-imp2] Iteration 70/100 - Archive: 12
[P-ACO-imp2] Iteration 80/100 - Archive: 12
[P-ACO-imp2] Iteration 90/100 - Archive: 12
[P-ACO-imp2] Iteration 100/100 - Archive: 10
[P-ACO-imp2] Iteration 10/100 - Archive: 5
[P-ACO-imp2] Iteration 20/100 - Archive: 8
[P-ACO-imp2] Iteration 30/100 - Archive: 8
[P-ACO-imp2] Iteration 40/100 - Archive: 8
[P-ACO-imp2] Iteration 50/100 - Archive: 9
[P-ACO-imp2] Iteration 60/100 - Archive: 10
[P-ACO-imp2] Iteration 70/100 - Archive: 10
[P-ACO-imp2] Iteration 80/100 - Archive: 11
[P-ACO-imp2] Iteration 90/100 - Archive: 12
[P-ACO-imp2] Iteration 100/100 - Archive: 10
[P-ACO-imp2] Iteration 10/100 - Archive: 8
[P-ACO-imp2] Iteration 20/100 - Archive: 11
[P-ACO-imp2] Iteration 30/100 - Archive: 12
[P-ACO-imp2] Iteration 40/100 - Archive: 12
[P-ACO-imp2] Iteration 50/100 - Archive: 9
[P-ACO-imp2] Iteration 60/100 - Archive: 11
[P-ACO-imp2] Iteration 70/100 - Archive: 11
[P-ACO-imp2] Iteration 80/100 - Archive: 10
[P-ACO-imp2] Iteration 90/100 - Archive: 11
[P-ACO-imp2] Iteration 100/100 - Archive: 12
[P-ACO-imp2] Iteration 10/100 - Archive: 5
[P-ACO-imp2] Iteration 20/100 - Archive: 9
[P-ACO-imp2] Iteration 30/100 - Archive: 7
[P-ACO-imp2] Iteration 40/100 - Archive: 8
[P-ACO-imp2] Iteration 50/100 - Archive: 12
[P-ACO-imp2] Iteration 60/100 - Archive: 12
[P-ACO-imp2] Iteration 70/100 - Archive: 12
[P-ACO-imp2] Iteration 80/100 - Archive: 12
[P-ACO-imp2] Iteration 90/100 - Archive: 12
[P-ACO-imp2] Iteration 100/100 - Archive: 12
[P-ACO-imp2] Iteration 10/100 - Archive: 12
[P-ACO-imp2] Iteration 20/100 - Archive: 12
[P-ACO-imp2] Iteration 30/100 - Archive: 12
[P-ACO-imp2] Iteration 40/100 - Archive: 12
[P-ACO-imp2] Iteration 50/100 - Archive: 12
[P-ACO-imp2] Iteration 60/100 - Archive: 12
[P-ACO-imp2] Iteration 70/100 - Archive: 12
[P-ACO-imp2] Iteration 80/100 - Archive: 12
[P-ACO-imp2] Iteration 90/100 - Archive: 12
[P-ACO-imp2] Iteration 100/100 - Archive: 12
  Route plotted and saved to: C:\Users\23992\FURP-2026-XinyueXie-Truck-Drone-Routing\src\experiments\PACO+ALNS\results\20260807_w8\routes_imp2_25c_RC101_2V_high_min_cost.png
  Route plotted and saved to: C:\Users\23992\FURP-2026-XinyueXie-Truck-Drone-Routing\src\experiments\PACO+ALNS\results\20260807_w8\routes_imp2_25c_RC101_2V_high_min_tardiness.png
  Route plotted and saved to: C:\Users\23992\FURP-2026-XinyueXie-Truck-Drone-Routing\src\experiments\PACO+ALNS\results\20260807_w8\routes_imp2_25c_RC101_2V_high_compromise.png
[done] 25c_RC101_2V_high imp2 time=15.7s cost=245.1 tard=1113.2 sols=10.9
[start] 50c_RC101_6V_medium w7 runs=10 max_iter=100 seed=20268807
[P-ACO-imp2] Iteration 10/100 - Archive: 8
[P-ACO-imp2] Iteration 20/100 - Archive: 11
[P-ACO-imp2] Iteration 30/100 - Archive: 11
[P-ACO-imp2] Iteration 40/100 - Archive: 12
[P-ACO-imp2] Iteration 50/100 - Archive: 12
[P-ACO-imp2] Iteration 60/100 - Archive: 12
[P-ACO-imp2] Iteration 70/100 - Archive: 12
[P-ACO-imp2] Iteration 80/100 - Archive: 11
[P-ACO-imp2] Iteration 90/100 - Archive: 12
[P-ACO-imp2] Iteration 100/100 - Archive: 12
[P-ACO-imp2] Iteration 10/100 - Archive: 7
[P-ACO-imp2] Iteration 20/100 - Archive: 10
[P-ACO-imp2] Iteration 30/100 - Archive: 12
[P-ACO-imp2] Iteration 40/100 - Archive: 11
[P-ACO-imp2] Iteration 50/100 - Archive: 12
[P-ACO-imp2] Iteration 60/100 - Archive: 12
[P-ACO-imp2] Iteration 70/100 - Archive: 12
[P-ACO-imp2] Iteration 80/100 - Archive: 10
[P-ACO-imp2] Iteration 90/100 - Archive: 10
[P-ACO-imp2] Iteration 100/100 - Archive: 10
[P-ACO-imp2] Iteration 10/100 - Archive: 5
[P-ACO-imp2] Iteration 20/100 - Archive: 7
[P-ACO-imp2] Iteration 30/100 - Archive: 7
[P-ACO-imp2] Iteration 40/100 - Archive: 9
[P-ACO-imp2] Iteration 50/100 - Archive: 10
[P-ACO-imp2] Iteration 60/100 - Archive: 12
[P-ACO-imp2] Iteration 70/100 - Archive: 12
[P-ACO-imp2] Iteration 80/100 - Archive: 12
[P-ACO-imp2] Iteration 90/100 - Archive: 9
[P-ACO-imp2] Iteration 100/100 - Archive: 9
[P-ACO-imp2] Iteration 10/100 - Archive: 10
[P-ACO-imp2] Iteration 20/100 - Archive: 12
[P-ACO-imp2] Iteration 30/100 - Archive: 12
[P-ACO-imp2] Iteration 40/100 - Archive: 12
[P-ACO-imp2] Iteration 50/100 - Archive: 12
[P-ACO-imp2] Iteration 60/100 - Archive: 12
[P-ACO-imp2] Iteration 70/100 - Archive: 12
[P-ACO-imp2] Iteration 80/100 - Archive: 12
[P-ACO-imp2] Iteration 90/100 - Archive: 12
[P-ACO-imp2] Iteration 100/100 - Archive: 11
[P-ACO-imp2] Iteration 10/100 - Archive: 12
[P-ACO-imp2] Iteration 20/100 - Archive: 4
[P-ACO-imp2] Iteration 30/100 - Archive: 5
[P-ACO-imp2] Iteration 40/100 - Archive: 7
[P-ACO-imp2] Iteration 50/100 - Archive: 8
[P-ACO-imp2] Iteration 60/100 - Archive: 9
[P-ACO-imp2] Iteration 70/100 - Archive: 10
[P-ACO-imp2] Iteration 80/100 - Archive: 11
[P-ACO-imp2] Iteration 90/100 - Archive: 11
[P-ACO-imp2] Iteration 100/100 - Archive: 11
[P-ACO-imp2] Iteration 10/100 - Archive: 3
[P-ACO-imp2] Iteration 20/100 - Archive: 7
[P-ACO-imp2] Iteration 30/100 - Archive: 8
[P-ACO-imp2] Iteration 40/100 - Archive: 9
[P-ACO-imp2] Iteration 50/100 - Archive: 10
[P-ACO-imp2] Iteration 60/100 - Archive: 8
[P-ACO-imp2] Iteration 70/100 - Archive: 7
[P-ACO-imp2] Iteration 80/100 - Archive: 7
[P-ACO-imp2] Iteration 90/100 - Archive: 6
[P-ACO-imp2] Iteration 100/100 - Archive: 6
[P-ACO-imp2] Iteration 10/100 - Archive: 6
[P-ACO-imp2] Iteration 20/100 - Archive: 7
[P-ACO-imp2] Iteration 30/100 - Archive: 8
[P-ACO-imp2] Iteration 40/100 - Archive: 9
[P-ACO-imp2] Iteration 50/100 - Archive: 9
[P-ACO-imp2] Iteration 60/100 - Archive: 9
[P-ACO-imp2] Iteration 70/100 - Archive: 12
[P-ACO-imp2] Iteration 80/100 - Archive: 10
[P-ACO-imp2] Iteration 90/100 - Archive: 12
[P-ACO-imp2] Iteration 100/100 - Archive: 12
[P-ACO-imp2] Iteration 10/100 - Archive: 10
[P-ACO-imp2] Iteration 20/100 - Archive: 10
[P-ACO-imp2] Iteration 30/100 - Archive: 11
[P-ACO-imp2] Iteration 40/100 - Archive: 12
[P-ACO-imp2] Iteration 50/100 - Archive: 11
[P-ACO-imp2] Iteration 60/100 - Archive: 12
[P-ACO-imp2] Iteration 70/100 - Archive: 12
[P-ACO-imp2] Iteration 80/100 - Archive: 12
[P-ACO-imp2] Iteration 90/100 - Archive: 10
[P-ACO-imp2] Iteration 100/100 - Archive: 10
[P-ACO-imp2] Iteration 10/100 - Archive: 7
[P-ACO-imp2] Iteration 20/100 - Archive: 7
[P-ACO-imp2] Iteration 30/100 - Archive: 7
[P-ACO-imp2] Iteration 40/100 - Archive: 5
[P-ACO-imp2] Iteration 50/100 - Archive: 5
[P-ACO-imp2] Iteration 60/100 - Archive: 5
[P-ACO-imp2] Iteration 70/100 - Archive: 6
[P-ACO-imp2] Iteration 80/100 - Archive: 4
[P-ACO-imp2] Iteration 90/100 - Archive: 5
[P-ACO-imp2] Iteration 100/100 - Archive: 6
[P-ACO-imp2] Iteration 10/100 - Archive: 8
[P-ACO-imp2] Iteration 20/100 - Archive: 8
[P-ACO-imp2] Iteration 30/100 - Archive: 8
[P-ACO-imp2] Iteration 40/100 - Archive: 9
[P-ACO-imp2] Iteration 50/100 - Archive: 9
[P-ACO-imp2] Iteration 60/100 - Archive: 9
[P-ACO-imp2] Iteration 70/100 - Archive: 9
[P-ACO-imp2] Iteration 80/100 - Archive: 10
[P-ACO-imp2] Iteration 90/100 - Archive: 11
[P-ACO-imp2] Iteration 100/100 - Archive: 10
  Route plotted and saved to: C:\Users\23992\FURP-2026-XinyueXie-Truck-Drone-Routing\src\experiments\PACO+ALNS\results\20260807_w8\routes_imp2_25c_RC201_2V_high_min_cost.png
  Route plotted and saved to: C:\Users\23992\FURP-2026-XinyueXie-Truck-Drone-Routing\src\experiments\PACO+ALNS\results\20260807_w8\routes_imp2_25c_RC201_2V_high_min_tardiness.png
  Route plotted and saved to: C:\Users\23992\FURP-2026-XinyueXie-Truck-Drone-Routing\src\experiments\PACO+ALNS\results\20260807_w8\routes_imp2_25c_RC201_2V_high_compromise.png
[done] 25c_RC201_2V_high imp2 time=16.4s cost=263.2 tard=2396.2 sols=9.7
[start] 50c_RC101_6V_high nsga2 runs=10 max_iter=100 seed=20269805
Generation 20/100, Population size: 97
Generation 40/100, Population size: 85
Generation 60/100, Population size: 100
Generation 80/100, Population size: 100
Generation 100/100, Population size: 100
Generation 20/100, Population size: 78
Generation 40/100, Population size: 96
Generation 60/100, Population size: 88
Generation 80/100, Population size: 100
Generation 100/100, Population size: 96
Generation 20/100, Population size: 78
Generation 40/100, Population size: 83
Generation 60/100, Population size: 100
Generation 80/100, Population size: 100
Generation 100/100, Population size: 100
Generation 20/100, Population size: 68
Generation 40/100, Population size: 78
Generation 60/100, Population size: 84
Generation 80/100, Population size: 100
Generation 100/100, Population size: 93
Generation 20/100, Population size: 98
Generation 40/100, Population size: 91
Generation 60/100, Population size: 98
Generation 80/100, Population size: 100
Generation 100/100, Population size: 100
Generation 20/100, Population size: 57
Generation 40/100, Population size: 100
Generation 60/100, Population size: 97
Generation 80/100, Population size: 91
Generation 100/100, Population size: 100
Generation 20/100, Population size: 74
Generation 40/100, Population size: 96
Generation 60/100, Population size: 96
Generation 80/100, Population size: 100
Generation 100/100, Population size: 100
Generation 20/100, Population size: 60
Generation 40/100, Population size: 96
Generation 60/100, Population size: 92
Generation 80/100, Population size: 100
Generation 100/100, Population size: 100
Generation 20/100, Population size: 60
Generation 40/100, Population size: 90
Generation 60/100, Population size: 89
Generation 80/100, Population size: 90
Generation 100/100, Population size: 100
Generation 20/100, Population size: 67
Generation 40/100, Population size: 66
Generation 60/100, Population size: 100
Generation 80/100, Population size: 100
Generation 100/100, Population size: 100
  Route plotted and saved to: C:\Users\23992\FURP-2026-XinyueXie-Truck-Drone-Routing\src\experiments\PACO+ALNS\results\20260807_w8\routes_nsga2_50c_RC101_6V_medium_min_cost.png
  Route plotted and saved to: C:\Users\23992\FURP-2026-XinyueXie-Truck-Drone-Routing\src\experiments\PACO+ALNS\results\20260807_w8\routes_nsga2_50c_RC101_6V_medium_min_tardiness.png
  Route plotted and saved to: C:\Users\23992\FURP-2026-XinyueXie-Truck-Drone-Routing\src\experiments\PACO+ALNS\results\20260807_w8\routes_nsga2_50c_RC101_6V_medium_compromise.png
[done] 50c_RC101_6V_medium nsga2 time=6.3s cost=983.7 tard=735.7 sols=37.3
[start] 50c_RC101_6V_high imp2 runs=10 max_iter=100 seed=20269806
[PACO+ALNS ] Iteration 10/100 - Pareto Archive: 7
  ALNS weights: Destroy=['2.68', '1.97', '1.95', '1.67', '2.45'] Repair=['1.80', '2.10', '2.44']
[PACO+ALNS ] Iteration 20/100 - Pareto Archive: 9
  ALNS weights: Destroy=['1.74', '2.38', '2.21', '2.16', '2.38'] Repair=['2.10', '2.18', '2.24']
[PACO+ALNS ] Iteration 30/100 - Pareto Archive: 9
  ALNS weights: Destroy=['2.10', '2.41', '2.63', '2.05', '2.63'] Repair=['2.32', '2.47', '2.25']
[PACO+ALNS ] Iteration 40/100 - Pareto Archive: 10
  ALNS weights: Destroy=['1.93', '1.86', '2.47', '1.95', '1.61'] Repair=['2.13', '1.94', '1.73']
[PACO+ALNS ] Iteration 50/100 - Pareto Archive: 10
  ALNS weights: Destroy=['1.33', '2.57', '2.05', '2.07', '2.24'] Repair=['2.45', '1.66', '2.26']
[PACO+ALNS ] Iteration 60/100 - Pareto Archive: 10
  ALNS weights: Destroy=['2.23', '2.57', '2.35', '2.26', '2.45'] Repair=['2.38', '2.92', '1.77']
[PACO+ALNS ] Iteration 70/100 - Pareto Archive: 10
  ALNS weights: Destroy=['1.75', '1.78', '2.67', '2.02', '2.49'] Repair=['1.88', '2.14', '2.13']
[PACO+ALNS ] Iteration 80/100 - Pareto Archive: 10
  ALNS weights: Destroy=['1.77', '2.26', '2.28', '2.24', '2.26'] Repair=['1.83', '2.57', '1.53']
[PACO+ALNS ] Iteration 90/100 - Pareto Archive: 10
  ALNS weights: Destroy=['1.40', '2.40', '2.24', '2.16', '2.36'] Repair=['1.87', '2.26', '2.24']
[PACO+ALNS ] Iteration 100/100 - Pareto Archive: 10
  ALNS weights: Destroy=['1.71', '2.92', '1.95', '1.52', '2.57'] Repair=['1.89', '2.37', '2.19']
[PACO+ALNS ] Iteration 10/100 - Pareto Archive: 9
  ALNS weights: Destroy=['2.22', '2.27', '2.21', '2.56', '1.90'] Repair=['2.50', '2.13', '2.36']
[PACO+ALNS ] Iteration 20/100 - Pareto Archive: 6
  ALNS weights: Destroy=['2.40', '2.65', '2.01', '2.23', '2.64'] Repair=['2.20', '2.59', '2.11']
[PACO+ALNS ] Iteration 30/100 - Pareto Archive: 9
  ALNS weights: Destroy=['2.36', '2.35', '2.50', '1.86', '2.63'] Repair=['2.32', '2.07', '2.18']
[PACO+ALNS ] Iteration 40/100 - Pareto Archive: 10
  ALNS weights: Destroy=['2.83', '2.11', '2.87', '2.25', '2.52'] Repair=['2.86', '2.58', '2.27']
[PACO+ALNS ] Iteration 50/100 - Pareto Archive: 10
  ALNS weights: Destroy=['2.19', '2.54', '2.73', '2.28', '2.22'] Repair=['2.08', '2.64', '2.24']
[PACO+ALNS ] Iteration 60/100 - Pareto Archive: 10
  ALNS weights: Destroy=['1.84', '2.26', '2.88', '1.67', '2.10'] Repair=['2.27', '1.70', '1.90']
[PACO+ALNS ] Iteration 70/100 - Pareto Archive: 10
  ALNS weights: Destroy=['1.80', '1.54', '2.34', '1.57', '2.35'] Repair=['1.67', '1.96', '1.82']
[PACO+ALNS ] Iteration 80/100 - Pareto Archive: 10
  ALNS weights: Destroy=['1.49', '1.87', '2.64', '2.23', '2.42'] Repair=['2.17', '2.14', '1.54']
[PACO+ALNS ] Iteration 90/100 - Pareto Archive: 10
  ALNS weights: Destroy=['2.56', '2.44', '2.96', '1.98', '2.18'] Repair=['2.29', '2.45', '2.56']
[PACO+ALNS ] Iteration 100/100 - Pareto Archive: 10
  ALNS weights: Destroy=['2.53', '2.53', '2.94', '1.92', '2.08'] Repair=['2.34', '2.58', '2.49']
[PACO+ALNS ] Iteration 10/100 - Pareto Archive: 10
  ALNS weights: Destroy=['1.88', '2.73', '2.55', '2.38', '2.59'] Repair=['2.16', '2.80', '2.17']
[PACO+ALNS ] Iteration 20/100 - Pareto Archive: 6
  ALNS weights: Destroy=['2.05', '2.95', '2.67', '2.54', '2.89'] Repair=['2.86', '2.66', '2.22']
[PACO+ALNS ] Iteration 30/100 - Pareto Archive: 8
  ALNS weights: Destroy=['2.36', '2.12', '2.76', '2.09', '2.74'] Repair=['2.29', '2.30', '2.25']
[PACO+ALNS ] Iteration 40/100 - Pareto Archive: 10
  ALNS weights: Destroy=['2.30', '2.49', '2.57', '2.20', '2.17'] Repair=['2.26', '2.64', '2.36']
[PACO+ALNS ] Iteration 50/100 - Pareto Archive: 10
  ALNS weights: Destroy=['1.96', '1.70', '2.24', '2.30', '2.68'] Repair=['2.47', '2.21', '2.00']
[PACO+ALNS ] Iteration 60/100 - Pareto Archive: 10
  ALNS weights: Destroy=['1.68', '2.12', '2.29', '2.42', '2.34'] Repair=['2.16', '2.36', '2.21']
[PACO+ALNS ] Iteration 70/100 - Pareto Archive: 10
  ALNS weights: Destroy=['2.04', '2.11', '2.51', '1.94', '2.72'] Repair=['2.25', '2.12', '2.11']
[PACO+ALNS ] Iteration 80/100 - Pareto Archive: 10
  ALNS weights: Destroy=['1.10', '2.05', '1.93', '1.54', '2.01'] Repair=['1.56', '1.72', '1.30']
[PACO+ALNS ] Iteration 90/100 - Pareto Archive: 10
  ALNS weights: Destroy=['1.90', '2.40', '2.72', '2.00', '1.72'] Repair=['2.81', '2.19', '1.86']
[PACO+ALNS ] Iteration 100/100 - Pareto Archive: 10
  ALNS weights: Destroy=['2.09', '1.87', '2.70', '1.95', '1.69'] Repair=['1.48', '2.16', '2.51']
[PACO+ALNS ] Iteration 10/100 - Pareto Archive: 10
  ALNS weights: Destroy=['1.61', '1.74', '2.99', '1.40', '2.20'] Repair=['1.83', '1.53', '1.67']
[PACO+ALNS ] Iteration 20/100 - Pareto Archive: 10
  ALNS weights: Destroy=['2.51', '2.33', '1.97', '2.17', '2.78'] Repair=['2.24', '1.85', '2.48']
[PACO+ALNS ] Iteration 30/100 - Pareto Archive: 10
  ALNS weights: Destroy=['2.03', '2.56', '2.73', '2.38', '2.40'] Repair=['2.70', '2.10', '2.49']
[PACO+ALNS ] Iteration 40/100 - Pareto Archive: 10
  ALNS weights: Destroy=['1.78', '2.23', '2.69', '2.03', '2.70'] Repair=['2.21', '1.99', '1.89']
[PACO+ALNS ] Iteration 50/100 - Pareto Archive: 9
  ALNS weights: Destroy=['1.54', '2.39', '3.20', '2.24', '2.23'] Repair=['2.11', '2.11', '2.45']
[PACO+ALNS ] Iteration 60/100 - Pareto Archive: 10
  ALNS weights: Destroy=['1.20', '1.72', '2.50', '1.89', '2.40'] Repair=['2.02', '1.83', '1.71']
[PACO+ALNS ] Iteration 70/100 - Pareto Archive: 10
  ALNS weights: Destroy=['2.01', '2.11', '2.76', '1.96', '2.44'] Repair=['2.45', '2.00', '1.94']
[PACO+ALNS ] Iteration 80/100 - Pareto Archive: 10
  ALNS weights: Destroy=['1.66', '2.30', '2.58', '1.63', '2.05'] Repair=['2.04', '1.65', '2.15']
[PACO+ALNS ] Iteration 90/100 - Pareto Archive: 10
  ALNS weights: Destroy=['2.14', '2.42', '2.52', '2.32', '1.42'] Repair=['2.49', '2.12', '2.14']
[PACO+ALNS ] Iteration 100/100 - Pareto Archive: 10
  ALNS weights: Destroy=['2.11', '2.00', '2.28', '1.88', '2.33'] Repair=['1.94', '2.15', '2.09']
[PACO+ALNS ] Iteration 10/100 - Pareto Archive: 7
  ALNS weights: Destroy=['1.46', '2.44', '1.91', '2.29', '1.97'] Repair=['2.35', '1.56', '1.89']
[PACO+ALNS ] Iteration 20/100 - Pareto Archive: 10
  ALNS weights: Destroy=['1.85', '2.58', '2.92', '1.83', '2.55'] Repair=['2.14', '2.28', '2.11']
[PACO+ALNS ] Iteration 30/100 - Pareto Archive: 8
  ALNS weights: Destroy=['2.32', '2.16', '2.76', '1.71', '2.00'] Repair=['2.35', '2.24', '1.94']
[PACO+ALNS ] Iteration 40/100 - Pareto Archive: 10
  ALNS weights: Destroy=['2.09', '2.16', '2.46', '1.71', '2.36'] Repair=['2.51', '1.61', '2.44']
[PACO+ALNS ] Iteration 50/100 - Pareto Archive: 10
  ALNS weights: Destroy=['1.61', '1.80', '2.27', '2.71', '2.48'] Repair=['2.03', '2.53', '1.85']
[PACO+ALNS ] Iteration 60/100 - Pareto Archive: 10
  ALNS weights: Destroy=['1.92', '1.67', '2.05', '2.35', '1.68'] Repair=['1.72', '2.10', '1.97']
[PACO+ALNS ] Iteration 70/100 - Pareto Archive: 10
  ALNS weights: Destroy=['2.08', '2.30', '2.30', '2.06', '2.20'] Repair=['1.94', '2.41', '2.41']
[PACO+ALNS ] Iteration 80/100 - Pareto Archive: 10
  ALNS weights: Destroy=['1.97', '1.45', '2.45', '1.34', '1.58'] Repair=['1.37', '2.12', '1.70']
[PACO+ALNS ] Iteration 90/100 - Pareto Archive: 10
  ALNS weights: Destroy=['1.45', '2.07', '1.92', '2.42', '1.87'] Repair=['2.24', '1.85', '1.69']
[PACO+ALNS ] Iteration 100/100 - Pareto Archive: 10
  ALNS weights: Destroy=['1.83', '1.76', '1.79', '1.29', '1.19'] Repair=['1.66', '1.90', '1.28']
[PACO+ALNS ] Iteration 10/100 - Pareto Archive: 10
  ALNS weights: Destroy=['1.47', '1.76', '2.78', '2.55', '2.62'] Repair=['1.95', '2.39', '2.14']
[PACO+ALNS ] Iteration 20/100 - Pareto Archive: 10
  ALNS weights: Destroy=['2.05', '2.43', '2.42', '1.89', '2.63'] Repair=['1.84', '2.44', '2.21']
[PACO+ALNS ] Iteration 30/100 - Pareto Archive: 10
  ALNS weights: Destroy=['2.55', '2.22', '2.91', '1.54', '2.55'] Repair=['1.56', '2.36', '2.35']
[PACO+ALNS ] Iteration 40/100 - Pareto Archive: 10
  ALNS weights: Destroy=['1.60', '2.42', '2.74', '1.79', '2.70'] Repair=['2.16', '1.92', '2.06']
[PACO+ALNS ] Iteration 50/100 - Pareto Archive: 10
  ALNS weights: Destroy=['2.20', '2.40', '2.38', '2.46', '2.69'] Repair=['2.21', '2.42', '2.45'][PACO+ALNS ] Iteration 10/100 - Pareto Archive: 10
  ALNS weights: Destroy=['1.98', '1.83', '2.72', '2.26', '2.28'] Repair=['2.44', '1.60', '2.39']
[PACO+ALNS ] Iteration 20/100 - Pareto Archive: 9
  ALNS weights: Destroy=['1.69', '2.40', '1.48', '2.46', '2.34'] Repair=['2.26', '1.94', '1.81']
[PACO+ALNS ] Iteration 30/100 - Pareto Archive: 10
  ALNS weights: Destroy=['1.78', '2.42', '2.93', '1.98', '2.48'] Repair=['1.90', '2.70', '1.94']
[PACO+ALNS ] Iteration 40/100 - Pareto Archive: 10
  ALNS weights: Destroy=['2.14', '2.55', '2.49', '1.49', '1.95'] Repair=['2.37', '2.32', '2.41']
[PACO+ALNS ] Iteration 50/100 - Pareto Archive: 10
  ALNS weights: Destroy=['2.29', '1.81', '2.78', '2.32', '1.49'] Repair=['2.49', '2.29', '1.69']
[PACO+ALNS ] Iteration 60/100 - Pareto Archive: 10
  ALNS weights: Destroy=['2.08', '2.43', '2.86', '2.49', '2.30'] Repair=['2.27', '2.72', '2.28']
[PACO+ALNS ] Iteration 70/100 - Pareto Archive: 9
  ALNS weights: Destroy=['1.98', '1.64', '1.25', '1.66', '1.45'] Repair=['1.66', '1.92', '1.28']
[PACO+ALNS ] Iteration 80/100 - Pareto Archive: 10
  ALNS weights: Destroy=['1.71', '1.71', '2.78', '1.32', '1.59'] Repair=['1.76', '1.74', '1.66']
[PACO+ALNS ] Iteration 90/100 - Pareto Archive: 10
  ALNS weights: Destroy=['1.70', '1.91', '2.99', '2.03', '1.27'] Repair=['1.94', '1.84', '1.82']
[PACO+ALNS ] Iteration 100/100 - Pareto Archive: 10
  ALNS weights: Destroy=['1.40', '1.93', '2.73', '1.34', '1.27'] Repair=['1.94', '1.61', '1.85']
[PACO+ALNS ] Iteration 10/100 - Pareto Archive: 10
  ALNS weights: Destroy=['1.72', '1.96', '2.02', '1.96', '1.98'] Repair=['1.51', '1.82', '2.40']
[PACO+ALNS ] Iteration 20/100 - Pareto Archive: 10
  ALNS weights: Destroy=['2.15', '1.99', '2.73', '1.86', '2.36'] Repair=['2.40', '1.88', '1.84']
[PACO+ALNS ] Iteration 30/100 - Pareto Archive: 7
  ALNS weights: Destroy=['2.16', '2.66', '2.63', '2.31', '2.70'] Repair=['2.63', '2.10', '2.50']
[PACO+ALNS ] Iteration 40/100 - Pareto Archive: 10
  ALNS weights: Destroy=['1.64', '2.75', '2.73', '1.69', '2.40'] Repair=['2.35', '2.59', '2.11']
[PACO+ALNS ] Iteration 50/100 - Pareto Archive: 10
  ALNS weights: Destroy=['1.76', '2.08', '2.15', '1.81', '2.84'] Repair=['1.48', '2.52', '1.99']
[PACO+ALNS ] Iteration 60/100 - Pareto Archive: 10
  ALNS weights: Destroy=['1.66', '1.66', '2.63', '2.32', '2.43'] Repair=['2.49', '1.84', '1.62']
[PACO+ALNS ] Iteration 70/100 - Pareto Archive: 10
  ALNS weights: Destroy=['1.43', '1.59', '2.64', '1.96', '1.92'] Repair=['1.55', '1.50', '1.74']
[PACO+ALNS ] Iteration 80/100 - Pareto Archive: 10
  ALNS weights: Destroy=['1.56', '1.92', '2.67', '1.90', '2.35'] Repair=['1.85', '1.69', '1.71']
[PACO+ALNS ] Iteration 90/100 - Pareto Archive: 10
  ALNS weights: Destroy=['1.96', '1.85', '2.82', '1.77', '1.73'] Repair=['1.88', '2.31', '1.97']
[PACO+ALNS ] Iteration 100/100 - Pareto Archive: 10
  ALNS weights: Destroy=['1.52', '2.42', '1.82', '2.07', '1.90'] Repair=['2.28', '2.22', '1.56']
[PACO+ALNS ] Iteration 10/100 - Pareto Archive: 8
  ALNS weights: Destroy=['1.73', '2.28', '1.84', '2.24', '2.78'] Repair=['1.87', '2.11', '2.23']
[PACO+ALNS ] Iteration 20/100 - Pareto Archive: 10
  ALNS weights: Destroy=['1.80', '2.24', '2.87', '2.00', '2.65'] Repair=['2.34', '2.77', '2.04']
[PACO+ALNS ] Iteration 30/100 - Pareto Archive: 10
  ALNS weights: Destroy=['1.80', '2.29', '2.80', '2.60', '2.50'] Repair=['2.11', '2.82', '2.30']
[PACO+ALNS ] Iteration 40/100 - Pareto Archive: 10
  ALNS weights: Destroy=['2.49', '1.46', '2.56', '1.97', '2.17'] Repair=['2.11', '2.24', '2.13']
[PACO+ALNS ] Iteration 50/100 - Pareto Archive: 10
  ALNS weights: Destroy=['1.84', '1.83', '2.16', '2.42', '2.19'] Repair=['1.98', '2.03', '2.38']
[PACO+ALNS ] Iteration 60/100 - Pareto Archive: 10
  ALNS weights: Destroy=['1.44', '1.98', '2.10', '2.18', '2.31'] Repair=['1.87', '1.84', '2.01']
[PACO+ALNS ] Iteration 70/100 - Pareto Archive: 10
  ALNS weights: Destroy=['1.95', '1.59', '1.84', '1.57', '2.19'] Repair=['1.50', '2.08', '1.68']
[PACO+ALNS ] Iteration 80/100 - Pareto Archive: 10
  ALNS weights: Destroy=['2.13', '1.89', '1.96', '2.18', '2.68'] Repair=['1.87', '1.95', '2.66']
[PACO+ALNS ] Iteration 90/100 - Pareto Archive: 9
  ALNS weights: Destroy=['2.27', '2.12', '1.59', '1.78', '2.62'] Repair=['2.30', '2.00', '1.42']
[PACO+ALNS ] Iteration 100/100 - Pareto Archive: 10
  ALNS weights: Destroy=['1.49', '1.54', '2.74', '1.27', '2.27'] Repair=['1.30', '1.50', '1.71']
[PACO+ALNS ] Iteration 10/100 - Pareto Archive: 10
  ALNS weights: Destroy=['1.35', '2.31', '2.96', '2.05', '2.69'] Repair=['2.15', '2.16', '1.82']
[PACO+ALNS ] Iteration 20/100 - Pareto Archive: 10
  ALNS weights: Destroy=['1.90', '1.83', '2.50', '1.82', '2.38'] Repair=['1.77', '2.12', '1.84']
[PACO+ALNS ] Iteration 30/100 - Pareto Archive: 10
  ALNS weights: Destroy=['1.46', '2.19', '2.73', '1.59', '2.72'] Repair=['1.90', '1.98', '1.86']
[PACO+ALNS ] Iteration 40/100 - Pareto Archive: 10
  ALNS weights: Destroy=['2.17', '2.22', '2.75', '2.33', '2.66'] Repair=['2.77', '2.10', '2.11']
[PACO+ALNS ] Iteration 50/100 - Pareto Archive: 10
  ALNS weights: Destroy=['1.54', '2.16', '1.70', '1.41', '2.29'] Repair=['1.64', '2.19', '1.49']
[PACO+ALNS ] Iteration 60/100 - Pareto Archive: 10
  ALNS weights: Destroy=['1.66', '2.30', '1.91', '1.32', '2.60'] Repair=['1.34', '2.39', '1.91']
[PACO+ALNS ] Iteration 70/100 - Pareto Archive: 10
  ALNS weights: Destroy=['1.42', '2.38', '2.05', '2.16', '2.59'] Repair=['1.91', '2.23', '2.18']
[PACO+ALNS ] Iteration 80/100 - Pareto Archive: 10
  ALNS weights: Destroy=['1.98', '1.99', '1.79', '1.55', '2.91'] Repair=['1.96', '1.86', '1.88']
[PACO+ALNS ] Iteration 90/100 - Pareto Archive: 10
  ALNS weights: Destroy=['1.24', '1.44', '1.86', '1.59', '2.94'] Repair=['1.65', '1.46', '1.42']
[PACO+ALNS ] Iteration 100/100 - Pareto Archive: 10
  ALNS weights: Destroy=['1.17', '1.21', '2.45', '1.62', '2.43'] Repair=['1.35', '1.43', '1.48']
[PACO+ALNS ] Iteration 10/100 - Pareto Archive: 10
  ALNS weights: Destroy=['1.49', '2.26', '2.98', '2.55', '2.53'] Repair=['2.22', '2.43', '2.03']
[PACO+ALNS ] Iteration 20/100 - Pareto Archive: 6
  ALNS weights: Destroy=['1.83', '1.96', '2.27', '1.97', '2.32'] Repair=['2.03', '1.90', '1.93']
[PACO+ALNS ] Iteration 30/100 - Pareto Archive: 7
  ALNS weights: Destroy=['1.72', '2.39', '2.85', '2.24', '2.53'] Repair=['2.36', '2.11', '1.87']
[PACO+ALNS ] Iteration 40/100 - Pareto Archive: 8
  ALNS weights: Destroy=['1.69', '2.26', '2.76', '2.33', '2.57'] Repair=['2.11', '2.11', '2.28']
[PACO+ALNS ] Iteration 50/100 - Pareto Archive: 9
  ALNS weights: Destroy=['1.47', '2.08', '2.82', '1.64', '2.78'] Repair=['1.84', '2.02', '1.69']
[PACO+ALNS ] Iteration 60/100 - Pareto Archive: 10
  ALNS weights: Destroy=['1.57', '1.96', '2.69', '1.80', '2.65'] Repair=['1.52', '1.81', '2.16']
[PACO+ALNS ] Iteration 70/100 - Pareto Archive: 10
  ALNS weights: Destroy=['1.68', '1.74', '2.77', '1.43', '2.19'] Repair=['1.34', '1.87', '1.63']
[PACO+ALNS ] Iteration 80/100 - Pareto Archive: 10
  ALNS weights: Destroy=['1.56', '1.69', '2.96', '1.32', '1.89'] Repair=['1.49', '1.75', '1.61']
[PACO+ALNS ] Iteration 90/100 - Pareto Archive: 10
  ALNS weights: Destroy=['1.99', '2.24', '2.41', '2.20', '2.10'] Repair=['2.26', '2.10', '2.31']
[PACO+ALNS ] Iteration 100/100 - Pareto Archive: 10
  ALNS weights: Destroy=['1.94', '2.17', '2.21', '1.50', '1.17'] Repair=['2.16', '1.70', '1.83']
[PACO+ALNS ] Iteration 10/100 - Pareto Archive: 10
  ALNS weights: Destroy=['1.95', '2.36', '2.67', '2.14', '2.39'] Repair=['2.56', '1.87', '2.32']
[PACO+ALNS ] Iteration 20/100 - Pareto Archive: 8
  ALNS weights: Destroy=['1.50', '2.67', '2.19', '2.29', '2.29'] Repair=['2.10', '2.11', '2.16']
[PACO+ALNS ] Iteration 30/100 - Pareto Archive: 10
  ALNS weights: Destroy=['1.94', '2.38', '2.00', '2.46', '1.98'] Repair=['2.22', '2.08', '2.34']
[PACO+ALNS ] Iteration 40/100 - Pareto Archive: 10
  ALNS weights: Destroy=['2.00', '2.41', '2.30', '1.92', '1.63'] Repair=['2.12', '2.18', '2.19']
[PACO+ALNS ] Iteration 50/100 - Pareto Archive: 10
  ALNS weights: Destroy=['1.56', '2.28', '2.57', '1.82', '2.44'] Repair=['2.28', '1.76', '2.29']Generation 20/100, Population size: 76
Generation 40/100, Population size: 83
Generation 60/100, Population size: 100
Generation 80/100, Population size: 100
Generation 100/100, Population size: 100
Generation 20/100, Population size: 83
Generation 40/100, Population size: 87
Generation 60/100, Population size: 92
Generation 80/100, Population size: 100
Generation 100/100, Population size: 100
Generation 20/100, Population size: 82
Generation 40/100, Population size: 74
Generation 60/100, Population size: 100
Generation 80/100, Population size: 100
Generation 100/100, Population size: 100
Generation 20/100, Population size: 88
Generation 40/100, Population size: 80
Generation 60/100, Population size: 82
Generation 80/100, Population size: 100
Generation 100/100, Population size: 100
Generation 20/100, Population size: 100
Generation 40/100, Population size: 87
Generation 60/100, Population size: 100
Generation 80/100, Population size: 63
Generation 100/100, Population size: 85
Generation 20/100, Population size: 58
Generation 40/100, Population size: 100
Generation 60/100, Population size: 85
Generation 80/100, Population size: 100
Generation 100/100, Population size: 100
Generation 20/100, Population size: 63
Generation 40/100, Population size: 83
Generation 60/100, Population size: 93
Generation 80/100, Population size: 100
Generation 100/100, Population size: 100
Generation 20/100, Population size: 79
Generation 40/100, Population size: 81
Generation 60/100, Population size: 89
Generation 80/100, Population size: 93
Generation 100/100, Population size: 100
Generation 20/100, Population size: 81
Generation 40/100, Population size: 100
Generation 60/100, Population size: 95
Generation 80/100, Population size: 92
Generation 100/100, Population size: 100
Generation 20/100, Population size: 82
Generation 40/100, Population size: 100
Generation 60/100, Population size: 100
Generation 80/100, Population size: 100
Generation 100/100, Population size: 100
  Route plotted and saved to: C:\Users\23992\FURP-2026-XinyueXie-Truck-Drone-Routing\src\experiments\PACO+ALNS\results\20260807_w8\routes_nsga2_50c_RC101_6V_high_min_cost.png
  Route plotted and saved to: C:\Users\23992\FURP-2026-XinyueXie-Truck-Drone-Routing\src\experiments\PACO+ALNS\results\20260807_w8\routes_nsga2_50c_RC101_6V_high_min_tardiness.png
  Route plotted and saved to: C:\Users\23992\FURP-2026-XinyueXie-Truck-Drone-Routing\src\experiments\PACO+ALNS\results\20260807_w8\routes_nsga2_50c_RC101_6V_high_compromise.png
[done] 50c_RC101_6V_high nsga2 time=5.9s cost=984.8 tard=706.6 sols=37.4
[start] 50c_RC101_6V_high w7 runs=10 max_iter=100 seed=20269807

[PACO+ALNS ] Iteration 60/100 - Pareto Archive: 10
  ALNS weights: Destroy=['1.30', '1.95', '2.09', '2.12', '2.53'] Repair=['1.87', '1.77', '1.94']
[PACO+ALNS ] Iteration 70/100 - Pareto Archive: 10
  ALNS weights: Destroy=['1.49', '2.70', '1.98', '1.62', '2.23'] Repair=['1.69', '2.45', '1.50']
[PACO+ALNS ] Iteration 80/100 - Pareto Archive: 10
  ALNS weights: Destroy=['2.03', '1.84', '1.58', '1.59', '1.61'] Repair=['1.98', '1.73', '1.46']
[PACO+ALNS ] Iteration 90/100 - Pareto Archive: 10
  ALNS weights: Destroy=['1.49', '2.19', '2.04', '2.30', '2.05'] Repair=['2.40', '1.34', '2.45']
[PACO+ALNS ] Iteration 100/100 - Pareto Archive: 10
  ALNS weights: Destroy=['1.60', '1.07', '1.68', '1.56', '1.87'] Repair=['1.61', '1.34', '1.22']
[PACO+ALNS ] Iteration 10/100 - Pareto Archive: 8
  ALNS weights: Destroy=['1.74', '2.47', '2.20', '1.92', '2.79'] Repair=['2.00', '2.12', '2.06']
[PACO+ALNS ] Iteration 20/100 - Pareto Archive: 10
  ALNS weights: Destroy=['1.77', '1.61', '2.88', '2.05', '2.62'] Repair=['1.98', '2.13', '2.25']
[PACO+ALNS ] Iteration 30/100 - Pareto Archive: 9
  ALNS weights: Destroy=['1.89', '1.97', '2.48', '2.26', '2.36'] Repair=['1.99', '2.46', '1.96']
[PACO+ALNS ] Iteration 40/100 - Pareto Archive: 10
  ALNS weights: Destroy=['2.14', '2.06', '1.85', '2.50', '2.49'] Repair=['2.05', '2.11', '2.29']
[PACO+ALNS ] Iteration 50/100 - Pareto Archive: 10
  ALNS weights: Destroy=['1.87', '1.69', '2.33', '1.42', '2.65'] Repair=['1.69', '1.48', '2.01']
[PACO+ALNS ] Iteration 60/100 - Pareto Archive: 9
  ALNS weights: Destroy=['1.52', '1.78', '2.87', '1.21', '1.58'] Repair=['1.40', '1.62', '1.72']
[PACO+ALNS ] Iteration 70/100 - Pareto Archive: 10
  ALNS weights: Destroy=['1.64', '1.84', '2.23', '1.33', '1.84'] Repair=['1.61', '2.11', '1.75']
[PACO+ALNS ] Iteration 80/100 - Pareto Archive: 10
  ALNS weights: Destroy=['2.04', '2.70', '2.49', '1.94', '2.05'] Repair=['2.57', '1.94', '2.49']
[PACO+ALNS ] Iteration 90/100 - Pareto Archive: 10
  ALNS weights: Destroy=['1.77', '1.21', '1.66', '1.09', '2.15'] Repair=['1.47', '1.98', '1.49']
[PACO+ALNS ] Iteration 100/100 - Pareto Archive: 10
  ALNS weights: Destroy=['1.58', '1.65', '1.99', '1.38', '2.00'] Repair=['1.98', '1.81', '1.40']
[PACO+ALNS ] Iteration 10/100 - Pareto Archive: 10
  ALNS weights: Destroy=['1.49', '2.20', '2.61', '2.05', '2.12'] Repair=['2.02', '2.23', '1.68']
[PACO+ALNS ] Iteration 20/100 - Pareto Archive: 10
  ALNS weights: Destroy=['1.82', '1.69', '2.97', '1.89', '2.72'] Repair=['2.75', '2.04', '1.94']
[PACO+ALNS ] Iteration 30/100 - Pareto Archive: 7
  ALNS weights: Destroy=['1.84', '1.62', '2.64', '2.30', '2.55'] Repair=['2.31', '1.97', '2.02']
[PACO+ALNS ] Iteration 40/100 - Pareto Archive: 8
  ALNS weights: Destroy=['1.79', '2.15', '2.75', '2.08', '2.72'] Repair=['2.60', '2.10', '1.92']
[PACO+ALNS ] Iteration 50/100 - Pareto Archive: 9
  ALNS weights: Destroy=['1.35', '2.07', '2.31', '2.08', '1.78'] Repair=['2.12', '1.67', '2.14']
[PACO+ALNS ] Iteration 60/100 - Pareto Archive: 10
  ALNS weights: Destroy=['2.14', '2.03', '2.02', '1.73', '1.82'] Repair=['2.26', '1.89', '2.24']
[PACO+ALNS ] Iteration 70/100 - Pareto Archive: 9
  ALNS weights: Destroy=['1.30', '1.37', '2.08', '1.55', '2.09'] Repair=['1.32', '1.35', '1.57']
[PACO+ALNS ] Iteration 80/100 - Pareto Archive: 9
  ALNS weights: Destroy=['1.24', '1.95', '1.34', '1.30', '2.12'] Repair=['1.50', '1.51', '1.28']
[PACO+ALNS ] Iteration 90/100 - Pareto Archive: 9
  ALNS weights: Destroy=['1.65', '1.53', '2.55', '1.21', '2.03'] Repair=['1.13', '1.90', '1.68']
[PACO+ALNS ] Iteration 100/100 - Pareto Archive: 10
  ALNS weights: Destroy=['1.69', '1.71', '1.75', '1.59', '1.72'] Repair=['1.56', '1.98', '1.69']
[PACO+ALNS ] Iteration 10/100 - Pareto Archive: 10
  ALNS weights: Destroy=['1.92', '2.36', '2.52', '2.33', '2.49'] Repair=['1.92', '2.49', '2.31']
[PACO+ALNS ] Iteration 20/100 - Pareto Archive: 10
  ALNS weights: Destroy=['1.59', '2.31', '2.53', '2.11', '2.44'] Repair=['2.32', '2.00', '2.33']
[PACO+ALNS ] Iteration 30/100 - Pareto Archive: 10
  ALNS weights: Destroy=['2.02', '2.00', '2.20', '1.84', '2.21'] Repair=['2.18', '1.74', '1.87']
[PACO+ALNS ] Iteration 40/100 - Pareto Archive: 10
  ALNS weights: Destroy=['2.14', '1.69', '2.86', '1.85', '2.80'] Repair=['1.44', '2.33', '2.47']
[PACO+ALNS ] Iteration 50/100 - Pareto Archive: 10
  ALNS weights: Destroy=['1.48', '1.80', '2.59', '2.30', '2.63'] Repair=['1.96', '1.85', '1.96']
[PACO+ALNS ] Iteration 60/100 - Pareto Archive: 6
  ALNS weights: Destroy=['1.62', '1.72', '2.77', '2.31', '2.09'] Repair=['1.96', '2.38', '1.89']
[PACO+ALNS ] Iteration 70/100 - Pareto Archive: 9
  ALNS weights: Destroy=['1.56', '2.21', '2.63', '1.85', '1.59'] Repair=['1.97', '1.75', '1.94']
[PACO+ALNS ] Iteration 80/100 - Pareto Archive: 10
  ALNS weights: Destroy=['1.83', '1.94', '2.38', '1.87', '1.65'] Repair=['1.64', '2.22', '1.83']
[PACO+ALNS ] Iteration 90/100 - Pareto Archive: 10
  ALNS weights: Destroy=['2.01', '2.09', '2.00', '1.67', '2.23'] Repair=['2.56', '2.11', '1.85']
[PACO+ALNS ] Iteration 100/100 - Pareto Archive: 10
  ALNS weights: Destroy=['1.32', '1.36', '1.56', '1.41', '1.65'] Repair=['1.35', '1.60', '1.40']
[PACO+ALNS ] Iteration 10/100 - Pareto Archive: 5
  ALNS weights: Destroy=['2.50', '2.00', '2.78', '2.00', '1.90'] Repair=['2.01', '2.71', '2.13']
[PACO+ALNS ] Iteration 20/100 - Pareto Archive: 8
  ALNS weights: Destroy=['2.02', '2.32', '1.68', '2.16', '1.99'] Repair=['2.22', '2.03', '2.12']
[PACO+ALNS ] Iteration 30/100 - Pareto Archive: 10
  ALNS weights: Destroy=['1.74', '1.91', '2.52', '2.07', '2.40'] Repair=['2.16', '1.82', '2.07']
[PACO+ALNS ] Iteration 40/100 - Pareto Archive: 10
  ALNS weights: Destroy=['1.98', '2.00', '2.89', '1.97', '2.67'] Repair=['2.02', '2.11', '2.20']
[PACO+ALNS ] Iteration 50/100 - Pareto Archive: 10
  ALNS weights: Destroy=['2.00', '2.14', '2.48', '2.18', '2.43'] Repair=['2.38', '1.86', '2.04']
[PACO+ALNS ] Iteration 60/100 - Pareto Archive: 10
  ALNS weights: Destroy=['2.01', '2.41', '2.43', '2.17', '2.61'] Repair=['1.84', '2.45', '2.15']
[PACO+ALNS ] Iteration 70/100 - Pareto Archive: 10
  ALNS weights: Destroy=['1.59', '1.84', '1.88', '1.49', '2.31'] Repair=['1.38', '1.84', '1.48']
[PACO+ALNS ] Iteration 80/100 - Pareto Archive: 10
  ALNS weights: Destroy=['1.48', '1.23', '2.41', '1.97', '1.96'] Repair=['1.60', '1.64', '1.51']
[PACO+ALNS ] Iteration 90/100 - Pareto Archive: 10
  ALNS weights: Destroy=['1.27', '1.39', '2.65', '1.62', '2.27'] Repair=['1.42', '1.47', '1.39']
[PACO+ALNS ] Iteration 100/100 - Pareto Archive: 10
  ALNS weights: Destroy=['1.47', '1.75', '1.89', '1.35', '2.14'] Repair=['1.46', '1.19', '1.70']
  Route plotted and saved to: C:\Users\23992\FURP-2026-XinyueXie-Truck-Drone-Routing\src\experiments\PACO+ALNS\results\20260807_w8\routes_w7_25c_RC201_2V_medium_min_cost.png
  Route plotted and saved to: C:\Users\23992\FURP-2026-XinyueXie-Truck-Drone-Routing\src\experiments\PACO+ALNS\results\20260807_w8\routes_w7_25c_RC201_2V_medium_min_tardiness.png
  Route plotted and saved to: C:\Users\23992\FURP-2026-XinyueXie-Truck-Drone-Routing\src\experiments\PACO+ALNS\results\20260807_w8\routes_w7_25c_RC201_2V_medium_compromise.png
[done] 25c_RC201_2V_medium w7 time=29.0s cost=257.8 tard=1429.6 sols=9.9
[start] 50c_RC201_6V_medium nsga2 runs=10 max_iter=100 seed=20270805

[PACO+ALNS ] Iteration 60/100 - Pareto Archive: 10
  ALNS weights: Destroy=['1.72', '2.28', '2.99', '1.86', '2.66'] Repair=['1.85', '1.63', '2.45']
[PACO+ALNS ] Iteration 70/100 - Pareto Archive: 10
  ALNS weights: Destroy=['1.18', '2.29', '2.44', '1.36', '2.27'] Repair=['2.05', '1.67', '1.18']
[PACO+ALNS ] Iteration 80/100 - Pareto Archive: 10
  ALNS weights: Destroy=['1.40', '2.12', '2.10', '1.48', '2.55'] Repair=['1.32', '1.99', '1.79']
[PACO+ALNS ] Iteration 90/100 - Pareto Archive: 10
  ALNS weights: Destroy=['1.73', '1.81', '2.16', '1.71', '2.36'] Repair=['1.80', '2.11', '1.60']
[PACO+ALNS ] Iteration 100/100 - Pareto Archive: 10
  ALNS weights: Destroy=['2.02', '2.17', '1.83', '1.75', '2.36'] Repair=['1.99', '2.26', '1.58']
[PACO+ALNS ] Iteration 10/100 - Pareto Archive: 10
  ALNS weights: Destroy=['1.96', '2.11', '2.66', '2.00', '2.72'] Repair=['1.68', '2.43', '2.13']
[PACO+ALNS ] Iteration 20/100 - Pareto Archive: 10
  ALNS weights: Destroy=['2.29', '2.55', '2.52', '2.30', '2.31'] Repair=['2.06', '2.51', '2.49']
[PACO+ALNS ] Iteration 30/100 - Pareto Archive: 10
  ALNS weights: Destroy=['2.62', '2.76', '2.56', '1.57', '2.07'] Repair=['2.79', '2.28', '2.33']
[PACO+ALNS ] Iteration 40/100 - Pareto Archive: 10
  ALNS weights: Destroy=['2.18', '2.71', '2.02', '1.89', '2.03'] Repair=['2.18', '2.33', '2.36']
[PACO+ALNS ] Iteration 50/100 - Pareto Archive: 10
  ALNS weights: Destroy=['1.89', '2.06', '2.69', '1.71', '2.28'] Repair=['1.61', '2.00', '2.11']
[PACO+ALNS ] Iteration 60/100 - Pareto Archive: 10
  ALNS weights: Destroy=['1.74', '2.22', '2.78', '1.97', '2.04'] Repair=['1.97', '1.86', '2.23']
[PACO+ALNS ] Iteration 70/100 - Pareto Archive: 10
  ALNS weights: Destroy=['1.48', '2.29', '2.82', '1.37', '2.21'] Repair=['2.05', '1.88', '1.64']
[PACO+ALNS ] Iteration 80/100 - Pareto Archive: 10
  ALNS weights: Destroy=['2.02', '2.04', '2.40', '2.58', '2.08'] Repair=['1.90', '2.71', '2.28']
[PACO+ALNS ] Iteration 90/100 - Pareto Archive: 10
  ALNS weights: Destroy=['1.97', '2.28', '1.35', '1.84', '1.86'] Repair=['1.88', '1.47', '1.52']
[PACO+ALNS ] Iteration 100/100 - Pareto Archive: 10
  ALNS weights: Destroy=['1.64', '2.28', '2.32', '1.94', '1.87'] Repair=['2.28', '2.28', '1.51']
[PACO+ALNS ] Iteration 10/100 - Pareto Archive: 7
  ALNS weights: Destroy=['2.70', '2.71', '2.38', '2.19', '2.48'] Repair=['2.48', '2.70', '2.51']
[PACO+ALNS ] Iteration 20/100 - Pareto Archive: 9
  ALNS weights: Destroy=['2.56', '2.46', '2.86', '1.87', '2.39'] Repair=['2.48', '2.50', '2.08']
[PACO+ALNS ] Iteration 30/100 - Pareto Archive: 10
  ALNS weights: Destroy=['2.00', '1.83', '2.33', '2.47', '2.34'] Repair=['2.17', '2.07', '1.58']
[PACO+ALNS ] Iteration 40/100 - Pareto Archive: 10
  ALNS weights: Destroy=['2.08', '2.33', '2.67', '2.08', '2.42'] Repair=['2.45', '1.89', '2.38']
[PACO+ALNS ] Iteration 50/100 - Pareto Archive: 10
  ALNS weights: Destroy=['2.17', '2.65', '2.35', '2.52', '2.22'] Repair=['2.51', '2.40', '2.64']
[PACO+ALNS ] Iteration 60/100 - Pareto Archive: 10
  ALNS weights: Destroy=['1.87', '1.94', '2.46', '2.25', '2.25'] Repair=['2.53', '1.96', '1.89']
[PACO+ALNS ] Iteration 70/100 - Pareto Archive: 10
  ALNS weights: Destroy=['1.61', '2.56', '1.86', '2.34', '2.22'] Repair=['2.09', '1.81', '1.92']
[PACO+ALNS ] Iteration 80/100 - Pareto Archive: 10
  ALNS weights: Destroy=['1.89', '2.36', '2.99', '2.10', '2.72'] Repair=['2.12', '2.64', '2.38']
[PACO+ALNS ] Iteration 90/100 - Pareto Archive: 10
  ALNS weights: Destroy=['1.64', '2.14', '2.92', '2.06', '2.76'] Repair=['2.27', '1.82', '1.95']
[PACO+ALNS ] Iteration 100/100 - Pareto Archive: 10
  ALNS weights: Destroy=['1.74', '2.23', '2.44', '1.58', '2.47'] Repair=['1.86', '1.97', '2.38']
[PACO+ALNS ] Iteration 10/100 - Pareto Archive: 7
  ALNS weights: Destroy=['1.41', '1.92', '2.03', '1.92', '2.22'] Repair=['1.59', '2.25', '1.97']
[PACO+ALNS ] Iteration 20/100 - Pareto Archive: 9
  ALNS weights: Destroy=['2.35', '2.49', '2.43', '1.81', '2.25'] Repair=['1.85', '2.29', '2.50']
[PACO+ALNS ] Iteration 30/100 - Pareto Archive: 10
  ALNS weights: Destroy=['1.95', '2.13', '2.76', '1.91', '2.20'] Repair=['2.12', '2.46', '1.90']
[PACO+ALNS ] Iteration 40/100 - Pareto Archive: 10
  ALNS weights: Destroy=['1.79', '1.67', '2.45', '1.80', '1.95'] Repair=['2.05', '1.58', '2.09']
[PACO+ALNS ] Iteration 50/100 - Pareto Archive: 10
  ALNS weights: Destroy=['1.69', '2.48', '2.14', '2.15', '2.21'] Repair=['2.40', '2.63', '1.78']
[PACO+ALNS ] Iteration 60/100 - Pareto Archive: 10
  ALNS weights: Destroy=['1.88', '1.94', '2.56', '1.65', '1.99'] Repair=['2.18', '1.98', '1.95']
[PACO+ALNS ] Iteration 70/100 - Pareto Archive: 9
  ALNS weights: Destroy=['1.98', '2.48', '1.97', '2.52', '1.56'] Repair=['2.62', '1.94', '2.23']
[PACO+ALNS ] Iteration 80/100 - Pareto Archive: 10
  ALNS weights: Destroy=['1.39', '1.48', '2.96', '1.21', '1.97'] Repair=['1.37', '1.59', '1.80']
[PACO+ALNS ] Iteration 90/100 - Pareto Archive: 10
  ALNS weights: Destroy=['1.91', '2.08', '2.69', '2.06', '1.36'] Repair=['1.94', '2.28', '1.89']
[PACO+ALNS ] Iteration 100/100 - Pareto Archive: 10
  ALNS weights: Destroy=['1.58', '1.61', '3.13', '1.99', '1.51'] Repair=['1.81', '1.61', '1.92']
[PACO+ALNS ] Iteration 10/100 - Pareto Archive: 10
  ALNS weights: Destroy=['2.45', '2.20', '2.70', '2.47', '2.57'] Repair=['2.38', '2.37', '2.74']
[PACO+ALNS ] Iteration 20/100 - Pareto Archive: 6
  ALNS weights: Destroy=['1.75', '2.15', '1.85', '1.98', '2.70'] Repair=['1.98', '1.90', '1.95']
[PACO+ALNS ] Iteration 30/100 - Pareto Archive: 8
  ALNS weights: Destroy=['2.39', '2.45', '2.18', '2.05', '2.20'] Repair=['2.24', '2.47', '2.20']
[PACO+ALNS ] Iteration 40/100 - Pareto Archive: 10
  ALNS weights: Destroy=['1.73', '2.44', '2.39', '1.86', '2.00'] Repair=['2.07', '1.86', '2.08']
[PACO+ALNS ] Iteration 50/100 - Pareto Archive: 10
  ALNS weights: Destroy=['2.48', '2.18', '2.65', '2.04', '1.70'] Repair=['2.45', '1.72', '2.36']
[PACO+ALNS ] Iteration 60/100 - Pareto Archive: 10
  ALNS weights: Destroy=['1.77', '1.96', '2.75', '2.11', '1.58'] Repair=['1.88', '2.05', '1.91']
[PACO+ALNS ] Iteration 70/100 - Pareto Archive: 10
  ALNS weights: Destroy=['1.23', '1.65', '2.47', '1.80', '1.44'] Repair=['1.74', '1.34', '1.53']
[PACO+ALNS ] Iteration 80/100 - Pareto Archive: 10
  ALNS weights: Destroy=['1.28', '2.04', '2.55', '2.37', '1.60'] Repair=['2.04', '2.04', '1.35']
[PACO+ALNS ] Iteration 90/100 - Pareto Archive: 10
  ALNS weights: Destroy=['2.16', '2.21', '1.91', '2.31', '1.89'] Repair=['2.38', '2.03', '2.31']
[PACO+ALNS ] Iteration 100/100 - Pareto Archive: 10
  ALNS weights: Destroy=['2.19', '2.09', '2.09', '2.10', '2.23'] Repair=['2.23', '2.41', '2.01']
  Route plotted and saved to: C:\Users\23992\FURP-2026-XinyueXie-Truck-Drone-Routing\src\experiments\PACO+ALNS\results\20260807_w8\routes_w7_25c_RC101_2V_medium_min_cost.png
  Route plotted and saved to: C:\Users\23992\FURP-2026-XinyueXie-Truck-Drone-Routing\src\experiments\PACO+ALNS\results\20260807_w8\routes_w7_25c_RC101_2V_medium_min_tardiness.png
  Route plotted and saved to: C:\Users\23992\FURP-2026-XinyueXie-Truck-Drone-Routing\src\experiments\PACO+ALNS\results\20260807_w8\routes_w7_25c_RC101_2V_medium_compromise.png
[done] 25c_RC101_2V_medium w7 time=29.2s cost=242.4 tard=864.6 sols=10.0
[start] 50c_RC201_6V_medium imp2 runs=10 max_iter=100 seed=20270806
[P-ACO-imp2] Iteration 10/100 - Archive: 10
[P-ACO-imp2] Iteration 20/100 - Archive: 11
[P-ACO-imp2] Iteration 30/100 - Archive: 9
[P-ACO-imp2] Iteration 40/100 - Archive: 10
[P-ACO-imp2] Iteration 50/100 - Archive: 11
[P-ACO-imp2] Iteration 60/100 - Archive: 11
[P-ACO-imp2] Iteration 70/100 - Archive: 11
[P-ACO-imp2] Iteration 80/100 - Archive: 10
[P-ACO-imp2] Iteration 90/100 - Archive: 10
[P-ACO-imp2] Iteration 100/100 - Archive: 10
[P-ACO-imp2] Iteration 10/100 - Archive: 10
[P-ACO-imp2] Iteration 20/100 - Archive: 9
[P-ACO-imp2] Iteration 30/100 - Archive: 14
[P-ACO-imp2] Iteration 40/100 - Archive: 8
[P-ACO-imp2] Iteration 50/100 - Archive: 8
[P-ACO-imp2] Iteration 60/100 - Archive: 9
[P-ACO-imp2] Iteration 70/100 - Archive: 11
[P-ACO-imp2] Iteration 80/100 - Archive: 13
[P-ACO-imp2] Iteration 90/100 - Archive: 15
[P-ACO-imp2] Iteration 100/100 - Archive: 15
[P-ACO-imp2] Iteration 10/100 - Archive: 12
[P-ACO-imp2] Iteration 20/100 - Archive: 13
[P-ACO-imp2] Iteration 30/100 - Archive: 8
[P-ACO-imp2] Iteration 40/100 - Archive: 7
[P-ACO-imp2] Iteration 50/100 - Archive: 8
[P-ACO-imp2] Iteration 60/100 - Archive: 10
[P-ACO-imp2] Iteration 70/100 - Archive: 11
[P-ACO-imp2] Iteration 80/100 - Archive: 12
[P-ACO-imp2] Iteration 90/100 - Archive: 13
[P-ACO-imp2] Iteration 100/100 - Archive: 13
[P-ACO-imp2] Iteration 10/100 - Archive: 12
[P-ACO-imp2] Iteration 20/100 - Archive: 7
[P-ACO-imp2] Iteration 30/100 - Archive: 9
[P-ACO-imp2] Iteration 40/100 - Archive: 9
[P-ACO-imp2] Iteration 50/100 - Archive: 13
[P-ACO-imp2] Iteration 60/100 - Archive: 11
[P-ACO-imp2] Iteration 70/100 - Archive: 13
[P-ACO-imp2] Iteration 80/100 - Archive: 12
[P-ACO-imp2] Iteration 90/100 - Archive: 12
[P-ACO-imp2] Iteration 100/100 - Archive: 14
[P-ACO-imp2] Iteration 10/100 - Archive: 11
[P-ACO-imp2] Iteration 20/100 - Archive: 5
[P-ACO-imp2] Iteration 30/100 - Archive: 8
[P-ACO-imp2] Iteration 40/100 - Archive: 8
[P-ACO-imp2] Iteration 50/100 - Archive: 11
[P-ACO-imp2] Iteration 60/100 - Archive: 11
[P-ACO-imp2] Iteration 70/100 - Archive: 14
[P-ACO-imp2] Iteration 80/100 - Archive: 15
[P-ACO-imp2] Iteration 90/100 - Archive: 16
[P-ACO-imp2] Iteration 100/100 - Archive: 17
[P-ACO-imp2] Iteration 10/100 - Archive: 9
[P-ACO-imp2] Iteration 20/100 - Archive: 11
[P-ACO-imp2] Iteration 30/100 - Archive: 12
[P-ACO-imp2] Iteration 40/100 - Archive: 15
[P-ACO-imp2] Iteration 50/100 - Archive: 15
[P-ACO-imp2] Iteration 60/100 - Archive: 17
[P-ACO-imp2] Iteration 70/100 - Archive: 21
[P-ACO-imp2] Iteration 80/100 - Archive: 22
[P-ACO-imp2] Iteration 90/100 - Archive: 20
[P-ACO-imp2] Iteration 100/100 - Archive: 17
[P-ACO-imp2] Iteration 10/100 - Archive: 10
[P-ACO-imp2] Iteration 20/100 - Archive: 7
[P-ACO-imp2] Iteration 30/100 - Archive: 11
[P-ACO-imp2] Iteration 40/100 - Archive: 14
[P-ACO-imp2] Iteration 50/100 - Archive: 16
[P-ACO-imp2] Iteration 60/100 - Archive: 16
[P-ACO-imp2] Iteration 70/100 - Archive: 19
[P-ACO-imp2] Iteration 80/100 - Archive: 18
[P-ACO-imp2] Iteration 90/100 - Archive: 17
[P-ACO-imp2] Iteration 100/100 - Archive: 14
[P-ACO-imp2] Iteration 10/100 - Archive: 8
[P-ACO-imp2] Iteration 20/100 - Archive: 10
[P-ACO-imp2] Iteration 30/100 - Archive: 6
[P-ACO-imp2] Iteration 40/100 - Archive: 9
[P-ACO-imp2] Iteration 50/100 - Archive: 9
[P-ACO-imp2] Iteration 60/100 - Archive: 12
[P-ACO-imp2] Iteration 70/100 - Archive: 10
[P-ACO-imp2] Iteration 80/100 - Archive: 10
[P-ACO-imp2] Iteration 90/100 - Archive: 11
[P-ACO-imp2] Iteration 100/100 - Archive: 12
[P-ACO-imp2] Iteration 10/100 - Archive: 5
[P-ACO-imp2] Iteration 20/100 - Archive: 5
[P-ACO-imp2] Iteration 30/100 - Archive: 8
[P-ACO-imp2] Iteration 40/100 - Archive: 10
[P-ACO-imp2] Iteration 50/100 - Archive: 10
[P-ACO-imp2] Iteration 60/100 - Archive: 10
[P-ACO-imp2] Iteration 70/100 - Archive: 9
[P-ACO-imp2] Iteration 80/100 - Archive: 10
[P-ACO-imp2] Iteration 90/100 - Archive: 10
[P-ACO-imp2] Iteration 100/100 - Archive: 10
[P-ACO-imp2] Iteration 10/100 - Archive: 8
[P-ACO-imp2] Iteration 20/100 - Archive: 13
[P-ACO-imp2] Iteration 30/100 - Archive: 10
[P-ACO-imp2] Iteration 40/100 - Archive: 6
[P-ACO-imp2] Iteration 50/100 - Archive: 9
[P-ACO-imp2] Iteration 60/100 - Archive: 12
[P-ACO-imp2] Iteration 70/100 - Archive: 10
[P-ACO-imp2] Iteration 80/100 - Archive: 10
[P-ACO-imp2] Iteration 90/100 - Archive: 10
[P-ACO-imp2] Iteration 100/100 - Archive: 16
  Route plotted and saved to: C:\Users\23992\FURP-2026-XinyueXie-Truck-Drone-Routing\src\experiments\PACO+ALNS\results\20260807_w8\routes_imp2_50c_RC101_4V_medium_min_cost.png
  Route plotted and saved to: C:\Users\23992\FURP-2026-XinyueXie-Truck-Drone-Routing\src\experiments\PACO+ALNS\results\20260807_w8\routes_imp2_50c_RC101_4V_medium_min_tardiness.png
  Route plotted and saved to: C:\Users\23992\FURP-2026-XinyueXie-Truck-Drone-Routing\src\experiments\PACO+ALNS\results\20260807_w8\routes_imp2_50c_RC101_4V_medium_compromise.png
[done] 50c_RC101_4V_medium imp2 time=31.1s cost=363.4 tard=2498.7 sols=13.8
[start] 50c_RC201_6V_medium w7 runs=10 max_iter=100 seed=20270807

[PACO+ALNS ] Iteration 60/100 - Pareto Archive: 10
  ALNS weights: Destroy=['2.10', '2.29', '2.73', '1.85', '2.54'] Repair=['2.34', '2.54', '1.86']
[PACO+ALNS ] Iteration 70/100 - Pareto Archive: 10
  ALNS weights: Destroy=['1.83', '2.22', '2.59', '2.09', '2.57'] Repair=['2.24', '1.94', '2.16']
[PACO+ALNS ] Iteration 80/100 - Pareto Archive: 10
  ALNS weights: Destroy=['1.40', '1.54', '2.57', '2.65', '2.23'] Repair=['2.35', '1.57', '1.70']
[PACO+ALNS ] Iteration 90/100 - Pareto Archive: 10
  ALNS weights: Destroy=['1.70', '1.64', '2.51', '1.69', '1.67'] Repair=['1.71', '2.14', '1.45']
[PACO+ALNS ] Iteration 100/100 - Pareto Archive: 10
  ALNS weights: Destroy=['1.18', '1.96', '1.97', '1.74', '1.81'] Repair=['1.86', '1.63', '1.50']
[PACO+ALNS ] Iteration 10/100 - Pareto Archive: 8
  ALNS weights: Destroy=['1.85', '2.57', '2.37', '1.88', '2.57'] Repair=['1.93', '2.08', '2.51']
[PACO+ALNS ] Iteration 20/100 - Pareto Archive: 9
  ALNS weights: Destroy=['1.90', '2.51', '2.86', '2.82', '2.22'] Repair=['2.69', '2.73', '2.55']
[PACO+ALNS ] Iteration 30/100 - Pareto Archive: 10
  ALNS weights: Destroy=['2.62', '2.60', '2.45', '2.45', '2.82'] Repair=['2.44', '2.80', '2.55']
[PACO+ALNS ] Iteration 40/100 - Pareto Archive: 8
  ALNS weights: Destroy=['1.79', '2.33', '2.50', '2.27', '2.81'] Repair=['1.87', '2.32', '2.59']
[PACO+ALNS ] Iteration 50/100 - Pareto Archive: 10
  ALNS weights: Destroy=['1.82', '1.41', '2.14', '1.68', '2.18'] Repair=['1.86', '1.57', '1.55']
[PACO+ALNS ] Iteration 60/100 - Pareto Archive: 10
  ALNS weights: Destroy=['2.18', '1.42', '2.64', '2.02', '2.32'] Repair=['1.95', '2.40', '1.82']
[PACO+ALNS ] Iteration 70/100 - Pareto Archive: 10
  ALNS weights: Destroy=['1.70', '1.87', '2.55', '1.73', '1.81'] Repair=['1.69', '1.60', '2.09']
[PACO+ALNS ] Iteration 80/100 - Pareto Archive: 10
  ALNS weights: Destroy=['1.49', '1.71', '2.43', '2.38', '1.60'] Repair=['2.41', '1.78', '1.59']
[PACO+ALNS ] Iteration 90/100 - Pareto Archive: 10
  ALNS weights: Destroy=['1.86', '1.80', '2.57', '1.63', '1.51'] Repair=['1.74', '1.78', '1.94']
[PACO+ALNS ] Iteration 100/100 - Pareto Archive: 10
  ALNS weights: Destroy=['1.88', '1.53', '2.43', '1.99', '1.77'] Repair=['1.85', '1.93', '1.88']
[PACO+ALNS ] Iteration 10/100 - Pareto Archive: 8
  ALNS weights: Destroy=['2.52', '2.52', '2.94', '2.31', '2.43'] Repair=['2.71', '2.63', '2.17']
[PACO+ALNS ] Iteration 20/100 - Pareto Archive: 10
  ALNS weights: Destroy=['2.17', '2.35', '2.01', '2.09', '2.41'] Repair=['1.79', '2.29', '2.46']
[PACO+ALNS ] Iteration 30/100 - Pareto Archive: 10
  ALNS weights: Destroy=['1.85', '2.38', '2.72', '1.82', '1.94'] Repair=['1.78', '1.74', '2.67']
[PACO+ALNS ] Iteration 40/100 - Pareto Archive: 10
  ALNS weights: Destroy=['2.17', '1.57', '2.05', '2.16', '2.15'] Repair=['1.99', '1.83', '2.20']
[PACO+ALNS ] Iteration 50/100 - Pareto Archive: 10
  ALNS weights: Destroy=['2.04', '2.19', '2.87', '2.41', '2.45'] Repair=['2.34', '2.07', '2.61']
[PACO+ALNS ] Iteration 60/100 - Pareto Archive: 10
  ALNS weights: Destroy=['1.67', '2.02', '1.77', '2.31', '1.31'] Repair=['1.71', '2.29', '1.37']
[PACO+ALNS ] Iteration 70/100 - Pareto Archive: 10
  ALNS weights: Destroy=['1.76', '2.00', '2.48', '2.30', '1.70'] Repair=['2.05', '2.26', '1.74']
[PACO+ALNS ] Iteration 80/100 - Pareto Archive: 10
  ALNS weights: Destroy=['2.18', '2.03', '2.10', '1.41', '1.62'] Repair=['2.13', '1.93', '1.70']
[PACO+ALNS ] Iteration 90/100 - Pareto Archive: 10
  ALNS weights: Destroy=['1.81', '1.68', '2.43', '1.36', '1.65'] Repair=['1.38', '1.68', '1.92']
[PACO+ALNS ] Iteration 100/100 - Pareto Archive: 10
  ALNS weights: Destroy=['1.64', '2.06', '2.55', '1.49', '1.41'] Repair=['2.01', '1.56', '1.93']
[PACO+ALNS ] Iteration 10/100 - Pareto Archive: 6
  ALNS weights: Destroy=['2.41', '2.63', '2.91', '2.08', '2.14'] Repair=['2.54', '2.53', '2.33']
[PACO+ALNS ] Iteration 20/100 - Pareto Archive: 9
  ALNS weights: Destroy=['1.77', '2.43', '2.36', '2.31', '2.33'] Repair=['2.28', '2.31', '2.26']
[PACO+ALNS ] Iteration 30/100 - Pareto Archive: 10
  ALNS weights: Destroy=['2.34', '2.27', '2.71', '1.88', '2.57'] Repair=['2.33', '2.06', '2.53']
[PACO+ALNS ] Iteration 40/100 - Pareto Archive: 10
  ALNS weights: Destroy=['2.34', '2.17', '2.81', '2.04', '2.55'] Repair=['2.61', '2.24', '2.36']
[PACO+ALNS ] Iteration 50/100 - Pareto Archive: 10
  ALNS weights: Destroy=['1.40', '2.09', '2.81', '2.41', '2.15'] Repair=['2.49', '2.09', '1.81']
[PACO+ALNS ] Iteration 60/100 - Pareto Archive: 10
  ALNS weights: Destroy=['2.11', '2.12', '1.76', '2.00', '2.07'] Repair=['2.07', '1.77', '2.14']
[PACO+ALNS ] Iteration 70/100 - Pareto Archive: 10
  ALNS weights: Destroy=['1.98', '1.94', '2.75', '1.71', '2.51'] Repair=['2.15', '1.79', '2.26']
[PACO+ALNS ] Iteration 80/100 - Pareto Archive: 10
  ALNS weights: Destroy=['1.54', '1.48', '2.43', '1.51', '2.45'] Repair=['1.80', '1.52', '1.33']
[PACO+ALNS ] Iteration 90/100 - Pareto Archive: 10
  ALNS weights: Destroy=['1.29', '1.88', '2.06', '1.76', '2.60'] Repair=['1.97', '1.62', '1.49']
[PACO+ALNS ] Iteration 100/100 - Pareto Archive: 10
  ALNS weights: Destroy=['1.63', '2.12', '2.49', '1.74', '2.66'] Repair=['2.21', '1.62', '1.85']
[PACO+ALNS ] Iteration 10/100 - Pareto Archive: 10
  ALNS weights: Destroy=['2.46', '2.61', '2.84', '2.05', '2.49'] Repair=['2.35', '2.75', '2.40']
[PACO+ALNS ] Iteration 20/100 - Pareto Archive: 9
  ALNS weights: Destroy=['2.01', '2.18', '2.40', '2.13', '2.48'] Repair=['2.09', '2.05', '2.03']
[PACO+ALNS ] Iteration 30/100 - Pareto Archive: 8
  ALNS weights: Destroy=['1.84', '1.93', '2.43', '2.30', '2.36'] Repair=['1.78', '2.27', '2.21']
[PACO+ALNS ] Iteration 40/100 - Pareto Archive: 10
  ALNS weights: Destroy=['2.57', '2.15', '2.48', '2.13', '2.87'] Repair=['2.49', '2.03', '2.39']
[PACO+ALNS ] Iteration 50/100 - Pareto Archive: 10
  ALNS weights: Destroy=['1.99', '2.09', '2.94', '2.07', '2.73'] Repair=['2.27', '2.07', '2.05']
[PACO+ALNS ] Iteration 60/100 - Pareto Archive: 10
  ALNS weights: Destroy=['2.41', '2.59', '2.70', '2.35', '2.77'] Repair=['2.65', '2.71', '2.10']
[PACO+ALNS ] Iteration 70/100 - Pareto Archive: 10
  ALNS weights: Destroy=['2.17', '1.86', '2.50', '1.99', '2.61'] Repair=['1.94', '2.30', '1.63']
[PACO+ALNS ] Iteration 80/100 - Pareto Archive: 10
  ALNS weights: Destroy=['1.67', '2.25', '2.51', '1.34', '2.34'] Repair=['1.75', '2.48', '1.57']
[PACO+ALNS ] Iteration 90/100 - Pareto Archive: 10
  ALNS weights: Destroy=['2.39', '2.03', '2.89', '1.53', '2.34'] Repair=['1.83', '2.56', '1.80']
[PACO+ALNS ] Iteration 100/100 - Pareto Archive: 10
  ALNS weights: Destroy=['1.87', '1.87', '2.99', '1.89', '2.45'] Repair=['2.19', '1.87', '1.85']
  Route plotted and saved to: C:\Users\23992\FURP-2026-XinyueXie-Truck-Drone-Routing\src\experiments\PACO+ALNS\results\20260807_w8\routes_w7_25c_RC101_2V_high_min_cost.png
  Route plotted and saved to: C:\Users\23992\FURP-2026-XinyueXie-Truck-Drone-Routing\src\experiments\PACO+ALNS\results\20260807_w8\routes_w7_25c_RC101_2V_high_min_tardiness.png
  Route plotted and saved to: C:\Users\23992\FURP-2026-XinyueXie-Truck-Drone-Routing\src\experiments\PACO+ALNS\results\20260807_w8\routes_w7_25c_RC101_2V_high_compromise.png
[done] 25c_RC101_2V_high w7 time=35.9s cost=244.5 tard=613.5 sols=10.0
[start] 50c_RC201_6V_high nsga2 runs=10 max_iter=100 seed=20271805

[PACO+ALNS ] Iteration 60/100 - Pareto Archive: 10
  ALNS weights: Destroy=['1.97', '1.97', '2.06', '2.06', '1.87'] Repair=['1.58', '1.98', '2.47']
[PACO+ALNS ] Iteration 70/100 - Pareto Archive: 10
  ALNS weights: Destroy=['1.98', '2.31', '1.90', '1.59', '1.94'] Repair=['2.07', '1.85', '1.99']
[PACO+ALNS ] Iteration 80/100 - Pareto Archive: 10
  ALNS weights: Destroy=['1.62', '2.05', '2.02', '2.45', '2.39'] Repair=['2.14', '1.82', '2.36']
[PACO+ALNS ] Iteration 90/100 - Pareto Archive: 10
  ALNS weights: Destroy=['2.15', '2.26', '2.25', '1.46', '2.53'] Repair=['1.73', '1.87', '2.46']
[PACO+ALNS ] Iteration 100/100 - Pareto Archive: 10
  ALNS weights: Destroy=['2.14', '1.84', '1.70', '1.93', '2.31'] Repair=['2.15', '1.67', '2.28']
[PACO+ALNS ] Iteration 10/100 - Pareto Archive: 10
  ALNS weights: Destroy=['1.97', '2.16', '2.39', '2.01', '2.14'] Repair=['1.99', '2.16', '2.03']
[PACO+ALNS ] Iteration 20/100 - Pareto Archive: 8
  ALNS weights: Destroy=['2.04', '2.35', '2.91', '1.90', '2.63'] Repair=['2.40', '2.06', '2.26']
[PACO+ALNS ] Iteration 30/100 - Pareto Archive: 10
  ALNS weights: Destroy=['1.88', '2.00', '2.77', '2.29', '2.43'] Repair=['2.15', '2.14', '2.00']
[PACO+ALNS ] Iteration 40/100 - Pareto Archive: 9
  ALNS weights: Destroy=['2.63', '2.55', '2.97', '2.55', '2.46'] Repair=['2.62', '2.53', '2.77']
[PACO+ALNS ] Iteration 50/100 - Pareto Archive: 10
  ALNS weights: Destroy=['1.88', '2.23', '2.04', '1.89', '2.48'] Repair=['1.79', '1.70', '2.24']
[PACO+ALNS ] Iteration 60/100 - Pareto Archive: 10
  ALNS weights: Destroy=['1.66', '1.88', '2.78', '1.71', '1.53'] Repair=['1.85', '1.64', '1.77']
[PACO+ALNS ] Iteration 70/100 - Pareto Archive: 10
  ALNS weights: Destroy=['1.74', '1.79', '2.68', '1.56', '1.80'] Repair=['1.60', '2.04', '1.58']
[PACO+ALNS ] Iteration 80/100 - Pareto Archive: 10
  ALNS weights: Destroy=['1.82', '1.91', '2.48', '1.88', '1.47'] Repair=['2.00', '2.12', '1.91']
[PACO+ALNS ] Iteration 90/100 - Pareto Archive: 10
  ALNS weights: Destroy=['1.84', '2.07', '1.92', '1.60', '2.17'] Repair=['1.99', '1.62', '2.07']
[PACO+ALNS ] Iteration 100/100 - Pareto Archive: 10
  ALNS weights: Destroy=['1.75', '1.53', '2.92', '1.23', '1.67'] Repair=['1.93', '1.62', '1.28']
[PACO+ALNS ] Iteration 10/100 - Pareto Archive: 10
  ALNS weights: Destroy=['2.26', '2.55', '2.88', '2.82', '2.73'] Repair=['2.21', '2.79', '2.84']
[PACO+ALNS ] Iteration 20/100 - Pareto Archive: 10
  ALNS weights: Destroy=['1.89', '2.28', '2.49', '1.66', '2.70'] Repair=['2.39', '2.12', '2.13']
[PACO+ALNS ] Iteration 30/100 - Pareto Archive: 10
  ALNS weights: Destroy=['1.91', '2.55', '2.17', '1.88', '2.04'] Repair=['2.25', '1.88', '2.44']
[PACO+ALNS ] Iteration 40/100 - Pareto Archive: 10
  ALNS weights: Destroy=['2.00', '2.31', '2.66', '2.69', '2.25'] Repair=['1.97', '2.68', '2.51']
[PACO+ALNS ] Iteration 50/100 - Pareto Archive: 10
  ALNS weights: Destroy=['2.13', '2.08', '1.82', '1.91', '2.35'] Repair=['1.80', '2.17', '2.18']
[PACO+ALNS ] Iteration 60/100 - Pareto Archive: 10
  ALNS weights: Destroy=['1.61', '2.20', '2.07', '1.63', '2.59'] Repair=['1.73', '2.18', '1.68']
[PACO+ALNS ] Iteration 70/100 - Pareto Archive: 10
  ALNS weights: Destroy=['2.18', '2.49', '2.90', '1.96', '1.96'] Repair=['2.68', '2.31', '1.99']
[PACO+ALNS ] Iteration 80/100 - Pareto Archive: 10
  ALNS weights: Destroy=['2.01', '1.67', '2.05', '1.54', '2.21'] Repair=['1.36', '2.16', '1.93']
[PACO+ALNS ] Iteration 90/100 - Pareto Archive: 10
  ALNS weights: Destroy=['1.49', '2.06', '2.43', '2.42', '2.89'] Repair=['2.01', '2.37', '2.35']
[PACO+ALNS ] Iteration 100/100 - Pareto Archive: 10
  ALNS weights: Destroy=['1.96', '1.66', '2.84', '1.29', '1.83'] Repair=['1.51', '2.09', '1.86']
[PACO+ALNS ] Iteration 10/100 - Pareto Archive: 10
  ALNS weights: Destroy=['1.80', '1.89', '2.38', '1.78', '2.19'] Repair=['2.22', '1.91', '1.77']
[PACO+ALNS ] Iteration 20/100 - Pareto Archive: 10
  ALNS weights: Destroy=['1.69', '2.22', '2.15', '2.23', '2.23'] Repair=['2.03', '2.03', '1.74']
[PACO+ALNS ] Iteration 30/100 - Pareto Archive: 10
  ALNS weights: Destroy=['1.86', '2.24', '2.14', '1.50', '2.33'] Repair=['1.98', '2.08', '1.68']
[PACO+ALNS ] Iteration 40/100 - Pareto Archive: 10
  ALNS weights: Destroy=['1.84', '2.57', '2.42', '2.09', '2.63'] Repair=['2.20', '2.41', '2.23']
[PACO+ALNS ] Iteration 50/100 - Pareto Archive: 10
  ALNS weights: Destroy=['1.85', '1.53', '1.62', '1.45', '2.72'] Repair=['1.50', '1.92', '1.87']
[PACO+ALNS ] Iteration 60/100 - Pareto Archive: 10
  ALNS weights: Destroy=['1.80', '2.03', '1.53', '1.83', '1.98'] Repair=['1.89', '2.18', '1.66']
[PACO+ALNS ] Iteration 70/100 - Pareto Archive: 10
  ALNS weights: Destroy=['1.72', '1.71', '1.42', '2.12', '2.14'] Repair=['1.77', '2.08', '1.80']
[PACO+ALNS ] Iteration 80/100 - Pareto Archive: 10
  ALNS weights: Destroy=['2.11', '2.28', '2.94', '1.58', '1.86'] Repair=['1.67', '2.08', '1.99']
[PACO+ALNS ] Iteration 90/100 - Pareto Archive: 10
  ALNS weights: Destroy=['2.42', '2.30', '2.64', '2.13', '1.40'] Repair=['1.79', '2.42', '2.45']
[PACO+ALNS ] Iteration 100/100 - Pareto Archive: 10
  ALNS weights: Destroy=['2.14', '2.10', '2.76', '1.70', '1.83'] Repair=['1.88', '1.85', '2.17']
[PACO+ALNS ] Iteration 10/100 - Pareto Archive: 7
  ALNS weights: Destroy=['1.79', '2.17', '2.43', '2.05', '2.19'] Repair=['1.96', '2.41', '1.98']
[PACO+ALNS ] Iteration 20/100 - Pareto Archive: 10
  ALNS weights: Destroy=['1.57', '1.66', '2.20', '2.27', '2.37'] Repair=['1.66', '2.26', '1.87']
[PACO+ALNS ] Iteration 30/100 - Pareto Archive: 10
  ALNS weights: Destroy=['1.49', '2.13', '2.10', '2.06', '2.63'] Repair=['1.86', '2.42', '1.67']
[PACO+ALNS ] Iteration 40/100 - Pareto Archive: 10
  ALNS weights: Destroy=['1.91', '2.20', '2.33', '1.31', '2.50'] Repair=['2.19', '2.06', '1.82']
[PACO+ALNS ] Iteration 50/100 - Pareto Archive: 10
  ALNS weights: Destroy=['1.94', '1.68', '2.88', '2.08', '2.02'] Repair=['2.34', '1.90', '1.71']
[PACO+ALNS ] Iteration 60/100 - Pareto Archive: 9
  ALNS weights: Destroy=['1.90', '1.97', '2.31', '1.75', '2.56'] Repair=['1.84', '2.03', '2.02']
[PACO+ALNS ] Iteration 70/100 - Pareto Archive: 10
  ALNS weights: Destroy=['1.55', '2.04', '1.79', '1.77', '1.94'] Repair=['1.78', '1.53', '1.84']
[PACO+ALNS ] Iteration 80/100 - Pareto Archive: 9
  ALNS weights: Destroy=['1.33', '1.58', '1.79', '1.56', '2.12'] Repair=['1.56', '1.44', '1.63']
[PACO+ALNS ] Iteration 90/100 - Pareto Archive: 10
  ALNS weights: Destroy=['1.82', '1.50', '1.90', '2.05', '1.53'] Repair=['1.98', '1.89', '1.59']
[PACO+ALNS ] Iteration 100/100 - Pareto Archive: 10
  ALNS weights: Destroy=['2.27', '1.93', '2.75', '2.13', '1.48'] Repair=['1.96', '2.51', '2.39']
  Route plotted and saved to: C:\Users\23992\FURP-2026-XinyueXie-Truck-Drone-Routing\src\experiments\PACO+ALNS\results\20260807_w8\routes_w7_25c_RC201_2V_high_min_cost.png
  Route plotted and saved to: C:\Users\23992\FURP-2026-XinyueXie-Truck-Drone-Routing\src\experiments\PACO+ALNS\results\20260807_w8\routes_w7_25c_RC201_2V_high_min_tardiness.png
  Route plotted and saved to: C:\Users\23992\FURP-2026-XinyueXie-Truck-Drone-Routing\src\experiments\PACO+ALNS\results\20260807_w8\routes_w7_25c_RC201_2V_high_compromise.png
[done] 25c_RC201_2V_high w7 time=36.1s cost=260.6 tard=1631.3 sols=10.0
[start] 50c_RC201_6V_high imp2 runs=10 max_iter=100 seed=20271806
Generation 20/100, Population size: 96
Generation 40/100, Population size: 90
Generation 60/100, Population size: 99
Generation 80/100, Population size: 99
Generation 100/100, Population size: 100
Generation 20/100, Population size: 89
Generation 40/100, Population size: 96
Generation 60/100, Population size: 100
Generation 80/100, Population size: 96
Generation 100/100, Population size: 100
Generation 20/100, Population size: 75
Generation 40/100, Population size: 86
Generation 60/100, Population size: 100
Generation 80/100, Population size: 100
Generation 100/100, Population size: 100
Generation 20/100, Population size: 85
Generation 40/100, Population size: 100
Generation 60/100, Population size: 100
Generation 80/100, Population size: 100
Generation 100/100, Population size: 100
Generation 20/100, Population size: 84
Generation 40/100, Population size: 87
Generation 60/100, Population size: 100
Generation 80/100, Population size: 100
Generation 100/100, Population size: 100
Generation 20/100, Population size: 90
Generation 40/100, Population size: 91
Generation 60/100, Population size: 100
Generation 80/100, Population size: 100
Generation 100/100, Population size: 87
Generation 20/100, Population size: 84
Generation 40/100, Population size: 100
Generation 60/100, Population size: 89
Generation 80/100, Population size: 93
Generation 100/100, Population size: 100
Generation 20/100, Population size: 67
Generation 40/100, Population size: 90
Generation 60/100, Population size: 93
Generation 80/100, Population size: 100
Generation 100/100, Population size: 100
Generation 20/100, Population size: 84
Generation 40/100, Population size: 98
Generation 60/100, Population size: 100
Generation 80/100, Population size: 100
Generation 100/100, Population size: 100
Generation 20/100, Population size: 77
Generation 40/100, Population size: 85
Generation 60/100, Population size: 84
Generation 80/100, Population size: 99
Generation 100/100, Population size: 100
  Route plotted and saved to: C:\Users\23992\FURP-2026-XinyueXie-Truck-Drone-Routing\src\experiments\PACO+ALNS\results\20260807_w8\routes_nsga2_50c_RC201_6V_medium_min_cost.png
  Route plotted and saved to: C:\Users\23992\FURP-2026-XinyueXie-Truck-Drone-Routing\src\experiments\PACO+ALNS\results\20260807_w8\routes_nsga2_50c_RC201_6V_medium_min_tardiness.png
  Route plotted and saved to: C:\Users\23992\FURP-2026-XinyueXie-Truck-Drone-Routing\src\experiments\PACO+ALNS\results\20260807_w8\routes_nsga2_50c_RC201_6V_medium_compromise.png
[done] 50c_RC201_6V_medium nsga2 time=6.6s cost=1019.5 tard=1699.7 sols=36.8
[start] 50c_RC201_6V_high w7 runs=10 max_iter=100 seed=20271807
[P-ACO-imp2] Iteration 10/100 - Archive: 13
[P-ACO-imp2] Iteration 20/100 - Archive: 17
[P-ACO-imp2] Iteration 30/100 - Archive: 16
[P-ACO-imp2] Iteration 40/100 - Archive: 16
[P-ACO-imp2] Iteration 50/100 - Archive: 13
[P-ACO-imp2] Iteration 60/100 - Archive: 13
[P-ACO-imp2] Iteration 70/100 - Archive: 13
[P-ACO-imp2] Iteration 80/100 - Archive: 10
[P-ACO-imp2] Iteration 90/100 - Archive: 10
[P-ACO-imp2] Iteration 100/100 - Archive: 10
[P-ACO-imp2] Iteration 10/100 - Archive: 18
[P-ACO-imp2] Iteration 20/100 - Archive: 20
[P-ACO-imp2] Iteration 30/100 - Archive: 21
[P-ACO-imp2] Iteration 40/100 - Archive: 16
[P-ACO-imp2] Iteration 50/100 - Archive: 21
[P-ACO-imp2] Iteration 60/100 - Archive: 25
[P-ACO-imp2] Iteration 70/100 - Archive: 25
[P-ACO-imp2] Iteration 80/100 - Archive: 24
[P-ACO-imp2] Iteration 90/100 - Archive: 18
[P-ACO-imp2] Iteration 100/100 - Archive: 21
[P-ACO-imp2] Iteration 10/100 - Archive: 9
[P-ACO-imp2] Iteration 20/100 - Archive: 12
[P-ACO-imp2] Iteration 30/100 - Archive: 12
[P-ACO-imp2] Iteration 40/100 - Archive: 11
[P-ACO-imp2] Iteration 50/100 - Archive: 12
[P-ACO-imp2] Iteration 60/100 - Archive: 12
[P-ACO-imp2] Iteration 70/100 - Archive: 13
[P-ACO-imp2] Iteration 80/100 - Archive: 13
[P-ACO-imp2] Iteration 90/100 - Archive: 14
[P-ACO-imp2] Iteration 100/100 - Archive: 14
[P-ACO-imp2] Iteration 10/100 - Archive: 12
[P-ACO-imp2] Iteration 20/100 - Archive: 18
[P-ACO-imp2] Iteration 30/100 - Archive: 18
[P-ACO-imp2] Iteration 40/100 - Archive: 20
[P-ACO-imp2] Iteration 50/100 - Archive: 22
[P-ACO-imp2] Iteration 60/100 - Archive: 12
[P-ACO-imp2] Iteration 70/100 - Archive: 19
[P-ACO-imp2] Iteration 80/100 - Archive: 18
[P-ACO-imp2] Iteration 90/100 - Archive: 18
[P-ACO-imp2] Iteration 100/100 - Archive: 22
[P-ACO-imp2] Iteration 10/100 - Archive: 12
[P-ACO-imp2] Iteration 20/100 - Archive: 19
[P-ACO-imp2] Iteration 30/100 - Archive: 20
[P-ACO-imp2] Iteration 40/100 - Archive: 21
[P-ACO-imp2] Iteration 50/100 - Archive: 24
[P-ACO-imp2] Iteration 60/100 - Archive: 22
[P-ACO-imp2] Iteration 70/100 - Archive: 22
[P-ACO-imp2] Iteration 80/100 - Archive: 13
[P-ACO-imp2] Iteration 90/100 - Archive: 13
[P-ACO-imp2] Iteration 100/100 - Archive: 18
[P-ACO-imp2] Iteration 10/100 - Archive: 14
[P-ACO-imp2] Iteration 20/100 - Archive: 14
[P-ACO-imp2] Iteration 30/100 - Archive: 14
[P-ACO-imp2] Iteration 40/100 - Archive: 14
[P-ACO-imp2] Iteration 50/100 - Archive: 13
[P-ACO-imp2] Iteration 60/100 - Archive: 19
[P-ACO-imp2] Iteration 70/100 - Archive: 17
[P-ACO-imp2] Iteration 80/100 - Archive: 12
[P-ACO-imp2] Iteration 90/100 - Archive: 13
[P-ACO-imp2] Iteration 100/100 - Archive: 12
[P-ACO-imp2] Iteration 10/100 - Archive: 15
[P-ACO-imp2] Iteration 20/100 - Archive: 16
[P-ACO-imp2] Iteration 30/100 - Archive: 16
[P-ACO-imp2] Iteration 40/100 - Archive: 17
[P-ACO-imp2] Iteration 50/100 - Archive: 17
[P-ACO-imp2] Iteration 60/100 - Archive: 20
[P-ACO-imp2] Iteration 70/100 - Archive: 20
[P-ACO-imp2] Iteration 80/100 - Archive: 16
[P-ACO-imp2] Iteration 90/100 - Archive: 16
[P-ACO-imp2] Iteration 100/100 - Archive: 14
[P-ACO-imp2] Iteration 10/100 - Archive: 11
[P-ACO-imp2] Iteration 20/100 - Archive: 17
[P-ACO-imp2] Iteration 30/100 - Archive: 13
[P-ACO-imp2] Iteration 40/100 - Archive: 13
[P-ACO-imp2] Iteration 50/100 - Archive: 14
[P-ACO-imp2] Iteration 60/100 - Archive: 16
[P-ACO-imp2] Iteration 70/100 - Archive: 16
[P-ACO-imp2] Iteration 80/100 - Archive: 18
[P-ACO-imp2] Iteration 90/100 - Archive: 18
[P-ACO-imp2] Iteration 100/100 - Archive: 21
[P-ACO-imp2] Iteration 10/100 - Archive: 16
[P-ACO-imp2] Iteration 20/100 - Archive: 7
[P-ACO-imp2] Iteration 30/100 - Archive: 10
[P-ACO-imp2] Iteration 40/100 - Archive: 14
[P-ACO-imp2] Iteration 50/100 - Archive: 14
[P-ACO-imp2] Iteration 60/100 - Archive: 13
[P-ACO-imp2] Iteration 70/100 - Archive: 12
[P-ACO-imp2] Iteration 80/100 - Archive: 12
[P-ACO-imp2] Iteration 90/100 - Archive: 16
[P-ACO-imp2] Iteration 100/100 - Archive: 16
[P-ACO-imp2] Iteration 10/100 - Archive: 12
[P-ACO-imp2] Iteration 20/100 - Archive: 15
[P-ACO-imp2] Iteration 30/100 - Archive: 14
[P-ACO-imp2] Iteration 40/100 - Archive: 14
[P-ACO-imp2] Iteration 50/100 - Archive: 14
[P-ACO-imp2] Iteration 60/100 - Archive: 16
[P-ACO-imp2] Iteration 70/100 - Archive: 17
[P-ACO-imp2] Iteration 80/100 - Archive: 18
[P-ACO-imp2] Iteration 90/100 - Archive: 19
[P-ACO-imp2] Iteration 100/100 - Archive: 19
  Route plotted and saved to: C:\Users\23992\FURP-2026-XinyueXie-Truck-Drone-Routing\src\experiments\PACO+ALNS\results\20260807_w8\routes_imp2_50c_RC201_4V_medium_min_cost.png
  Route plotted and saved to: C:\Users\23992\FURP-2026-XinyueXie-Truck-Drone-Routing\src\experiments\PACO+ALNS\results\20260807_w8\routes_imp2_50c_RC201_4V_medium_min_tardiness.png
  Route plotted and saved to: C:\Users\23992\FURP-2026-XinyueXie-Truck-Drone-Routing\src\experiments\PACO+ALNS\results\20260807_w8\routes_imp2_50c_RC201_4V_medium_compromise.png
[done] 50c_RC201_4V_medium imp2 time=34.7s cost=412.5 tard=5133.1 sols=16.7
[start] 100c_RC101_10V_medium nsga2 runs=10 max_iter=100 seed=20272805
Generation 20/100, Population size: 92
Generation 40/100, Population size: 91
Generation 60/100, Population size: 88
Generation 80/100, Population size: 100
Generation 100/100, Population size: 100
Generation 20/100, Population size: 62
Generation 40/100, Population size: 94
Generation 60/100, Population size: 100
Generation 80/100, Population size: 100
Generation 100/100, Population size: 100
Generation 20/100, Population size: 77
Generation 40/100, Population size: 97
Generation 60/100, Population size: 100
Generation 80/100, Population size: 86
Generation 100/100, Population size: 100
Generation 20/100, Population size: 87
Generation 40/100, Population size: 73
Generation 60/100, Population size: 100
Generation 80/100, Population size: 100
Generation 100/100, Population size: 100
Generation 20/100, Population size: 96
Generation 40/100, Population size: 100
Generation 60/100, Population size: 100
Generation 80/100, Population size: 100
Generation 100/100, Population size: 100
Generation 20/100, Population size: 87
Generation 40/100, Population size: 95
Generation 60/100, Population size: 100
Generation 80/100, Population size: 99
Generation 100/100, Population size: 98
Generation 20/100, Population size: 100
Generation 40/100, Population size: 92
Generation 60/100, Population size: 100
Generation 80/100, Population size: 100
Generation 100/100, Population size: 100
Generation 20/100, Population size: 78
Generation 40/100, Population size: 98
Generation 60/100, Population size: 96
Generation 80/100, Population size: 100
Generation 100/100, Population size: 100
Generation 20/100, Population size: 88
Generation 40/100, Population size: 99
Generation 60/100, Population size: 100
Generation 80/100, Population size: 100
Generation 100/100, Population size: 100
Generation 20/100, Population size: 100
Generation 40/100, Population size: 100
Generation 60/100, Population size: 100
Generation 80/100, Population size: 100
Generation 100/100, Population size: 100
  Route plotted and saved to: C:\Users\23992\FURP-2026-XinyueXie-Truck-Drone-Routing\src\experiments\PACO+ALNS\results\20260807_w8\routes_nsga2_50c_RC201_6V_high_min_cost.png
  Route plotted and saved to: C:\Users\23992\FURP-2026-XinyueXie-Truck-Drone-Routing\src\experiments\PACO+ALNS\results\20260807_w8\routes_nsga2_50c_RC201_6V_high_min_tardiness.png
  Route plotted and saved to: C:\Users\23992\FURP-2026-XinyueXie-Truck-Drone-Routing\src\experiments\PACO+ALNS\results\20260807_w8\routes_nsga2_50c_RC201_6V_high_compromise.png
[done] 50c_RC201_6V_high nsga2 time=6.8s cost=1029.8 tard=1519.1 sols=38.4
[start] 100c_RC101_10V_medium imp2 runs=10 max_iter=100 seed=20272806
[P-ACO-imp2] Iteration 10/100 - Archive: 7
[P-ACO-imp2] Iteration 20/100 - Archive: 9
[P-ACO-imp2] Iteration 30/100 - Archive: 9
[P-ACO-imp2] Iteration 40/100 - Archive: 10
[P-ACO-imp2] Iteration 50/100 - Archive: 7
[P-ACO-imp2] Iteration 60/100 - Archive: 6
[P-ACO-imp2] Iteration 70/100 - Archive: 6
[P-ACO-imp2] Iteration 80/100 - Archive: 7
[P-ACO-imp2] Iteration 90/100 - Archive: 8
[P-ACO-imp2] Iteration 100/100 - Archive: 10
[P-ACO-imp2] Iteration 10/100 - Archive: 10
[P-ACO-imp2] Iteration 20/100 - Archive: 7
[P-ACO-imp2] Iteration 30/100 - Archive: 9
[P-ACO-imp2] Iteration 40/100 - Archive: 8
[P-ACO-imp2] Iteration 50/100 - Archive: 10
[P-ACO-imp2] Iteration 60/100 - Archive: 10
[P-ACO-imp2] Iteration 70/100 - Archive: 8
[P-ACO-imp2] Iteration 80/100 - Archive: 9
[P-ACO-imp2] Iteration 90/100 - Archive: 11
[P-ACO-imp2] Iteration 100/100 - Archive: 10
[P-ACO-imp2] Iteration 10/100 - Archive: 7
[P-ACO-imp2] Iteration 20/100 - Archive: 10
[P-ACO-imp2] Iteration 30/100 - Archive: 7
[P-ACO-imp2] Iteration 40/100 - Archive: 4
[P-ACO-imp2] Iteration 50/100 - Archive: 5
[P-ACO-imp2] Iteration 60/100 - Archive: 7
[P-ACO-imp2] Iteration 70/100 - Archive: 11
[P-ACO-imp2] Iteration 80/100 - Archive: 11
[P-ACO-imp2] Iteration 90/100 - Archive: 12
[P-ACO-imp2] Iteration 100/100 - Archive: 14
[P-ACO-imp2] Iteration 10/100 - Archive: 11
[P-ACO-imp2] Iteration 20/100 - Archive: 12
[P-ACO-imp2] Iteration 30/100 - Archive: 10
[P-ACO-imp2] Iteration 40/100 - Archive: 10
[P-ACO-imp2] Iteration 50/100 - Archive: 11
[P-ACO-imp2] Iteration 60/100 - Archive: 12
[P-ACO-imp2] Iteration 70/100 - Archive: 11
[P-ACO-imp2] Iteration 80/100 - Archive: 14
[P-ACO-imp2] Iteration 90/100 - Archive: 16
[P-ACO-imp2] Iteration 100/100 - Archive: 15
[P-ACO-imp2] Iteration 10/100 - Archive: 7
[P-ACO-imp2] Iteration 20/100 - Archive: 11
[P-ACO-imp2] Iteration 30/100 - Archive: 6
[P-ACO-imp2] Iteration 40/100 - Archive: 7
[P-ACO-imp2] Iteration 50/100 - Archive: 8
[P-ACO-imp2] Iteration 60/100 - Archive: 7
[P-ACO-imp2] Iteration 70/100 - Archive: 7
[P-ACO-imp2] Iteration 80/100 - Archive: 8
[P-ACO-imp2] Iteration 90/100 - Archive: 9
[P-ACO-imp2] Iteration 100/100 - Archive: 8
[P-ACO-imp2] Iteration 10/100 - Archive: 8
[P-ACO-imp2] Iteration 20/100 - Archive: 10
[P-ACO-imp2] Iteration 30/100 - Archive: 9
[P-ACO-imp2] Iteration 40/100 - Archive: 14
[P-ACO-imp2] Iteration 50/100 - Archive: 16
[P-ACO-imp2] Iteration 60/100 - Archive: 18
[P-ACO-imp2] Iteration 70/100 - Archive: 16
[P-ACO-imp2] Iteration 80/100 - Archive: 13
[P-ACO-imp2] Iteration 90/100 - Archive: 15
[P-ACO-imp2] Iteration 100/100 - Archive: 16
[P-ACO-imp2] Iteration 10/100 - Archive: 13
[P-ACO-imp2] Iteration 20/100 - Archive: 15
[P-ACO-imp2] Iteration 30/100 - Archive: 4
[P-ACO-imp2] Iteration 40/100 - Archive: 6
[P-ACO-imp2] Iteration 50/100 - Archive: 8
[P-ACO-imp2] Iteration 60/100 - Archive: 8
[P-ACO-imp2] Iteration 70/100 - Archive: 7
[P-ACO-imp2] Iteration 80/100 - Archive: 8
[P-ACO-imp2] Iteration 90/100 - Archive: 8
[P-ACO-imp2] Iteration 100/100 - Archive: 8
[P-ACO-imp2] Iteration 10/100 - Archive: 5
[P-ACO-imp2] Iteration 20/100 - Archive: 3
[P-ACO-imp2] Iteration 30/100 - Archive: 4
[P-ACO-imp2] Iteration 40/100 - Archive: 6
[P-ACO-imp2] Iteration 50/100 - Archive: 6
[P-ACO-imp2] Iteration 60/100 - Archive: 6
[P-ACO-imp2] Iteration 70/100 - Archive: 6
[P-ACO-imp2] Iteration 80/100 - Archive: 8
[P-ACO-imp2] Iteration 90/100 - Archive: 6
[P-ACO-imp2] Iteration 100/100 - Archive: 7
[P-ACO-imp2] Iteration 10/100 - Archive: 11
[P-ACO-imp2] Iteration 20/100 - Archive: 6
[P-ACO-imp2] Iteration 30/100 - Archive: 6
[P-ACO-imp2] Iteration 40/100 - Archive: 7
[P-ACO-imp2] Iteration 50/100 - Archive: 9
[P-ACO-imp2] Iteration 60/100 - Archive: 10
[P-ACO-imp2] Iteration 70/100 - Archive: 10
[P-ACO-imp2] Iteration 80/100 - Archive: 11
[P-ACO-imp2] Iteration 90/100 - Archive: 13
[P-ACO-imp2] Iteration 100/100 - Archive: 14
[P-ACO-imp2] Iteration 10/100 - Archive: 12
[P-ACO-imp2] Iteration 20/100 - Archive: 10
[P-ACO-imp2] Iteration 30/100 - Archive: 14
[P-ACO-imp2] Iteration 40/100 - Archive: 10
[P-ACO-imp2] Iteration 50/100 - Archive: 6
[P-ACO-imp2] Iteration 60/100 - Archive: 7
[P-ACO-imp2] Iteration 70/100 - Archive: 5
[P-ACO-imp2] Iteration 80/100 - Archive: 8
[P-ACO-imp2] Iteration 90/100 - Archive: 9
[P-ACO-imp2] Iteration 100/100 - Archive: 5
  Route plotted and saved to: C:\Users\23992\FURP-2026-XinyueXie-Truck-Drone-Routing\src\experiments\PACO+ALNS\results\20260807_w8\routes_imp2_50c_RC101_6V_medium_min_cost.png
  Route plotted and saved to: C:\Users\23992\FURP-2026-XinyueXie-Truck-Drone-Routing\src\experiments\PACO+ALNS\results\20260807_w8\routes_imp2_50c_RC101_6V_medium_min_tardiness.png
  Route plotted and saved to: C:\Users\23992\FURP-2026-XinyueXie-Truck-Drone-Routing\src\experiments\PACO+ALNS\results\20260807_w8\routes_imp2_50c_RC101_6V_medium_compromise.png
[done] 50c_RC101_6V_medium imp2 time=32.1s cost=370.3 tard=2424.4 sols=10.7
[start] 100c_RC101_10V_medium w7 runs=10 max_iter=100 seed=20272807
Generation 20/100, Population size: 86
Generation 40/100, Population size: 70
Generation 60/100, Population size: 84
Generation 80/100, Population size: 85
Generation 100/100, Population size: 79
Generation 20/100, Population size: 62
Generation 40/100, Population size: 74
Generation 60/100, Population size: 95
Generation 80/100, Population size: 100
Generation 100/100, Population size: 99
Generation 20/100, Population size: 69
Generation 40/100, Population size: 100
Generation 60/100, Population size: 89
Generation 80/100, Population size: 100
Generation 100/100, Population size: 95
Generation 20/100, Population size: 93
Generation 40/100, Population size: 96
Generation 60/100, Population size: 100
Generation 80/100, Population size: 100
Generation 100/100, Population size: 93
Generation 20/100, Population size: 59
Generation 40/100, Population size: 87
Generation 60/100, Population size: 95
Generation 80/100, Population size: 100
Generation 100/100, Population size: 100
Generation 20/100, Population size: 68
Generation 40/100, Population size: 63
Generation 60/100, Population size: 90
Generation 80/100, Population size: 100
Generation 100/100, Population size: 100
Generation 20/100, Population size: 81
Generation 40/100, Population size: 100
Generation 60/100, Population size: 93
Generation 80/100, Population size: 96
Generation 100/100, Population size: 100
Generation 20/100, Population size: 75
Generation 40/100, Population size: 89
Generation 60/100, Population size: 100
Generation 80/100, Population size: 85
Generation 100/100, Population size: 96
Generation 20/100, Population size: 80
Generation 40/100, Population size: 77
Generation 60/100, Population size: 100
Generation 80/100, Population size: 100
Generation 100/100, Population size: 100
Generation 20/100, Population size: 89
Generation 40/100, Population size: 91
Generation 60/100, Population size: 80
Generation 80/100, Population size: 80
Generation 100/100, Population size: 100
  Route plotted and saved to: C:\Users\23992\FURP-2026-XinyueXie-Truck-Drone-Routing\src\experiments\PACO+ALNS\results\20260807_w8\routes_nsga2_100c_RC101_10V_medium_min_cost.png
  Route plotted and saved to: C:\Users\23992\FURP-2026-XinyueXie-Truck-Drone-Routing\src\experiments\PACO+ALNS\results\20260807_w8\routes_nsga2_100c_RC101_10V_medium_min_tardiness.png
  Route plotted and saved to: C:\Users\23992\FURP-2026-XinyueXie-Truck-Drone-Routing\src\experiments\PACO+ALNS\results\20260807_w8\routes_nsga2_100c_RC101_10V_medium_compromise.png
[done] 100c_RC101_10V_medium nsga2 time=9.9s cost=1797.4 tard=3211.1 sols=31.1
[start] 100c_RC101_10V_high nsga2 runs=10 max_iter=100 seed=20273805
[PACO+ALNS ] Iteration 10/100 - Pareto Archive: 11
  ALNS weights: Destroy=['2.79', '2.74', '3.00', '3.00', '3.00'] Repair=['3.00', '2.94', '2.78']
[PACO+ALNS ] Iteration 20/100 - Pareto Archive: 7
  ALNS weights: Destroy=['3.11', '3.09', '3.00', '2.55', '2.95'] Repair=['3.18', '2.89', '2.69']
[PACO+ALNS ] Iteration 30/100 - Pareto Archive: 12
  ALNS weights: Destroy=['2.91', '2.65', '3.00', '2.68', '2.63'] Repair=['2.59', '2.99', '2.83']
[PACO+ALNS ] Iteration 40/100 - Pareto Archive: 12
  ALNS weights: Destroy=['2.75', '2.97', '3.00', '2.95', '2.92'] Repair=['2.90', '2.99', '2.91']
[PACO+ALNS ] Iteration 50/100 - Pareto Archive: 12
  ALNS weights: Destroy=['2.41', '2.98', '2.99', '2.78', '2.79'] Repair=['2.79', '2.74', '2.85']
[PACO+ALNS ] Iteration 60/100 - Pareto Archive: 12
  ALNS weights: Destroy=['2.90', '2.97', '2.81', '3.00', '2.93'] Repair=['2.95', '3.00', '2.89']
[PACO+ALNS ] Iteration 70/100 - Pareto Archive: 12
  ALNS weights: Destroy=['2.44', '2.77', '3.00', '2.88', '2.99'] Repair=['2.69', '2.71', '2.99']
[PACO+ALNS ] Iteration 80/100 - Pareto Archive: 12
  ALNS weights: Destroy=['2.93', '2.92', '2.99', '2.96', '3.00'] Repair=['2.98', '2.95', '2.95']
[PACO+ALNS ] Iteration 90/100 - Pareto Archive: 12
  ALNS weights: Destroy=['2.92', '2.84', '3.00', '2.43', '2.96'] Repair=['2.69', '2.84', '2.92']
[PACO+ALNS ] Iteration 100/100 - Pareto Archive: 12
  ALNS weights: Destroy=['2.49', '2.92', '2.96', '2.88', '2.99'] Repair=['3.00', '2.94', '2.63']
[PACO+ALNS ] Iteration 10/100 - Pareto Archive: 9
  ALNS weights: Destroy=['2.69', '2.92', '3.00', '2.46', '2.96'] Repair=['2.74', '2.99', '2.68']
[PACO+ALNS ] Iteration 20/100 - Pareto Archive: 12
  ALNS weights: Destroy=['2.44', '2.95', '2.68', '2.74', '3.00'] Repair=['2.78', '2.98', '2.23']
[PACO+ALNS ] Iteration 30/100 - Pareto Archive: 11
  ALNS weights: Destroy=['2.76', '2.98', '2.70', '2.90', '2.89'] Repair=['2.98', '2.88', '2.72']
[PACO+ALNS ] Iteration 40/100 - Pareto Archive: 12
  ALNS weights: Destroy=['2.98', '2.92', '3.10', '2.90', '3.00'] Repair=['3.00', '2.93', '3.00']
[PACO+ALNS ] Iteration 50/100 - Pareto Archive: 12
  ALNS weights: Destroy=['2.85', '2.97', '2.99', '2.83', '2.84'] Repair=['2.99', '2.86', '2.90']
[PACO+ALNS ] Iteration 60/100 - Pareto Archive: 12
  ALNS weights: Destroy=['2.68', '3.00', '2.97', '2.53', '2.86'] Repair=['2.67', '2.94', '2.72']
[PACO+ALNS ] Iteration 70/100 - Pareto Archive: 11
  ALNS weights: Destroy=['2.85', '2.81', '2.90', '2.77', '2.88'] Repair=['2.66', '2.94', '2.95']
[PACO+ALNS ] Iteration 80/100 - Pareto Archive: 12
  ALNS weights: Destroy=['2.68', '3.00', '2.93', '2.77', '2.83'] Repair=['2.98', '2.94', '2.67']
[PACO+ALNS ] Iteration 90/100 - Pareto Archive: 12
  ALNS weights: Destroy=['2.74', '3.00', '3.00', '2.71', '2.87'] Repair=['2.58', '3.00', '2.91']
[PACO+ALNS ] Iteration 100/100 - Pareto Archive: 12
  ALNS weights: Destroy=['2.89', '2.93', '2.95', '2.86', '2.90'] Repair=['2.92', '2.97', '2.86']
[PACO+ALNS ] Iteration 10/100 - Pareto Archive: 6
  ALNS weights: Destroy=['2.94', '2.99', '3.00', '2.99', '2.83'] Repair=['2.99', '3.00', '2.99']
[PACO+ALNS ] Iteration 20/100 - Pareto Archive: 9
  ALNS weights: Destroy=['2.97', '2.94', '3.00', '2.91', '2.63'] Repair=['3.00', '2.88', '2.65']
[PACO+ALNS ] Iteration 30/100 - Pareto Archive: 11
  ALNS weights: Destroy=['3.00', '3.13', '3.00', '3.00', '3.00'] Repair=['3.00', '3.00', '3.08']
[PACO+ALNS ] Iteration 40/100 - Pareto Archive: 12
  ALNS weights: Destroy=['3.00', '2.86', '2.97', '3.00', '2.99'] Repair=['2.94', '3.00', '3.00']
[PACO+ALNS ] Iteration 50/100 - Pareto Archive: 12
  ALNS weights: Destroy=['2.79', '3.00', '3.00', '2.96', '2.78'] Repair=['2.76', '3.00', '2.95']
[PACO+ALNS ] Iteration 60/100 - Pareto Archive: 12
  ALNS weights: Destroy=['2.86', '3.02', '3.00', '2.62', '2.82'] Repair=['2.93', '3.00', '2.88']
[PACO+ALNS ] Iteration 70/100 - Pareto Archive: 12
  ALNS weights: Destroy=['2.88', '2.90', '2.38', '2.70', '2.84'] Repair=['2.96', '2.38', '2.84']
[PACO+ALNS ] Iteration 80/100 - Pareto Archive: 12
  ALNS weights: Destroy=['2.95', '3.01', '2.99', '2.99', '2.85'] Repair=['2.99', '3.00', '2.99']
[PACO+ALNS ] Iteration 90/100 - Pareto Archive: 12
  ALNS weights: Destroy=['2.39', '2.80', '3.07', '2.44', '2.93'] Repair=['2.82', '2.68', '2.41']
[PACO+ALNS ] Iteration 100/100 - Pareto Archive: 12
  ALNS weights: Destroy=['2.91', '3.00', '2.98', '2.48', '2.99'] Repair=['3.00', '2.71', '3.00']
[PACO+ALNS ] Iteration 10/100 - Pareto Archive: 7
  ALNS weights: Destroy=['2.53', '2.91', '2.99', '2.82', '2.88'] Repair=['2.92', '2.81', '2.64']
[PACO+ALNS ] Iteration 20/100 - Pareto Archive: 10
  ALNS weights: Destroy=['2.67', '2.92', '3.00', '3.06', '2.88'] Repair=['2.92', '2.90', '2.90']
[PACO+ALNS ] Iteration 30/100 - Pareto Archive: 9
  ALNS weights: Destroy=['3.00', '2.82', '2.76', '2.71', '2.71'] Repair=['2.68', '2.68', '2.98']
[PACO+ALNS ] Iteration 40/100 - Pareto Archive: 12
  ALNS weights: Destroy=['2.27', '2.96', '2.65', '2.37', '2.85'] Repair=['2.17', '2.61', '2.34']
[PACO+ALNS ] Iteration 50/100 - Pareto Archive: 8
  ALNS weights: Destroy=['3.30', '2.76', '2.97', '3.19', '2.75'] Repair=['3.18', '2.99', '3.17']
[PACO+ALNS ] Iteration 60/100 - Pareto Archive: 11
  ALNS weights: Destroy=['2.98', '3.00', '2.66', '2.51', '2.93'] Repair=['2.69', '2.77', '2.74']
[PACO+ALNS ] Iteration 70/100 - Pareto Archive: 12
  ALNS weights: Destroy=['2.84', '2.66', '2.69', '2.94', '2.95'] Repair=['2.87', '2.52', '2.93']
[PACO+ALNS ] Iteration 80/100 - Pareto Archive: 12
  ALNS weights: Destroy=['2.92', '2.97', '2.58', '2.67', '2.95'] Repair=['2.72', '2.91', '2.98']
[PACO+ALNS ] Iteration 90/100 - Pareto Archive: 12
  ALNS weights: Destroy=['2.51', '2.60', '2.96', '2.91', '2.48'] Repair=['2.87', '2.85', '2.34']
[PACO+ALNS ] Iteration 100/100 - Pareto Archive: 12
  ALNS weights: Destroy=['2.97', '2.90', '2.95', '2.54', '2.90'] Repair=['2.59', '2.97', '3.00']
[PACO+ALNS ] Iteration 10/100 - Pareto Archive: 6
  ALNS weights: Destroy=['3.00', '3.00', '3.00', '2.99', '2.80'] Repair=['3.00', '3.00', '2.96']
[PACO+ALNS ] Iteration 20/100 - Pareto Archive: 9
  ALNS weights: Destroy=['2.98', '3.00', '2.87', '2.89', '3.00'] Repair=['2.97', '3.00', '3.00']
[PACO+ALNS ] Iteration 30/100 - Pareto Archive: 9
  ALNS weights: Destroy=['2.99', '3.00', '3.00', '2.98', '3.00'] Repair=['3.09', '3.00', '2.97']
[PACO+ALNS ] Iteration 40/100 - Pareto Archive: 9
  ALNS weights: Destroy=['2.99', '3.04', '3.02', '2.93', '3.00'] Repair=['2.99', '2.99', '2.94']
[PACO+ALNS ] Iteration 50/100 - Pareto Archive: 12
  ALNS weights: Destroy=['2.85', '2.82', '2.86', '2.76', '2.99'] Repair=['2.94', '2.89', '2.78']
[PACO+ALNS ] Iteration 60/100 - Pareto Archive: 12
  ALNS weights: Destroy=['2.71', '2.60', '2.85', '2.73', '2.98'] Repair=['2.61', '2.84', '2.91']
[PACO+ALNS ] Iteration 70/100 - Pareto Archive: 12
  ALNS weights: Destroy=['2.78', '2.87', '2.99', '2.83', '3.00'] Repair=['2.92', '2.94', '2.81']
[PACO+ALNS ] Iteration 80/100 - Pareto Archive: 12
  ALNS weights: Destroy=['2.85', '2.52', '2.72', '2.92', '2.89'] Repair=['2.72', '2.80', '2.88']
[PACO+ALNS ] Iteration 90/100 - Pareto Archive: 12
  ALNS weights: Destroy=['2.78', '2.57', '2.99', '2.64', '2.91'] Repair=['2.94', '2.64', '2.53']
[PACO+ALNS ] Iteration 100/100 - Pareto Archive: 12
  ALNS weights: Destroy=['2.92', '2.93', '3.00', '2.90', '2.99'] Repair=['2.92', '2.99', '2.96']
[PACO+ALNS ] Iteration 10/100 - Pareto Archive: 10
  ALNS weights: Destroy=['2.64', '2.78', '2.63', '2.98', '2.99'] Repair=['2.78', '2.91', '2.68']
[PACO+ALNS ] Iteration 20/100 - Pareto Archive: 7
  ALNS weights: Destroy=['2.99', '2.98', '3.00', '3.00', '2.96'] Repair=['2.99', '3.00', '3.00']
[PACO+ALNS ] Iteration 30/100 - Pareto Archive: 9
  ALNS weights: Destroy=['2.58', '2.92', '2.82', '3.03', '2.98'] Repair=['2.69', '3.11', '2.77']
[PACO+ALNS ] Iteration 40/100 - Pareto Archive: 9
  ALNS weights: Destroy=['2.98', '3.15', '2.94', '3.02', '2.74'] Repair=['2.94', '3.23', '2.96']
[PACO+ALNS ] Iteration 50/100 - Pareto Archive: 12
  ALNS weights: Destroy=['2.89', '2.80', '3.00', '3.00', '2.74'] Repair=['2.96', '2.98', '2.90']Generation 20/100, Population size: 76
Generation 40/100, Population size: 59
Generation 60/100, Population size: 99
Generation 80/100, Population size: 97
Generation 100/100, Population size: 100
Generation 20/100, Population size: 74
Generation 40/100, Population size: 65
Generation 60/100, Population size: 90
Generation 80/100, Population size: 95
Generation 100/100, Population size: 100
Generation 20/100, Population size: 69
Generation 40/100, Population size: 78
Generation 60/100, Population size: 84
Generation 80/100, Population size: 100
Generation 100/100, Population size: 100
Generation 20/100, Population size: 81
Generation 40/100, Population size: 89
Generation 60/100, Population size: 95
Generation 80/100, Population size: 100
Generation 100/100, Population size: 100
Generation 20/100, Population size: 70
Generation 40/100, Population size: 78
Generation 60/100, Population size: 79
Generation 80/100, Population size: 83
Generation 100/100, Population size: 96
Generation 20/100, Population size: 59
Generation 40/100, Population size: 85
Generation 60/100, Population size: 100
Generation 80/100, Population size: 100
Generation 100/100, Population size: 100
Generation 20/100, Population size: 74
Generation 40/100, Population size: 69
Generation 60/100, Population size: 77
Generation 80/100, Population size: 93
Generation 100/100, Population size: 100
Generation 20/100, Population size: 73
Generation 40/100, Population size: 76
Generation 60/100, Population size: 99
Generation 80/100, Population size: 100
Generation 100/100, Population size: 100
Generation 20/100, Population size: 83
Generation 40/100, Population size: 86
Generation 60/100, Population size: 92
Generation 80/100, Population size: 100
Generation 100/100, Population size: 100
Generation 20/100, Population size: 47
Generation 40/100, Population size: 84
Generation 60/100, Population size: 90
Generation 80/100, Population size: 100
Generation 100/100, Population size: 100
  Route plotted and saved to: C:\Users\23992\FURP-2026-XinyueXie-Truck-Drone-Routing\src\experiments\PACO+ALNS\results\20260807_w8\routes_nsga2_100c_RC101_10V_high_min_cost.png
  Route plotted and saved to: C:\Users\23992\FURP-2026-XinyueXie-Truck-Drone-Routing\src\experiments\PACO+ALNS\results\20260807_w8\routes_nsga2_100c_RC101_10V_high_min_tardiness.png
  Route plotted and saved to: C:\Users\23992\FURP-2026-XinyueXie-Truck-Drone-Routing\src\experiments\PACO+ALNS\results\20260807_w8\routes_nsga2_100c_RC101_10V_high_compromise.png
[done] 100c_RC101_10V_high nsga2 time=9.6s cost=1787.6 tard=2796.3 sols=35.8
[start] 100c_RC101_10V_high imp2 runs=10 max_iter=100 seed=20273806
[P-ACO-imp2] Iteration 10/100 - Archive: 8
[P-ACO-imp2] Iteration 20/100 - Archive: 10
[P-ACO-imp2] Iteration 30/100 - Archive: 13
[P-ACO-imp2] Iteration 40/100 - Archive: 13
[P-ACO-imp2] Iteration 50/100 - Archive: 6
[P-ACO-imp2] Iteration 60/100 - Archive: 6
[P-ACO-imp2] Iteration 70/100 - Archive: 8
[P-ACO-imp2] Iteration 80/100 - Archive: 8
[P-ACO-imp2] Iteration 90/100 - Archive: 8
[P-ACO-imp2] Iteration 100/100 - Archive: 6
[P-ACO-imp2] Iteration 10/100 - Archive: 6
[P-ACO-imp2] Iteration 20/100 - Archive: 7
[P-ACO-imp2] Iteration 30/100 - Archive: 8
[P-ACO-imp2] Iteration 40/100 - Archive: 6
[P-ACO-imp2] Iteration 50/100 - Archive: 11
[P-ACO-imp2] Iteration 60/100 - Archive: 12
[P-ACO-imp2] Iteration 70/100 - Archive: 12
[P-ACO-imp2] Iteration 80/100 - Archive: 13
[P-ACO-imp2] Iteration 90/100 - Archive: 12
[P-ACO-imp2] Iteration 100/100 - Archive: 10
[P-ACO-imp2] Iteration 10/100 - Archive: 10
[P-ACO-imp2] Iteration 20/100 - Archive: 12
[P-ACO-imp2] Iteration 30/100 - Archive: 11
[P-ACO-imp2] Iteration 40/100 - Archive: 14
[P-ACO-imp2] Iteration 50/100 - Archive: 13
[P-ACO-imp2] Iteration 60/100 - Archive: 12
[P-ACO-imp2] Iteration 70/100 - Archive: 11
[P-ACO-imp2] Iteration 80/100 - Archive: 11
[P-ACO-imp2] Iteration 90/100 - Archive: 19
[P-ACO-imp2] Iteration 100/100 - Archive: 19
[P-ACO-imp2] Iteration 10/100 - Archive: 6
[P-ACO-imp2] Iteration 20/100 - Archive: 8
[P-ACO-imp2] Iteration 30/100 - Archive: 10
[P-ACO-imp2] Iteration 40/100 - Archive: 12
[P-ACO-imp2] Iteration 50/100 - Archive: 12
[P-ACO-imp2] Iteration 60/100 - Archive: 7
[P-ACO-imp2] Iteration 70/100 - Archive: 8
[P-ACO-imp2] Iteration 80/100 - Archive: 9
[P-ACO-imp2] Iteration 90/100 - Archive: 9
[P-ACO-imp2] Iteration 100/100 - Archive: 10
[P-ACO-imp2] Iteration 10/100 - Archive: 11
[P-ACO-imp2] Iteration 20/100 - Archive: 11
[P-ACO-imp2] Iteration 30/100 - Archive: 17
[P-ACO-imp2] Iteration 40/100 - Archive: 16
[P-ACO-imp2] Iteration 50/100 - Archive: 10
[P-ACO-imp2] Iteration 60/100 - Archive: 6
[P-ACO-imp2] Iteration 70/100 - Archive: 7
[P-ACO-imp2] Iteration 80/100 - Archive: 7
[P-ACO-imp2] Iteration 90/100 - Archive: 8
[P-ACO-imp2] Iteration 100/100 - Archive: 8
[P-ACO-imp2] Iteration 10/100 - Archive: 6
[P-ACO-imp2] Iteration 20/100 - Archive: 5
[P-ACO-imp2] Iteration 30/100 - Archive: 11
[P-ACO-imp2] Iteration 40/100 - Archive: 3
[P-ACO-imp2] Iteration 50/100 - Archive: 10
[P-ACO-imp2] Iteration 60/100 - Archive: 12
[P-ACO-imp2] Iteration 70/100 - Archive: 4
[P-ACO-imp2] Iteration 80/100 - Archive: 7
[P-ACO-imp2] Iteration 90/100 - Archive: 7
[P-ACO-imp2] Iteration 100/100 - Archive: 7
[P-ACO-imp2] Iteration 10/100 - Archive: 9
[P-ACO-imp2] Iteration 20/100 - Archive: 8
[P-ACO-imp2] Iteration 30/100 - Archive: 11
[P-ACO-imp2] Iteration 40/100 - Archive: 13
[P-ACO-imp2] Iteration 50/100 - Archive: 13
[P-ACO-imp2] Iteration 60/100 - Archive: 11
[P-ACO-imp2] Iteration 70/100 - Archive: 11
[P-ACO-imp2] Iteration 80/100 - Archive: 11
[P-ACO-imp2] Iteration 90/100 - Archive: 10
[P-ACO-imp2] Iteration 100/100 - Archive: 11
[P-ACO-imp2] Iteration 10/100 - Archive: 8
[P-ACO-imp2] Iteration 20/100 - Archive: 7
[P-ACO-imp2] Iteration 30/100 - Archive: 9
[P-ACO-imp2] Iteration 40/100 - Archive: 9
[P-ACO-imp2] Iteration 50/100 - Archive: 10
[P-ACO-imp2] Iteration 60/100 - Archive: 8
[P-ACO-imp2] Iteration 70/100 - Archive: 8
[P-ACO-imp2] Iteration 80/100 - Archive: 9
[P-ACO-imp2] Iteration 90/100 - Archive: 9
[P-ACO-imp2] Iteration 100/100 - Archive: 9
[P-ACO-imp2] Iteration 10/100 - Archive: 6
[P-ACO-imp2] Iteration 20/100 - Archive: 12
[P-ACO-imp2] Iteration 30/100 - Archive: 7
[P-ACO-imp2] Iteration 40/100 - Archive: 8
[P-ACO-imp2] Iteration 50/100 - Archive: 8
[P-ACO-imp2] Iteration 60/100 - Archive: 9
[P-ACO-imp2] Iteration 70/100 - Archive: 11
[P-ACO-imp2] Iteration 80/100 - Archive: 9
[P-ACO-imp2] Iteration 90/100 - Archive: 8
[P-ACO-imp2] Iteration 100/100 - Archive: 9
[P-ACO-imp2] Iteration 10/100 - Archive: 4
[P-ACO-imp2] Iteration 20/100 - Archive: 8
[P-ACO-imp2] Iteration 30/100 - Archive: 9
[P-ACO-imp2] Iteration 40/100 - Archive: 11
[P-ACO-imp2] Iteration 50/100 - Archive: 10
[P-ACO-imp2] Iteration 60/100 - Archive: 7
[P-ACO-imp2] Iteration 70/100 - Archive: 9
[P-ACO-imp2] Iteration 80/100 - Archive: 9
[P-ACO-imp2] Iteration 90/100 - Archive: 11
[P-ACO-imp2] Iteration 100/100 - Archive: 11
  Route plotted and saved to: C:\Users\23992\FURP-2026-XinyueXie-Truck-Drone-Routing\src\experiments\PACO+ALNS\results\20260807_w8\routes_imp2_50c_RC101_4V_high_min_cost.png
  Route plotted and saved to: C:\Users\23992\FURP-2026-XinyueXie-Truck-Drone-Routing\src\experiments\PACO+ALNS\results\20260807_w8\routes_imp2_50c_RC101_4V_high_min_tardiness.png
  Route plotted and saved to: C:\Users\23992\FURP-2026-XinyueXie-Truck-Drone-Routing\src\experiments\PACO+ALNS\results\20260807_w8\routes_imp2_50c_RC101_4V_high_compromise.png
[done] 50c_RC101_4V_high imp2 time=61.5s cost=365.8 tard=2579.7 sols=10.0
[start] 100c_RC101_10V_high w7 runs=10 max_iter=100 seed=20273807
[P-ACO-imp2] Iteration 10/100 - Archive: 12
[P-ACO-imp2] Iteration 20/100 - Archive: 15
[P-ACO-imp2] Iteration 30/100 - Archive: 12
[P-ACO-imp2] Iteration 40/100 - Archive: 10
[P-ACO-imp2] Iteration 50/100 - Archive: 11
[P-ACO-imp2] Iteration 60/100 - Archive: 12
[P-ACO-imp2] Iteration 70/100 - Archive: 7
[P-ACO-imp2] Iteration 80/100 - Archive: 7
[P-ACO-imp2] Iteration 90/100 - Archive: 7
[P-ACO-imp2] Iteration 100/100 - Archive: 9
[P-ACO-imp2] Iteration 10/100 - Archive: 16
[P-ACO-imp2] Iteration 20/100 - Archive: 15
[P-ACO-imp2] Iteration 30/100 - Archive: 13
[P-ACO-imp2] Iteration 40/100 - Archive: 16
[P-ACO-imp2] Iteration 50/100 - Archive: 21
[P-ACO-imp2] Iteration 60/100 - Archive: 21
[P-ACO-imp2] Iteration 70/100 - Archive: 21
[P-ACO-imp2] Iteration 80/100 - Archive: 21
[P-ACO-imp2] Iteration 90/100 - Archive: 21
[P-ACO-imp2] Iteration 100/100 - Archive: 22
[P-ACO-imp2] Iteration 10/100 - Archive: 11
[P-ACO-imp2] Iteration 20/100 - Archive: 15
[P-ACO-imp2] Iteration 30/100 - Archive: 20
[P-ACO-imp2] Iteration 40/100 - Archive: 15
[P-ACO-imp2] Iteration 50/100 - Archive: 16
[P-ACO-imp2] Iteration 60/100 - Archive: 19
[P-ACO-imp2] Iteration 70/100 - Archive: 20
[P-ACO-imp2] Iteration 80/100 - Archive: 21
[P-ACO-imp2] Iteration 90/100 - Archive: 18
[P-ACO-imp2] Iteration 100/100 - Archive: 18
[P-ACO-imp2] Iteration 10/100 - Archive: 12
[P-ACO-imp2] Iteration 20/100 - Archive: 11
[P-ACO-imp2] Iteration 30/100 - Archive: 8
[P-ACO-imp2] Iteration 40/100 - Archive: 9
[P-ACO-imp2] Iteration 50/100 - Archive: 10
[P-ACO-imp2] Iteration 60/100 - Archive: 10
[P-ACO-imp2] Iteration 70/100 - Archive: 10
[P-ACO-imp2] Iteration 80/100 - Archive: 11
[P-ACO-imp2] Iteration 90/100 - Archive: 10
[P-ACO-imp2] Iteration 100/100 - Archive: 13
[P-ACO-imp2] Iteration 10/100 - Archive: 14
[P-ACO-imp2] Iteration 20/100 - Archive: 17
[P-ACO-imp2] Iteration 30/100 - Archive: 13
[P-ACO-imp2] Iteration 40/100 - Archive: 14
[P-ACO-imp2] Iteration 50/100 - Archive: 14
[P-ACO-imp2] Iteration 60/100 - Archive: 16
[P-ACO-imp2] Iteration 70/100 - Archive: 16
[P-ACO-imp2] Iteration 80/100 - Archive: 16
[P-ACO-imp2] Iteration 90/100 - Archive: 18
[P-ACO-imp2] Iteration 100/100 - Archive: 19
[P-ACO-imp2] Iteration 10/100 - Archive: 17
[P-ACO-imp2] Iteration 20/100 - Archive: 13
[P-ACO-imp2] Iteration 30/100 - Archive: 6
[P-ACO-imp2] Iteration 40/100 - Archive: 5
[P-ACO-imp2] Iteration 50/100 - Archive: 13
[P-ACO-imp2] Iteration 60/100 - Archive: 10
[P-ACO-imp2] Iteration 70/100 - Archive: 10
[P-ACO-imp2] Iteration 80/100 - Archive: 11
[P-ACO-imp2] Iteration 90/100 - Archive: 11
[P-ACO-imp2] Iteration 100/100 - Archive: 13
[P-ACO-imp2] Iteration 10/100 - Archive: 14
[P-ACO-imp2] Iteration 20/100 - Archive: 15
[P-ACO-imp2] Iteration 30/100 - Archive: 16
[P-ACO-imp2] Iteration 40/100 - Archive: 16
[P-ACO-imp2] Iteration 50/100 - Archive: 14
[P-ACO-imp2] Iteration 60/100 - Archive: 11
[P-ACO-imp2] Iteration 70/100 - Archive: 11
[P-ACO-imp2] Iteration 80/100 - Archive: 15
[P-ACO-imp2] Iteration 90/100 - Archive: 14
[P-ACO-imp2] Iteration 100/100 - Archive: 14
[P-ACO-imp2] Iteration 10/100 - Archive: 13
[P-ACO-imp2] Iteration 20/100 - Archive: 13
[P-ACO-imp2] Iteration 30/100 - Archive: 13
[P-ACO-imp2] Iteration 40/100 - Archive: 14
[P-ACO-imp2] Iteration 50/100 - Archive: 15
[P-ACO-imp2] Iteration 60/100 - Archive: 14
[P-ACO-imp2] Iteration 70/100 - Archive: 13
[P-ACO-imp2] Iteration 80/100 - Archive: 14
[P-ACO-imp2] Iteration 90/100 - Archive: 17
[P-ACO-imp2] Iteration 100/100 - Archive: 16
[P-ACO-imp2] Iteration 10/100 - Archive: 14
[P-ACO-imp2] Iteration 20/100 - Archive: 11
[P-ACO-imp2] Iteration 30/100 - Archive: 11
[P-ACO-imp2] Iteration 40/100 - Archive: 14
[P-ACO-imp2] Iteration 50/100 - Archive: 11
[P-ACO-imp2] Iteration 60/100 - Archive: 12
[P-ACO-imp2] Iteration 70/100 - Archive: 10
[P-ACO-imp2] Iteration 80/100 - Archive: 10
[P-ACO-imp2] Iteration 90/100 - Archive: 11
[P-ACO-imp2] Iteration 100/100 - Archive: 13
[P-ACO-imp2] Iteration 10/100 - Archive: 7
[P-ACO-imp2] Iteration 20/100 - Archive: 10
[P-ACO-imp2] Iteration 30/100 - Archive: 12
[P-ACO-imp2] Iteration 40/100 - Archive: 13
[P-ACO-imp2] Iteration 50/100 - Archive: 11
[P-ACO-imp2] Iteration 60/100 - Archive: 13
[P-ACO-imp2] Iteration 70/100 - Archive: 14
[P-ACO-imp2] Iteration 80/100 - Archive: 15
[P-ACO-imp2] Iteration 90/100 - Archive: 15
[P-ACO-imp2] Iteration 100/100 - Archive: 15
  Route plotted and saved to: C:\Users\23992\FURP-2026-XinyueXie-Truck-Drone-Routing\src\experiments\PACO+ALNS\results\20260807_w8\routes_imp2_50c_RC201_6V_medium_min_cost.png
  Route plotted and saved to: C:\Users\23992\FURP-2026-XinyueXie-Truck-Drone-Routing\src\experiments\PACO+ALNS\results\20260807_w8\routes_imp2_50c_RC201_6V_medium_min_tardiness.png
  Route plotted and saved to: C:\Users\23992\FURP-2026-XinyueXie-Truck-Drone-Routing\src\experiments\PACO+ALNS\results\20260807_w8\routes_imp2_50c_RC201_6V_medium_compromise.png
[done] 50c_RC201_6V_medium imp2 time=37.4s cost=416.4 tard=4768.6 sols=15.2
[start] 100c_RC201_10V_medium nsga2 runs=10 max_iter=100 seed=20274805
[PACO+ALNS ] Iteration 10/100 - Pareto Archive: 11
  ALNS weights: Destroy=['2.95', '2.94', '2.74', '3.01', '2.91'] Repair=['2.87', '2.98', '2.98']
[PACO+ALNS ] Iteration 20/100 - Pareto Archive: 10
  ALNS weights: Destroy=['2.94', '2.84', '2.44', '2.86', '2.97'] Repair=['3.00', '2.33', '2.90']
[PACO+ALNS ] Iteration 30/100 - Pareto Archive: 12
  ALNS weights: Destroy=['2.73', '2.88', '2.99', '2.94', '2.93'] Repair=['2.80', '3.00', '2.95']
[PACO+ALNS ] Iteration 40/100 - Pareto Archive: 10
  ALNS weights: Destroy=['2.98', '2.56', '2.96', '2.73', '3.00'] Repair=['2.81', '2.67', '3.00']
[PACO+ALNS ] Iteration 50/100 - Pareto Archive: 11
  ALNS weights: Destroy=['2.71', '2.98', '2.85', '2.84', '2.83'] Repair=['2.87', '2.98', '2.95']
[PACO+ALNS ] Iteration 60/100 - Pareto Archive: 12
  ALNS weights: Destroy=['2.55', '2.51', '2.87', '2.58', '2.99'] Repair=['2.70', '2.57', '2.62']
[PACO+ALNS ] Iteration 70/100 - Pareto Archive: 12
  ALNS weights: Destroy=['2.67', '2.73', '2.99', '2.78', '2.89'] Repair=['2.89', '2.69', '2.95']
[PACO+ALNS ] Iteration 80/100 - Pareto Archive: 12
  ALNS weights: Destroy=['2.13', '2.99', '2.87', '2.80', '2.95'] Repair=['2.89', '2.64', '2.41']
[PACO+ALNS ] Iteration 90/100 - Pareto Archive: 12
  ALNS weights: Destroy=['2.38', '2.91', '2.93', '2.93', '2.57'] Repair=['2.90', '2.70', '2.61']
[PACO+ALNS ] Iteration 100/100 - Pareto Archive: 12
  ALNS weights: Destroy=['2.54', '2.81', '2.92', '2.88', '2.91'] Repair=['2.89', '2.73', '2.60']
[PACO+ALNS ] Iteration 10/100 - Pareto Archive: 10
  ALNS weights: Destroy=['3.00', '3.00', '3.21', '2.70', '2.57'] Repair=['2.82', '3.16', '2.90']
[PACO+ALNS ] Iteration 20/100 - Pareto Archive: 12
  ALNS weights: Destroy=['2.63', '2.87', '2.24', '2.76', '2.99'] Repair=['2.87', '2.67', '2.80']
[PACO+ALNS ] Iteration 30/100 - Pareto Archive: 12
  ALNS weights: Destroy=['2.73', '2.91', '2.78', '2.90', '2.64'] Repair=['2.82', '2.78', '2.79']
[PACO+ALNS ] Iteration 40/100 - Pareto Archive: 11
  ALNS weights: Destroy=['2.49', '2.92', '2.86', '2.90', '2.78'] Repair=['2.92', '2.84', '2.83']
[PACO+ALNS ] Iteration 50/100 - Pareto Archive: 12
  ALNS weights: Destroy=['2.99', '2.97', '2.90', '2.76', '2.91'] Repair=['2.93', '2.99', '2.94']
[PACO+ALNS ] Iteration 60/100 - Pareto Archive: 10
  ALNS weights: Destroy=['2.63', '3.00', '3.00', '2.90', '2.66'] Repair=['2.73', '2.82', '3.00']
[PACO+ALNS ] Iteration 70/100 - Pareto Archive: 11
  ALNS weights: Destroy=['2.46', '3.00', '3.00', '2.74', '2.76'] Repair=['2.81', '2.74', '2.86']
[PACO+ALNS ] Iteration 80/100 - Pareto Archive: 12
  ALNS weights: Destroy=['2.80', '2.82', '3.00', '2.74', '2.80'] Repair=['2.83', '2.78', '2.90']
[PACO+ALNS ] Iteration 90/100 - Pareto Archive: 12
  ALNS weights: Destroy=['2.27', '2.83', '2.62', '2.66', '2.90'] Repair=['2.49', '2.69', '2.64']
[PACO+ALNS ] Iteration 100/100 - Pareto Archive: 12
  ALNS weights: Destroy=['2.94', '2.84', '2.78', '2.90', '2.93'] Repair=['2.71', '2.99', '3.00']
[PACO+ALNS ] Iteration 10/100 - Pareto Archive: 8
  ALNS weights: Destroy=['2.97', '3.25', '2.96', '2.92', '2.47'] Repair=['2.96', '2.99', '3.12']
[PACO+ALNS ] Iteration 20/100 - Pareto Archive: 11
  ALNS weights: Destroy=['2.69', '3.00', '3.00', '2.69', '2.77'] Repair=['2.70', '2.70', '2.80']
[PACO+ALNS ] Iteration 30/100 - Pareto Archive: 11
  ALNS weights: Destroy=['2.79', '2.99', '2.99', '3.00', '2.22'] Repair=['3.00', '2.41', '2.93']
[PACO+ALNS ] Iteration 40/100 - Pareto Archive: 12
  ALNS weights: Destroy=['2.67', '2.77', '2.96', '2.84', '2.62'] Repair=['2.97', '2.69', '2.89']
[PACO+ALNS ] Iteration 50/100 - Pareto Archive: 12
  ALNS weights: Destroy=['2.51', '3.00', '2.83', '2.70', '2.99'] Repair=['2.70', '2.81', '2.96']
[PACO+ALNS ] Iteration 60/100 - Pareto Archive: 11
  ALNS weights: Destroy=['2.57', '2.92', '2.57', '2.73', '2.87'] Repair=['2.78', '2.38', '2.95']
[PACO+ALNS ] Iteration 70/100 - Pareto Archive: 12
  ALNS weights: Destroy=['3.03', '2.66', '2.49', '2.82', '2.73'] Repair=['3.04', '2.79', '2.34']
[PACO+ALNS ] Iteration 80/100 - Pareto Archive: 12
  ALNS weights: Destroy=['2.24', '2.70', '2.02', '2.39', '2.98'] Repair=['2.23', '2.12', '2.37']
[PACO+ALNS ] Iteration 90/100 - Pareto Archive: 12
  ALNS weights: Destroy=['2.88', '2.91', '2.97', '2.94', '2.84'] Repair=['2.99', '2.87', '2.93']
[PACO+ALNS ] Iteration 100/100 - Pareto Archive: 12
  ALNS weights: Destroy=['2.78', '2.89', '2.98', '2.83', '2.43'] Repair=['2.70', '2.77', '2.98']
[PACO+ALNS ] Iteration 10/100 - Pareto Archive: 7
  ALNS weights: Destroy=['2.80', '2.82', '2.91', '2.98', '2.94'] Repair=['2.93', '2.83', '2.94']
[PACO+ALNS ] Iteration 20/100 - Pareto Archive: 11
  ALNS weights: Destroy=['2.93', '2.96', '2.83', '2.60', '2.97'] Repair=['2.93', '2.81', '2.85']
[PACO+ALNS ] Iteration 30/100 - Pareto Archive: 11
  ALNS weights: Destroy=['2.50', '2.99', '2.80', '2.85', '3.00'] Repair=['2.86', '2.98', '2.57']
[PACO+ALNS ] Iteration 40/100 - Pareto Archive: 10
  ALNS weights: Destroy=['2.63', '3.00', '3.00', '2.99', '2.71'] Repair=['2.99', '2.90', '2.72']
[PACO+ALNS ] Iteration 50/100 - Pareto Archive: 12
  ALNS weights: Destroy=['2.69', '2.80', '2.99', '2.92', '2.97'] Repair=['2.97', '2.97', '2.78']
[PACO+ALNS ] Iteration 60/100 - Pareto Archive: 12
  ALNS weights: Destroy=['2.04', '2.69', '3.00', '2.58', '2.96'] Repair=['2.99', '2.68', '2.19']
[PACO+ALNS ] Iteration 70/100 - Pareto Archive: 12
  ALNS weights: Destroy=['2.64', '2.62', '2.96', '2.78', '2.44'] Repair=['2.22', '2.76', '2.94']
[PACO+ALNS ] Iteration 80/100 - Pareto Archive: 12
  ALNS weights: Destroy=['2.78', '2.99', '2.85', '2.33', '2.82'] Repair=['2.58', '2.98', '2.72']
[PACO+ALNS ] Iteration 90/100 - Pareto Archive: 12
  ALNS weights: Destroy=['2.46', '2.57', '2.91', '2.66', '2.97'] Repair=['2.83', '2.49', '2.69']
[PACO+ALNS ] Iteration 100/100 - Pareto Archive: 12
  ALNS weights: Destroy=['2.51', '2.36', '2.70', '2.33', '2.93'] Repair=['2.74', '2.09', '2.63']
[PACO+ALNS ] Iteration 10/100 - Pareto Archive: 7
  ALNS weights: Destroy=['2.67', '3.00', '3.08', '2.80', '2.41'] Repair=['2.94', '2.78', '2.88']
[PACO+ALNS ] Iteration 20/100 - Pareto Archive: 8
  ALNS weights: Destroy=['2.94', '2.96', '2.98', '2.83', '2.89'] Repair=['2.91', '2.99', '2.98']
[PACO+ALNS ] Iteration 30/100 - Pareto Archive: 10
  ALNS weights: Destroy=['2.95', '2.81', '3.00', '2.72', '3.00'] Repair=['2.99', '2.64', '2.99']
[PACO+ALNS ] Iteration 40/100 - Pareto Archive: 10
  ALNS weights: Destroy=['2.67', '2.69', '2.71', '2.65', '2.18'] Repair=['2.84', '2.27', '2.71']
[PACO+ALNS ] Iteration 50/100 - Pareto Archive: 12
  ALNS weights: Destroy=['2.77', '2.91', '3.00', '2.67', '2.52'] Repair=['2.98', '2.84', '2.61']
[PACO+ALNS ] Iteration 60/100 - Pareto Archive: 12
  ALNS weights: Destroy=['2.72', '2.98', '2.99', '2.98', '2.95'] Repair=['2.99', '2.99', '2.83']
[PACO+ALNS ] Iteration 70/100 - Pareto Archive: 11
  ALNS weights: Destroy=['2.39', '2.84', '2.84', '2.76', '3.00'] Repair=['2.63', '2.82', '2.88']
[PACO+ALNS ] Iteration 80/100 - Pareto Archive: 12
  ALNS weights: Destroy=['2.61', '2.36', '2.98', '2.28', '3.00'] Repair=['2.78', '2.19', '2.73']
[PACO+ALNS ] Iteration 90/100 - Pareto Archive: 11
  ALNS weights: Destroy=['2.51', '2.59', '2.78', '2.06', '2.84'] Repair=['1.98', '2.64', '2.56']
[PACO+ALNS ] Iteration 100/100 - Pareto Archive: 12
  ALNS weights: Destroy=['2.78', '2.77', '2.94', '2.56', '2.97'] Repair=['2.65', '2.70', '2.85']
[PACO+ALNS ] Iteration 10/100 - Pareto Archive: 5
  ALNS weights: Destroy=['2.60', '3.00', '2.95', '2.89', '2.79'] Repair=['2.79', '2.93', '2.89']
[PACO+ALNS ] Iteration 20/100 - Pareto Archive: 7
  ALNS weights: Destroy=['2.84', '2.92', '3.07', '2.98', '2.99'] Repair=['2.99', '3.00', '2.84']
[PACO+ALNS ] Iteration 30/100 - Pareto Archive: 11
  ALNS weights: Destroy=['2.66', '2.95', '3.00', '2.77', '2.74'] Repair=['2.90', '2.62', '2.93']
[PACO+ALNS ] Iteration 40/100 - Pareto Archive: 11
  ALNS weights: Destroy=['2.22', '2.80', '2.72', '2.48', '2.55'] Repair=['2.74', '2.52', '2.24']
[PACO+ALNS ] Iteration 50/100 - Pareto Archive: 8
  ALNS weights: Destroy=['2.69', '2.73', '2.97', '2.95', '2.49'] Repair=['2.85', '2.92', '2.83'][P-ACO-imp2] Iteration 10/100 - Archive: 13
[P-ACO-imp2] Iteration 20/100 - Archive: 16
[P-ACO-imp2] Iteration 30/100 - Archive: 15
[P-ACO-imp2] Iteration 40/100 - Archive: 23
[P-ACO-imp2] Iteration 50/100 - Archive: 15
[P-ACO-imp2] Iteration 60/100 - Archive: 17
[P-ACO-imp2] Iteration 70/100 - Archive: 18
[P-ACO-imp2] Iteration 80/100 - Archive: 19
[P-ACO-imp2] Iteration 90/100 - Archive: 19
[P-ACO-imp2] Iteration 100/100 - Archive: 19
[P-ACO-imp2] Iteration 10/100 - Archive: 16
[P-ACO-imp2] Iteration 20/100 - Archive: 17
[P-ACO-imp2] Iteration 30/100 - Archive: 13
[P-ACO-imp2] Iteration 40/100 - Archive: 17
[P-ACO-imp2] Iteration 50/100 - Archive: 14
[P-ACO-imp2] Iteration 60/100 - Archive: 16
[P-ACO-imp2] Iteration 70/100 - Archive: 18
[P-ACO-imp2] Iteration 80/100 - Archive: 22
[P-ACO-imp2] Iteration 90/100 - Archive: 25
[P-ACO-imp2] Iteration 100/100 - Archive: 16
[P-ACO-imp2] Iteration 10/100 - Archive: 12
[P-ACO-imp2] Iteration 20/100 - Archive: 14
[P-ACO-imp2] Iteration 30/100 - Archive: 14
[P-ACO-imp2] Iteration 40/100 - Archive: 9
[P-ACO-imp2] Iteration 50/100 - Archive: 10
[P-ACO-imp2] Iteration 60/100 - Archive: 11
[P-ACO-imp2] Iteration 70/100 - Archive: 9
[P-ACO-imp2] Iteration 80/100 - Archive: 11
[P-ACO-imp2] Iteration 90/100 - Archive: 13
[P-ACO-imp2] Iteration 100/100 - Archive: 14
[P-ACO-imp2] Iteration 10/100 - Archive: 15
[P-ACO-imp2] Iteration 20/100 - Archive: 18
[P-ACO-imp2] Iteration 30/100 - Archive: 11
[P-ACO-imp2] Iteration 40/100 - Archive: 9
[P-ACO-imp2] Iteration 50/100 - Archive: 10
[P-ACO-imp2] Iteration 60/100 - Archive: 12
[P-ACO-imp2] Iteration 70/100 - Archive: 11
[P-ACO-imp2] Iteration 80/100 - Archive: 11
[P-ACO-imp2] Iteration 90/100 - Archive: 12
[P-ACO-imp2] Iteration 100/100 - Archive: 15
[P-ACO-imp2] Iteration 10/100 - Archive: 14
[P-ACO-imp2] Iteration 20/100 - Archive: 19
[P-ACO-imp2] Iteration 30/100 - Archive: 24
[P-ACO-imp2] Iteration 40/100 - Archive: 21
[P-ACO-imp2] Iteration 50/100 - Archive: 25
[P-ACO-imp2] Iteration 60/100 - Archive: 21
[P-ACO-imp2] Iteration 70/100 - Archive: 25
[P-ACO-imp2] Iteration 80/100 - Archive: 24
[P-ACO-imp2] Iteration 90/100 - Archive: 23
[P-ACO-imp2] Iteration 100/100 - Archive: 25
[P-ACO-imp2] Iteration 10/100 - Archive: 12
[P-ACO-imp2] Iteration 20/100 - Archive: 12
[P-ACO-imp2] Iteration 30/100 - Archive: 13
[P-ACO-imp2] Iteration 40/100 - Archive: 14
[P-ACO-imp2] Iteration 50/100 - Archive: 11
[P-ACO-imp2] Iteration 60/100 - Archive: 12
[P-ACO-imp2] Iteration 70/100 - Archive: 12
[P-ACO-imp2] Iteration 80/100 - Archive: 13
[P-ACO-imp2] Iteration 90/100 - Archive: 16
[P-ACO-imp2] Iteration 100/100 - Archive: 18
[P-ACO-imp2] Iteration 10/100 - Archive: 14
[P-ACO-imp2] Iteration 20/100 - Archive: 14
[P-ACO-imp2] Iteration 30/100 - Archive: 14
[P-ACO-imp2] Iteration 40/100 - Archive: 16
[P-ACO-imp2] Iteration 50/100 - Archive: 17
[P-ACO-imp2] Iteration 60/100 - Archive: 15
[P-ACO-imp2] Iteration 70/100 - Archive: 15
[P-ACO-imp2] Iteration 80/100 - Archive: 16
[P-ACO-imp2] Iteration 90/100 - Archive: 17
[P-ACO-imp2] Iteration 100/100 - Archive: 18
[P-ACO-imp2] Iteration 10/100 - Archive: 9
[P-ACO-imp2] Iteration 20/100 - Archive: 14
[P-ACO-imp2] Iteration 30/100 - Archive: 15
[P-ACO-imp2] Iteration 40/100 - Archive: 17
[P-ACO-imp2] Iteration 50/100 - Archive: 19
[P-ACO-imp2] Iteration 60/100 - Archive: 21
[P-ACO-imp2] Iteration 70/100 - Archive: 20
[P-ACO-imp2] Iteration 80/100 - Archive: 19
[P-ACO-imp2] Iteration 90/100 - Archive: 23
[P-ACO-imp2] Iteration 100/100 - Archive: 18
[P-ACO-imp2] Iteration 10/100 - Archive: 9
[P-ACO-imp2] Iteration 20/100 - Archive: 18
[P-ACO-imp2] Iteration 30/100 - Archive: 18
[P-ACO-imp2] Iteration 40/100 - Archive: 15
[P-ACO-imp2] Iteration 50/100 - Archive: 17
[P-ACO-imp2] Iteration 60/100 - Archive: 21
[P-ACO-imp2] Iteration 70/100 - Archive: 18
[P-ACO-imp2] Iteration 80/100 - Archive: 16
[P-ACO-imp2] Iteration 90/100 - Archive: 18
[P-ACO-imp2] Iteration 100/100 - Archive: 14
[P-ACO-imp2] Iteration 10/100 - Archive: 15
[P-ACO-imp2] Iteration 20/100 - Archive: 21
[P-ACO-imp2] Iteration 30/100 - Archive: 15
[P-ACO-imp2] Iteration 40/100 - Archive: 14
[P-ACO-imp2] Iteration 50/100 - Archive: 12
[P-ACO-imp2] Iteration 60/100 - Archive: 13
[P-ACO-imp2] Iteration 70/100 - Archive: 16
[P-ACO-imp2] Iteration 80/100 - Archive: 19
[P-ACO-imp2] Iteration 90/100 - Archive: 19
[P-ACO-imp2] Iteration 100/100 - Archive: 22
  Route plotted and saved to: C:\Users\23992\FURP-2026-XinyueXie-Truck-Drone-Routing\src\experiments\PACO+ALNS\results\20260807_w8\routes_imp2_50c_RC201_4V_high_min_cost.png
  Route plotted and saved to: C:\Users\23992\FURP-2026-XinyueXie-Truck-Drone-Routing\src\experiments\PACO+ALNS\results\20260807_w8\routes_imp2_50c_RC201_4V_high_min_tardiness.png
  Route plotted and saved to: C:\Users\23992\FURP-2026-XinyueXie-Truck-Drone-Routing\src\experiments\PACO+ALNS\results\20260807_w8\routes_imp2_50c_RC201_4V_high_compromise.png
[done] 50c_RC201_4V_high imp2 time=64.9s cost=406.5 tard=5325.9 sols=17.9
[start] 100c_RC201_10V_medium imp2 runs=10 max_iter=100 seed=20274806
[PACO+ALNS ] Iteration 10/100 - Pareto Archive: 9
  ALNS weights: Destroy=['2.74', '3.00', '3.00', '2.73', '2.94'] Repair=['2.61', '3.00', '2.99']
[PACO+ALNS ] Iteration 20/100 - Pareto Archive: 6
  ALNS weights: Destroy=['2.76', '2.68', '3.00', '2.65', '2.99'] Repair=['2.97', '2.68', '2.55']
[PACO+ALNS ] Iteration 30/100 - Pareto Archive: 10
  ALNS weights: Destroy=['2.95', '2.93', '3.00', '3.00', '3.00'] Repair=['2.95', '3.00', '3.00']
[PACO+ALNS ] Iteration 40/100 - Pareto Archive: 12
  ALNS weights: Destroy=['3.00', '2.72', '2.89', '2.43', '2.93'] Repair=['2.87', '2.85', '2.80']
[PACO+ALNS ] Iteration 50/100 - Pareto Archive: 12
  ALNS weights: Destroy=['2.99', '3.00', '2.98', '2.98', '2.94'] Repair=['2.97', '3.00', '3.00']
[PACO+ALNS ] Iteration 60/100 - Pareto Archive: 12
  ALNS weights: Destroy=['2.58', '2.89', '2.87', '2.63', '2.99'] Repair=['2.85', '2.78', '2.56']
[PACO+ALNS ] Iteration 70/100 - Pareto Archive: 12
  ALNS weights: Destroy=['2.36', '2.70', '3.00', '2.94', '2.88'] Repair=['2.88', '2.58', '2.95']
[PACO+ALNS ] Iteration 80/100 - Pareto Archive: 12
  ALNS weights: Destroy=['2.53', '2.79', '2.69', '2.96', '2.88'] Repair=['2.99', '2.88', '2.72']
[PACO+ALNS ] Iteration 90/100 - Pareto Archive: 12
  ALNS weights: Destroy=['2.88', '2.86', '2.81', '2.96', '2.98'] Repair=['2.93', '2.98', '2.87']
[PACO+ALNS ] Iteration 100/100 - Pareto Archive: 12
  ALNS weights: Destroy=['2.82', '3.00', '2.65', '2.88', '2.95'] Repair=['2.90', '2.84', '2.92']
[PACO+ALNS ] Iteration 10/100 - Pareto Archive: 10
  ALNS weights: Destroy=['2.86', '2.96', '3.01', '2.93', '2.76'] Repair=['2.95', '2.99', '2.95']
[PACO+ALNS ] Iteration 20/100 - Pareto Archive: 12
  ALNS weights: Destroy=['2.99', '2.72', '3.00', '2.84', '3.00'] Repair=['2.89', '3.00', '2.98']
[PACO+ALNS ] Iteration 30/100 - Pareto Archive: 12
  ALNS weights: Destroy=['2.76', '2.73', '2.97', '2.73', '2.94'] Repair=['2.98', '2.70', '2.84']
[PACO+ALNS ] Iteration 40/100 - Pareto Archive: 12
  ALNS weights: Destroy=['2.65', '3.00', '3.00', '3.00', '2.78'] Repair=['2.68', '3.00', '2.78']
[PACO+ALNS ] Iteration 50/100 - Pareto Archive: 12
  ALNS weights: Destroy=['2.98', '2.95', '3.05', '2.70', '2.94'] Repair=['2.87', '3.01', '2.70']
[PACO+ALNS ] Iteration 60/100 - Pareto Archive: 12
  ALNS weights: Destroy=['2.99', '2.88', '2.70', '2.56', '3.00'] Repair=['2.77', '2.86', '2.71']
[PACO+ALNS ] Iteration 70/100 - Pareto Archive: 12
  ALNS weights: Destroy=['2.82', '2.97', '2.99', '2.58', '3.00'] Repair=['3.00', '2.60', '2.80']
[PACO+ALNS ] Iteration 80/100 - Pareto Archive: 12
  ALNS weights: Destroy=['2.63', '2.41', '2.90', '2.58', '2.73'] Repair=['2.53', '2.88', '2.52']
[PACO+ALNS ] Iteration 90/100 - Pareto Archive: 12
  ALNS weights: Destroy=['2.65', '2.77', '2.98', '2.94', '2.99'] Repair=['2.88', '2.73', '2.90']
[PACO+ALNS ] Iteration 100/100 - Pareto Archive: 12
  ALNS weights: Destroy=['2.50', '2.97', '2.84', '2.76', '2.89'] Repair=['2.83', '2.89', '2.77']
[PACO+ALNS ] Iteration 10/100 - Pareto Archive: 7
  ALNS weights: Destroy=['2.48', '2.99', '2.99', '2.70', '2.43'] Repair=['2.50', '2.89', '2.71']
[PACO+ALNS ] Iteration 20/100 - Pareto Archive: 11
  ALNS weights: Destroy=['2.98', '2.70', '2.86', '3.00', '2.59'] Repair=['2.83', '3.00', '2.74']
[PACO+ALNS ] Iteration 30/100 - Pareto Archive: 12
  ALNS weights: Destroy=['2.95', '2.99', '3.00', '3.00', '2.99'] Repair=['3.00', '2.95', '3.00']
[PACO+ALNS ] Iteration 40/100 - Pareto Archive: 12
  ALNS weights: Destroy=['2.97', '2.69', '2.84', '3.00', '2.97'] Repair=['2.88', '2.96', '2.92']
[PACO+ALNS ] Iteration 50/100 - Pareto Archive: 11
  ALNS weights: Destroy=['2.95', '2.82', '3.00', '2.99', '2.92'] Repair=['2.95', '3.00', '2.98']
[PACO+ALNS ] Iteration 60/100 - Pareto Archive: 10
  ALNS weights: Destroy=['3.02', '2.70', '3.03', '2.73', '2.89'] Repair=['2.96', '2.69', '2.80']
[PACO+ALNS ] Iteration 70/100 - Pareto Archive: 12
  ALNS weights: Destroy=['2.96', '2.94', '3.00', '3.10', '2.44'] Repair=['2.95', '3.01', '3.01']
[PACO+ALNS ] Iteration 80/100 - Pareto Archive: 12
  ALNS weights: Destroy=['2.87', '3.00', '3.03', '2.65', '2.93'] Repair=['2.90', '2.94', '2.97']
[PACO+ALNS ] Iteration 90/100 - Pareto Archive: 12
  ALNS weights: Destroy=['2.93', '2.48', '3.00', '2.86', '2.58'] Repair=['2.86', '2.83', '2.81']
[PACO+ALNS ] Iteration 100/100 - Pareto Archive: 12
  ALNS weights: Destroy=['2.87', '2.84', '3.00', '2.66', '2.92'] Repair=['2.93', '2.96', '2.57']
[PACO+ALNS ] Iteration 10/100 - Pareto Archive: 7
  ALNS weights: Destroy=['2.67', '2.92', '3.00', '3.00', '3.00'] Repair=['2.64', '3.00', '3.00']
[PACO+ALNS ] Iteration 20/100 - Pareto Archive: 10
  ALNS weights: Destroy=['2.58', '3.00', '2.98', '2.99', '2.97'] Repair=['3.00', '3.00', '2.67']
[PACO+ALNS ] Iteration 30/100 - Pareto Archive: 11
  ALNS weights: Destroy=['2.87', '2.94', '2.99', '2.88', '3.06'] Repair=['2.81', '3.00', '2.95']
[PACO+ALNS ] Iteration 40/100 - Pareto Archive: 12
  ALNS weights: Destroy=['2.69', '3.02', '3.00', '2.70', '2.80'] Repair=['3.00', '2.70', '2.82']
[PACO+ALNS ] Iteration 50/100 - Pareto Archive: 11
  ALNS weights: Destroy=['2.96', '2.99', '2.71', '2.98', '2.95'] Repair=['2.96', '2.79', '3.00']
[PACO+ALNS ] Iteration 60/100 - Pareto Archive: 9
  ALNS weights: Destroy=['2.93', '3.00', '3.00', '2.95', '2.61'] Repair=['3.00', '2.82', '2.88']
[PACO+ALNS ] Iteration 70/100 - Pareto Archive: 10
  ALNS weights: Destroy=['2.46', '3.00', '3.00', '2.60', '2.82'] Repair=['2.72', '2.73', '2.98']
[PACO+ALNS ] Iteration 80/100 - Pareto Archive: 9
  ALNS weights: Destroy=['2.27', '2.57', '3.00', '2.41', '2.97'] Repair=['2.20', '2.71', '2.62']
[PACO+ALNS ] Iteration 90/100 - Pareto Archive: 10
  ALNS weights: Destroy=['3.00', '3.00', '2.79', '3.11', '3.00'] Repair=['2.93', '2.99', '3.17']
[PACO+ALNS ] Iteration 100/100 - Pareto Archive: 12
  ALNS weights: Destroy=['2.55', '2.83', '2.87', '2.92', '2.67'] Repair=['2.44', '2.77', '2.88']
[PACO+ALNS ] Iteration 10/100 - Pareto Archive: 10
  ALNS weights: Destroy=['2.71', '3.00', '3.00', '2.64', '2.51'] Repair=['2.90', '2.78', '2.71']
[PACO+ALNS ] Iteration 20/100 - Pareto Archive: 9
  ALNS weights: Destroy=['2.99', '2.99', '2.95', '2.85', '2.99'] Repair=['2.97', '2.93', '2.99']
[PACO+ALNS ] Iteration 30/100 - Pareto Archive: 11
  ALNS weights: Destroy=['2.86', '2.97', '2.69', '2.79', '2.50'] Repair=['2.98', '2.78', '2.81']
[PACO+ALNS ] Iteration 40/100 - Pareto Archive: 12
  ALNS weights: Destroy=['2.74', '2.99', '2.97', '2.82', '2.97'] Repair=['2.75', '3.00', '2.80']
[PACO+ALNS ] Iteration 50/100 - Pareto Archive: 10
  ALNS weights: Destroy=['2.85', '2.84', '2.99', '2.62', '3.00'] Repair=['2.89', '2.91', '2.83']
[PACO+ALNS ] Iteration 60/100 - Pareto Archive: 12
  ALNS weights: Destroy=['2.44', '2.68', '2.99', '2.50', '2.95'] Repair=['2.68', '2.82', '2.43']
[PACO+ALNS ] Iteration 70/100 - Pareto Archive: 12
  ALNS weights: Destroy=['2.85', '2.97', '3.00', '2.53', '2.82'] Repair=['2.90', '2.80', '2.70']
[PACO+ALNS ] Iteration 80/100 - Pareto Archive: 12
  ALNS weights: Destroy=['2.62', '2.86', '2.95', '2.76', '2.85'] Repair=['2.49', '2.95', '2.94']
[PACO+ALNS ] Iteration 90/100 - Pareto Archive: 10
  ALNS weights: Destroy=['2.79', '2.82', '3.00', '2.65', '3.00'] Repair=['2.74', '2.85', '2.52']
[PACO+ALNS ] Iteration 100/100 - Pareto Archive: 11
  ALNS weights: Destroy=['2.46', '2.69', '3.00', '2.60', '3.00'] Repair=['3.00', '2.79', '2.27']
[PACO+ALNS ] Iteration 10/100 - Pareto Archive: 11
  ALNS weights: Destroy=['2.51', '3.00', '2.94', '2.96', '2.98'] Repair=['2.66', '3.00', '2.78']
[PACO+ALNS ] Iteration 20/100 - Pareto Archive: 12
  ALNS weights: Destroy=['2.99', '3.00', '3.00', '2.84', '2.99'] Repair=['2.98', '2.96', '2.99']
[PACO+ALNS ] Iteration 30/100 - Pareto Archive: 12
  ALNS weights: Destroy=['2.72', '2.93', '3.00', '2.70', '3.00'] Repair=['2.96', '2.75', '2.74']
[PACO+ALNS ] Iteration 40/100 - Pareto Archive: 12
  ALNS weights: Destroy=['2.79', '2.99', '3.00', '2.77', '2.82'] Repair=['2.94', '2.80', '2.83']
[PACO+ALNS ] Iteration 50/100 - Pareto Archive: 12
  ALNS weights: Destroy=['2.64', '2.79', '2.90', '2.98', '2.99'] Repair=['2.97', '2.84', '2.86']Generation 20/100, Population size: 85
Generation 40/100, Population size: 94
Generation 60/100, Population size: 92
Generation 80/100, Population size: 99
Generation 100/100, Population size: 100
Generation 20/100, Population size: 91
Generation 40/100, Population size: 91
Generation 60/100, Population size: 100
Generation 80/100, Population size: 100
Generation 100/100, Population size: 100
Generation 20/100, Population size: 97
Generation 40/100, Population size: 100
Generation 60/100, Population size: 93
Generation 80/100, Population size: 100
Generation 100/100, Population size: 100
Generation 20/100, Population size: 97
Generation 40/100, Population size: 87
Generation 60/100, Population size: 94
Generation 80/100, Population size: 100
Generation 100/100, Population size: 92
Generation 20/100, Population size: 79
Generation 40/100, Population size: 87
Generation 60/100, Population size: 100
Generation 80/100, Population size: 100
Generation 100/100, Population size: 100
Generation 20/100, Population size: 90
Generation 40/100, Population size: 91
Generation 60/100, Population size: 95
Generation 80/100, Population size: 100
Generation 100/100, Population size: 100
Generation 20/100, Population size: 77
Generation 40/100, Population size: 91
Generation 60/100, Population size: 100
Generation 80/100, Population size: 100
Generation 100/100, Population size: 100
Generation 20/100, Population size: 80
Generation 40/100, Population size: 92
Generation 60/100, Population size: 100
Generation 80/100, Population size: 99
Generation 100/100, Population size: 100
Generation 20/100, Population size: 95
Generation 40/100, Population size: 92
Generation 60/100, Population size: 100
Generation 80/100, Population size: 100
Generation 100/100, Population size: 100
Generation 20/100, Population size: 91
Generation 40/100, Population size: 96
Generation 60/100, Population size: 100
Generation 80/100, Population size: 100
Generation 100/100, Population size: 99
  Route plotted and saved to: C:\Users\23992\FURP-2026-XinyueXie-Truck-Drone-Routing\src\experiments\PACO+ALNS\results\20260807_w8\routes_nsga2_100c_RC201_10V_medium_min_cost.png
  Route plotted and saved to: C:\Users\23992\FURP-2026-XinyueXie-Truck-Drone-Routing\src\experiments\PACO+ALNS\results\20260807_w8\routes_nsga2_100c_RC201_10V_medium_min_tardiness.png
  Route plotted and saved to: C:\Users\23992\FURP-2026-XinyueXie-Truck-Drone-Routing\src\experiments\PACO+ALNS\results\20260807_w8\routes_nsga2_100c_RC201_10V_medium_compromise.png
[done] 100c_RC201_10V_medium nsga2 time=10.9s cost=1861.3 tard=5952.6 sols=37.3
[start] 100c_RC201_10V_medium w7 runs=10 max_iter=100 seed=20274807
[P-ACO-imp2] Iteration 10/100 - Archive: 12
[P-ACO-imp2] Iteration 20/100 - Archive: 12
[P-ACO-imp2] Iteration 30/100 - Archive: 14
[P-ACO-imp2] Iteration 40/100 - Archive: 15
[P-ACO-imp2] Iteration 50/100 - Archive: 16
[P-ACO-imp2] Iteration 60/100 - Archive: 16
[P-ACO-imp2] Iteration 70/100 - Archive: 17
[P-ACO-imp2] Iteration 80/100 - Archive: 15
[P-ACO-imp2] Iteration 90/100 - Archive: 11
[P-ACO-imp2] Iteration 100/100 - Archive: 10
[P-ACO-imp2] Iteration 10/100 - Archive: 11
[P-ACO-imp2] Iteration 20/100 - Archive: 17
[P-ACO-imp2] Iteration 30/100 - Archive: 18
[P-ACO-imp2] Iteration 40/100 - Archive: 15
[P-ACO-imp2] Iteration 50/100 - Archive: 16
[P-ACO-imp2] Iteration 60/100 - Archive: 12
[P-ACO-imp2] Iteration 70/100 - Archive: 13
[P-ACO-imp2] Iteration 80/100 - Archive: 16
[P-ACO-imp2] Iteration 90/100 - Archive: 17
[P-ACO-imp2] Iteration 100/100 - Archive: 19
[P-ACO-imp2] Iteration 10/100 - Archive: 9
[P-ACO-imp2] Iteration 20/100 - Archive: 15
[P-ACO-imp2] Iteration 30/100 - Archive: 17
[P-ACO-imp2] Iteration 40/100 - Archive: 18
[P-ACO-imp2] Iteration 50/100 - Archive: 16
[P-ACO-imp2] Iteration 60/100 - Archive: 14
[P-ACO-imp2] Iteration 70/100 - Archive: 10
[P-ACO-imp2] Iteration 80/100 - Archive: 13
[P-ACO-imp2] Iteration 90/100 - Archive: 13
[P-ACO-imp2] Iteration 100/100 - Archive: 17
[P-ACO-imp2] Iteration 10/100 - Archive: 5
[P-ACO-imp2] Iteration 20/100 - Archive: 5
[P-ACO-imp2] Iteration 30/100 - Archive: 6
[P-ACO-imp2] Iteration 40/100 - Archive: 7
[P-ACO-imp2] Iteration 50/100 - Archive: 7
[P-ACO-imp2] Iteration 60/100 - Archive: 7
[P-ACO-imp2] Iteration 70/100 - Archive: 7
[P-ACO-imp2] Iteration 80/100 - Archive: 7
[P-ACO-imp2] Iteration 90/100 - Archive: 7
[P-ACO-imp2] Iteration 100/100 - Archive: 7
[P-ACO-imp2] Iteration 10/100 - Archive: 7
[P-ACO-imp2] Iteration 20/100 - Archive: 9
[P-ACO-imp2] Iteration 30/100 - Archive: 15
[P-ACO-imp2] Iteration 40/100 - Archive: 16
[P-ACO-imp2] Iteration 50/100 - Archive: 15
[P-ACO-imp2] Iteration 60/100 - Archive: 16
[P-ACO-imp2] Iteration 70/100 - Archive: 9
[P-ACO-imp2] Iteration 80/100 - Archive: 8
[P-ACO-imp2] Iteration 90/100 - Archive: 10
[P-ACO-imp2] Iteration 100/100 - Archive: 9
[P-ACO-imp2] Iteration 10/100 - Archive: 13
[P-ACO-imp2] Iteration 20/100 - Archive: 9
[P-ACO-imp2] Iteration 30/100 - Archive: 8
[P-ACO-imp2] Iteration 40/100 - Archive: 8
[P-ACO-imp2] Iteration 50/100 - Archive: 10
[P-ACO-imp2] Iteration 60/100 - Archive: 8
[P-ACO-imp2] Iteration 70/100 - Archive: 12
[P-ACO-imp2] Iteration 80/100 - Archive: 9
[P-ACO-imp2] Iteration 90/100 - Archive: 9
[P-ACO-imp2] Iteration 100/100 - Archive: 10
[P-ACO-imp2] Iteration 10/100 - Archive: 4
[P-ACO-imp2] Iteration 20/100 - Archive: 8
[P-ACO-imp2] Iteration 30/100 - Archive: 10
[P-ACO-imp2] Iteration 40/100 - Archive: 9
[P-ACO-imp2] Iteration 50/100 - Archive: 11
[P-ACO-imp2] Iteration 60/100 - Archive: 13
[P-ACO-imp2] Iteration 70/100 - Archive: 15
[P-ACO-imp2] Iteration 80/100 - Archive: 16
[P-ACO-imp2] Iteration 90/100 - Archive: 18
[P-ACO-imp2] Iteration 100/100 - Archive: 20
[P-ACO-imp2] Iteration 10/100 - Archive: 10
[P-ACO-imp2] Iteration 20/100 - Archive: 13
[P-ACO-imp2] Iteration 30/100 - Archive: 10
[P-ACO-imp2] Iteration 40/100 - Archive: 15
[P-ACO-imp2] Iteration 50/100 - Archive: 17
[P-ACO-imp2] Iteration 60/100 - Archive: 15
[P-ACO-imp2] Iteration 70/100 - Archive: 7
[P-ACO-imp2] Iteration 80/100 - Archive: 7
[P-ACO-imp2] Iteration 90/100 - Archive: 11
[P-ACO-imp2] Iteration 100/100 - Archive: 10
[P-ACO-imp2] Iteration 10/100 - Archive: 8
[P-ACO-imp2] Iteration 20/100 - Archive: 8
[P-ACO-imp2] Iteration 30/100 - Archive: 9
[P-ACO-imp2] Iteration 40/100 - Archive: 10
[P-ACO-imp2] Iteration 50/100 - Archive: 11
[P-ACO-imp2] Iteration 60/100 - Archive: 10
[P-ACO-imp2] Iteration 70/100 - Archive: 9
[P-ACO-imp2] Iteration 80/100 - Archive: 9
[P-ACO-imp2] Iteration 90/100 - Archive: 10
[P-ACO-imp2] Iteration 100/100 - Archive: 11
[P-ACO-imp2] Iteration 10/100 - Archive: 7
[P-ACO-imp2] Iteration 20/100 - Archive: 12
[P-ACO-imp2] Iteration 30/100 - Archive: 11
[P-ACO-imp2] Iteration 40/100 - Archive: 12
[P-ACO-imp2] Iteration 50/100 - Archive: 15
[P-ACO-imp2] Iteration 60/100 - Archive: 14
[P-ACO-imp2] Iteration 70/100 - Archive: 13
[P-ACO-imp2] Iteration 80/100 - Archive: 13
[P-ACO-imp2] Iteration 90/100 - Archive: 12
[P-ACO-imp2] Iteration 100/100 - Archive: 14
  Route plotted and saved to: C:\Users\23992\FURP-2026-XinyueXie-Truck-Drone-Routing\src\experiments\PACO+ALNS\results\20260807_w8\routes_imp2_50c_RC101_6V_high_min_cost.png
  Route plotted and saved to: C:\Users\23992\FURP-2026-XinyueXie-Truck-Drone-Routing\src\experiments\PACO+ALNS\results\20260807_w8\routes_imp2_50c_RC101_6V_high_min_tardiness.png
  Route plotted and saved to: C:\Users\23992\FURP-2026-XinyueXie-Truck-Drone-Routing\src\experiments\PACO+ALNS\results\20260807_w8\routes_imp2_50c_RC101_6V_high_compromise.png
[done] 50c_RC101_6V_high imp2 time=61.9s cost=362.7 tard=2802.2 sols=12.7
[start] 100c_RC201_10V_high nsga2 runs=10 max_iter=100 seed=20275805
[PACO+ALNS ] Iteration 10/100 - Pareto Archive: 8
  ALNS weights: Destroy=['2.98', '3.16', '2.94', '2.99', '2.67'] Repair=['3.15', '2.98', '2.98']
[PACO+ALNS ] Iteration 20/100 - Pareto Archive: 12
  ALNS weights: Destroy=['2.68', '2.67', '2.82', '2.74', '2.74'] Repair=['3.00', '2.82', '2.38']
[PACO+ALNS ] Iteration 30/100 - Pareto Archive: 12
  ALNS weights: Destroy=['2.68', '2.94', '3.00', '2.91', '2.90'] Repair=['2.75', '3.00', '2.98']
[PACO+ALNS ] Iteration 40/100 - Pareto Archive: 11
  ALNS weights: Destroy=['2.64', '2.84', '3.00', '2.54', '3.00'] Repair=['2.69', '2.90', '2.61']
[PACO+ALNS ] Iteration 50/100 - Pareto Archive: 11
  ALNS weights: Destroy=['2.84', '3.00', '2.43', '2.52', '2.78'] Repair=['2.96', '2.69', '2.34']
[PACO+ALNS ] Iteration 60/100 - Pareto Archive: 12
  ALNS weights: Destroy=['2.46', '2.84', '2.60', '2.59', '2.67'] Repair=['2.84', '2.57', '2.60']
[PACO+ALNS ] Iteration 70/100 - Pareto Archive: 10
  ALNS weights: Destroy=['2.96', '3.00', '3.00', '2.70', '2.72'] Repair=['2.89', '2.86', '3.00']
[PACO+ALNS ] Iteration 80/100 - Pareto Archive: 11
  ALNS weights: Destroy=['2.69', '2.98', '3.08', '2.97', '2.70'] Repair=['2.90', '2.89', '2.86']
[PACO+ALNS ] Iteration 90/100 - Pareto Archive: 12
  ALNS weights: Destroy=['2.53', '2.88', '2.57', '2.71', '2.94'] Repair=['2.78', '2.84', '2.65']
[PACO+ALNS ] Iteration 100/100 - Pareto Archive: 12
  ALNS weights: Destroy=['2.44', '3.00', '2.65', '2.34', '2.74'] Repair=['2.72', '2.63', '2.63']
[PACO+ALNS ] Iteration 10/100 - Pareto Archive: 10
  ALNS weights: Destroy=['2.69', '2.99', '2.97', '2.90', '2.80'] Repair=['2.97', '2.95', '2.70']
[PACO+ALNS ] Iteration 20/100 - Pareto Archive: 11
  ALNS weights: Destroy=['2.73', '3.00', '2.97', '2.89', '2.73'] Repair=['2.74', '3.00', '2.55']
[PACO+ALNS ] Iteration 30/100 - Pareto Archive: 11
  ALNS weights: Destroy=['2.81', '2.70', '2.97', '2.87', '3.10'] Repair=['2.75', '2.94', '2.72']
[PACO+ALNS ] Iteration 40/100 - Pareto Archive: 12
  ALNS weights: Destroy=['2.87', '3.01', '3.00', '2.39', '3.00'] Repair=['2.76', '2.96', '2.75']
[PACO+ALNS ] Iteration 50/100 - Pareto Archive: 11
  ALNS weights: Destroy=['2.91', '3.00', '3.00', '2.78', '2.96'] Repair=['2.99', '2.77', '2.98']
[PACO+ALNS ] Iteration 60/100 - Pareto Archive: 12
  ALNS weights: Destroy=['2.95', '3.00', '3.00', '2.84', '2.61'] Repair=['2.99', '2.93', '2.99']
[PACO+ALNS ] Iteration 70/100 - Pareto Archive: 12
  ALNS weights: Destroy=['2.87', '2.96', '3.00', '2.88', '2.97'] Repair=['2.96', '2.96', '2.98']
[PACO+ALNS ] Iteration 80/100 - Pareto Archive: 12
  ALNS weights: Destroy=['2.23', '2.92', '2.89', '2.42', '2.88'] Repair=['2.26', '2.59', '2.83']
[PACO+ALNS ] Iteration 90/100 - Pareto Archive: 12
  ALNS weights: Destroy=['2.74', '2.86', '3.00', '2.73', '2.99'] Repair=['2.88', '2.89', '2.88']
[PACO+ALNS ] Iteration 100/100 - Pareto Archive: 12
  ALNS weights: Destroy=['2.90', '2.50', '2.99', '2.66', '2.87'] Repair=['2.98', '2.46', '2.90']
[PACO+ALNS ] Iteration 10/100 - Pareto Archive: 10
  ALNS weights: Destroy=['3.00', '2.69', '3.00', '2.96', '2.92'] Repair=['2.70', '3.00', '3.00']
[PACO+ALNS ] Iteration 20/100 - Pareto Archive: 10
  ALNS weights: Destroy=['2.79', '3.00', '3.00', '2.41', '3.00'] Repair=['2.67', '2.74', '2.96']
[PACO+ALNS ] Iteration 30/100 - Pareto Archive: 12
  ALNS weights: Destroy=['2.76', '2.92', '2.95', '2.51', '2.84'] Repair=['2.90', '2.74', '2.68']
[PACO+ALNS ] Iteration 40/100 - Pareto Archive: 12
  ALNS weights: Destroy=['2.71', '2.96', '2.99', '3.00', '2.67'] Repair=['2.83', '2.97', '2.70']
[PACO+ALNS ] Iteration 50/100 - Pareto Archive: 12
  ALNS weights: Destroy=['2.59', '2.71', '2.88', '2.79', '2.77'] Repair=['2.94', '2.40', '2.85']
[PACO+ALNS ] Iteration 60/100 - Pareto Archive: 12
  ALNS weights: Destroy=['2.86', '3.00', '2.92', '2.60', '2.80'] Repair=['2.98', '2.98', '2.72']
[PACO+ALNS ] Iteration 70/100 - Pareto Archive: 12
  ALNS weights: Destroy=['3.00', '3.00', '3.00', '2.95', '2.99'] Repair=['3.00', '3.00', '2.95']
[PACO+ALNS ] Iteration 80/100 - Pareto Archive: 11
  ALNS weights: Destroy=['2.75', '2.98', '2.99', '2.78', '2.95'] Repair=['3.00', '2.95', '2.76']
[PACO+ALNS ] Iteration 90/100 - Pareto Archive: 12
  ALNS weights: Destroy=['2.72', '3.00', '3.00', '2.95', '2.69'] Repair=['2.88', '2.71', '2.84']
[PACO+ALNS ] Iteration 100/100 - Pareto Archive: 12
  ALNS weights: Destroy=['2.35', '2.86', '3.00', '2.82', '2.99'] Repair=['2.52', '2.85', '2.95']
[PACO+ALNS ] Iteration 10/100 - Pareto Archive: 6
  ALNS weights: Destroy=['2.74', '3.08', '3.00', '2.69', '2.90'] Repair=['2.65', '3.00', '2.94']
[PACO+ALNS ] Iteration 20/100 - Pareto Archive: 12
  ALNS weights: Destroy=['2.88', '2.99', '2.95', '2.78', '2.91'] Repair=['2.78', '2.94', '2.97']
[PACO+ALNS ] Iteration 30/100 - Pareto Archive: 12
  ALNS weights: Destroy=['2.93', '3.00', '3.00', '2.91', '2.51'] Repair=['2.90', '2.97', '2.63']
[PACO+ALNS ] Iteration 40/100 - Pareto Archive: 8
  ALNS weights: Destroy=['2.99', '2.98', '3.00', '2.64', '2.74'] Repair=['2.97', '2.71', '2.99']
[PACO+ALNS ] Iteration 50/100 - Pareto Archive: 10
  ALNS weights: Destroy=['2.83', '3.00', '3.00', '2.75', '2.89'] Repair=['2.41', '2.99', '2.98']
[PACO+ALNS ] Iteration 60/100 - Pareto Archive: 12
  ALNS weights: Destroy=['2.97', '3.11', '3.00', '2.82', '2.94'] Repair=['2.95', '2.78', '3.00']
[PACO+ALNS ] Iteration 70/100 - Pareto Archive: 12
  ALNS weights: Destroy=['2.54', '2.68', '3.00', '2.88', '2.96'] Repair=['2.94', '2.68', '2.51']
[PACO+ALNS ] Iteration 80/100 - Pareto Archive: 12
  ALNS weights: Destroy=['2.50', '2.55', '3.00', '2.60', '2.90'] Repair=['2.95', '2.71', '2.25']
[PACO+ALNS ] Iteration 90/100 - Pareto Archive: 12
  ALNS weights: Destroy=['2.69', '2.87', '3.00', '2.45', '2.98'] Repair=['2.83', '2.68', '2.88']
[PACO+ALNS ] Iteration 100/100 - Pareto Archive: 12
  ALNS weights: Destroy=['2.65', '2.86', '3.00', '2.92', '2.78'] Repair=['2.73', '2.78', '2.88']
[PACO+ALNS ] Iteration 10/100 - Pareto Archive: 4
  ALNS weights: Destroy=['2.74', '2.85', '3.00', '3.00', '2.81'] Repair=['2.63', '2.98', '3.00']
[PACO+ALNS ] Iteration 20/100 - Pareto Archive: 8
  ALNS weights: Destroy=['2.91', '3.00', '2.90', '2.57', '3.00'] Repair=['2.90', '2.91', '2.71']
[PACO+ALNS ] Iteration 30/100 - Pareto Archive: 9
  ALNS weights: Destroy=['3.00', '2.97', '2.92', '2.85', '2.95'] Repair=['2.93', '2.99', '2.97']
[PACO+ALNS ] Iteration 40/100 - Pareto Archive: 11
  ALNS weights: Destroy=['3.04', '2.90', '2.98', '2.82', '3.15'] Repair=['2.89', '3.29', '2.79']
[PACO+ALNS ] Iteration 50/100 - Pareto Archive: 12
  ALNS weights: Destroy=['2.64', '2.87', '3.00', '2.54', '2.55'] Repair=['2.91', '2.91', '2.43']
[PACO+ALNS ] Iteration 60/100 - Pareto Archive: 12
  ALNS weights: Destroy=['2.78', '2.43', '3.00', '2.50', '2.98'] Repair=['2.64', '2.71', '2.77']
[PACO+ALNS ] Iteration 70/100 - Pareto Archive: 12
  ALNS weights: Destroy=['2.84', '2.77', '2.92', '2.98', '2.58'] Repair=['2.98', '2.95', '2.86']
[PACO+ALNS ] Iteration 80/100 - Pareto Archive: 12
  ALNS weights: Destroy=['2.55', '2.78', '2.95', '2.67', '2.28'] Repair=['2.64', '2.60', '2.91']
[PACO+ALNS ] Iteration 90/100 - Pareto Archive: 12
  ALNS weights: Destroy=['2.99', '2.74', '2.79', '2.90', '2.84'] Repair=['2.81', '3.00', '2.88']
[PACO+ALNS ] Iteration 100/100 - Pareto Archive: 12
  ALNS weights: Destroy=['2.94', '2.70', '2.86', '2.69', '3.00'] Repair=['2.63', '2.70', '2.96']
[PACO+ALNS ] Iteration 10/100 - Pareto Archive: 12
  ALNS weights: Destroy=['2.89', '3.00', '2.72', '3.00', '2.99'] Repair=['2.98', '3.00', '2.86']
[PACO+ALNS ] Iteration 20/100 - Pareto Archive: 10
  ALNS weights: Destroy=['2.56', '2.99', '3.00', '2.66', '2.98'] Repair=['2.77', '3.00', '2.77']
[PACO+ALNS ] Iteration 30/100 - Pareto Archive: 9
  ALNS weights: Destroy=['2.99', '2.80', '2.99', '2.20', '2.97'] Repair=['2.44', '2.68', '2.86']
[PACO+ALNS ] Iteration 40/100 - Pareto Archive: 10
  ALNS weights: Destroy=['2.86', '2.82', '3.00', '2.54', '3.00'] Repair=['2.91', '2.60', '2.88']
[PACO+ALNS ] Iteration 50/100 - Pareto Archive: 12
  ALNS weights: Destroy=['2.53', '2.98', '2.98', '2.64', '3.00'] Repair=['2.92', '2.74', '2.65']Generation 20/100, Population size: 78
Generation 40/100, Population size: 100
Generation 60/100, Population size: 94
Generation 80/100, Population size: 100
Generation 100/100, Population size: 100
Generation 20/100, Population size: 100
Generation 40/100, Population size: 89
Generation 60/100, Population size: 100
Generation 80/100, Population size: 100
Generation 100/100, Population size: 100
Generation 20/100, Population size: 77
Generation 40/100, Population size: 90
Generation 60/100, Population size: 99
Generation 80/100, Population size: 91
Generation 100/100, Population size: 100
Generation 20/100, Population size: 75
Generation 40/100, Population size: 67
Generation 60/100, Population size: 83
Generation 80/100, Population size: 100
Generation 100/100, Population size: 100
Generation 20/100, Population size: 76
Generation 40/100, Population size: 77
Generation 60/100, Population size: 100
Generation 80/100, Population size: 100
Generation 100/100, Population size: 100
Generation 20/100, Population size: 100
Generation 40/100, Population size: 73
Generation 60/100, Population size: 96
Generation 80/100, Population size: 100
Generation 100/100, Population size: 92
Generation 20/100, Population size: 95
Generation 40/100, Population size: 94
Generation 60/100, Population size: 100
Generation 80/100, Population size: 100
Generation 100/100, Population size: 100
Generation 20/100, Population size: 94
Generation 40/100, Population size: 94
Generation 60/100, Population size: 94
Generation 80/100, Population size: 100
Generation 100/100, Population size: 100
Generation 20/100, Population size: 71
Generation 40/100, Population size: 83
Generation 60/100, Population size: 100
Generation 80/100, Population size: 100
Generation 100/100, Population size: 100
Generation 20/100, Population size: 70
Generation 40/100, Population size: 93
Generation 60/100, Population size: 100
Generation 80/100, Population size: 100
Generation 100/100, Population size: 100
  Route plotted and saved to: C:\Users\23992\FURP-2026-XinyueXie-Truck-Drone-Routing\src\experiments\PACO+ALNS\results\20260807_w8\routes_nsga2_100c_RC201_10V_high_min_cost.png
  Route plotted and saved to: C:\Users\23992\FURP-2026-XinyueXie-Truck-Drone-Routing\src\experiments\PACO+ALNS\results\20260807_w8\routes_nsga2_100c_RC201_10V_high_min_tardiness.png
  Route plotted and saved to: C:\Users\23992\FURP-2026-XinyueXie-Truck-Drone-Routing\src\experiments\PACO+ALNS\results\20260807_w8\routes_nsga2_100c_RC201_10V_high_compromise.png
[done] 100c_RC201_10V_high nsga2 time=10.7s cost=1859.0 tard=4986.3 sols=37.1
[start] 100c_RC201_10V_high imp2 runs=10 max_iter=100 seed=20275806
[PACO+ALNS ] Iteration 10/100 - Pareto Archive: 9
  ALNS weights: Destroy=['2.84', '2.83', '2.78', '2.87', '2.86'] Repair=['2.78', '2.83', '2.84']
[PACO+ALNS ] Iteration 20/100 - Pareto Archive: 8
  ALNS weights: Destroy=['2.82', '3.00', '3.00', '3.00', '2.97'] Repair=['2.87', '2.96', '2.97']
[PACO+ALNS ] Iteration 30/100 - Pareto Archive: 12
  ALNS weights: Destroy=['2.81', '2.78', '2.99', '2.96', '3.00'] Repair=['2.56', '2.98', '3.00']
[PACO+ALNS ] Iteration 40/100 - Pareto Archive: 11
  ALNS weights: Destroy=['2.83', '3.00', '3.00', '2.97', '3.00'] Repair=['3.00', '2.98', '2.96']
[PACO+ALNS ] Iteration 50/100 - Pareto Archive: 11
  ALNS weights: Destroy=['2.70', '2.99', '2.72', '2.82', '2.85'] Repair=['2.78', '2.70', '2.94']
[PACO+ALNS ] Iteration 60/100 - Pareto Archive: 10
  ALNS weights: Destroy=['2.92', '3.00', '2.80', '2.51', '2.85'] Repair=['2.90', '2.91', '2.67']
[PACO+ALNS ] Iteration 70/100 - Pareto Archive: 12
  ALNS weights: Destroy=['2.63', '2.96', '2.59', '3.00', '2.94'] Repair=['2.61', '2.97', '2.72']
[PACO+ALNS ] Iteration 80/100 - Pareto Archive: 12
  ALNS weights: Destroy=['2.99', '3.00', '2.44', '2.96', '2.68'] Repair=['2.99', '2.76', '2.74']
[PACO+ALNS ] Iteration 90/100 - Pareto Archive: 12
  ALNS weights: Destroy=['2.78', '2.96', '2.65', '2.93', '2.98'] Repair=['2.98', '2.86', '2.62']
[PACO+ALNS ] Iteration 100/100 - Pareto Archive: 12
  ALNS weights: Destroy=['3.00', '3.00', '3.00', '2.61', '2.87'] Repair=['2.78', '3.00', '2.94']
[PACO+ALNS ] Iteration 10/100 - Pareto Archive: 9
  ALNS weights: Destroy=['2.92', '2.73', '3.01', '2.57', '2.73'] Repair=['2.98', '2.97', '2.45']
[PACO+ALNS ] Iteration 20/100 - Pareto Archive: 11
  ALNS weights: Destroy=['2.70', '2.98', '2.77', '2.63', '3.00'] Repair=['2.83', '2.88', '2.65']
[PACO+ALNS ] Iteration 30/100 - Pareto Archive: 10
  ALNS weights: Destroy=['2.81', '2.72', '3.00', '2.47', '2.72'] Repair=['2.71', '3.00', '2.45']
[PACO+ALNS ] Iteration 40/100 - Pareto Archive: 12
  ALNS weights: Destroy=['2.99', '2.63', '2.74', '2.68', '2.86'] Repair=['2.44', '2.94', '2.66']
[PACO+ALNS ] Iteration 50/100 - Pareto Archive: 12
  ALNS weights: Destroy=['2.87', '2.99', '2.76', '2.86', '2.99'] Repair=['2.77', '2.95', '2.96']
[PACO+ALNS ] Iteration 60/100 - Pareto Archive: 12
  ALNS weights: Destroy=['2.70', '2.72', '2.70', '2.56', '2.95'] Repair=['2.79', '2.72', '2.44']
[PACO+ALNS ] Iteration 70/100 - Pareto Archive: 12
  ALNS weights: Destroy=['2.87', '2.93', '2.96', '2.70', '3.00'] Repair=['2.99', '2.66', '2.75']
[PACO+ALNS ] Iteration 80/100 - Pareto Archive: 12
  ALNS weights: Destroy=['1.89', '2.64', '2.26', '2.50', '2.67'] Repair=['2.20', '2.34', '2.35']
[PACO+ALNS ] Iteration 90/100 - Pareto Archive: 12
  ALNS weights: Destroy=['2.88', '2.86', '2.97', '2.98', '2.91'] Repair=['2.80', '2.98', '2.98']
[PACO+ALNS ] Iteration 100/100 - Pareto Archive: 12
  ALNS weights: Destroy=['2.68', '2.86', '2.97', '2.32', '2.99'] Repair=['2.83', '2.73', '2.45']
[PACO+ALNS ] Iteration 10/100 - Pareto Archive: 10
  ALNS weights: Destroy=['2.63', '2.97', '2.92', '2.80', '2.91'] Repair=['2.82', '2.93', '2.92']
[PACO+ALNS ] Iteration 20/100 - Pareto Archive: 8
  ALNS weights: Destroy=['2.82', '2.69', '3.00', '2.88', '3.00'] Repair=['2.74', '2.87', '2.90']
[PACO+ALNS ] Iteration 30/100 - Pareto Archive: 10
  ALNS weights: Destroy=['2.66', '3.00', '3.00', '2.77', '2.97'] Repair=['2.90', '3.00', '2.94']
[PACO+ALNS ] Iteration 40/100 - Pareto Archive: 12
  ALNS weights: Destroy=['2.82', '2.76', '3.00', '2.76', '3.00'] Repair=['2.94', '2.87', '2.80']
[PACO+ALNS ] Iteration 50/100 - Pareto Archive: 12
  ALNS weights: Destroy=['2.42', '2.97', '2.98', '2.96', '2.66'] Repair=['2.76', '2.97', '2.77']
[PACO+ALNS ] Iteration 60/100 - Pareto Archive: 12
  ALNS weights: Destroy=['2.89', '2.86', '2.99', '2.75', '2.66'] Repair=['2.61', '2.93', '2.99']
[PACO+ALNS ] Iteration 70/100 - Pareto Archive: 12
  ALNS weights: Destroy=['2.01', '2.58', '2.76', '1.99', '2.68'] Repair=['2.15', '2.68', '1.99']
[PACO+ALNS ] Iteration 80/100 - Pareto Archive: 12
  ALNS weights: Destroy=['2.56', '2.81', '3.00', '2.23', '2.75'] Repair=['2.33', '2.71', '2.80']
[PACO+ALNS ] Iteration 90/100 - Pareto Archive: 12
  ALNS weights: Destroy=['2.30', '2.63', '2.53', '2.22', '2.90'] Repair=['2.59', '2.56', '2.14']
[PACO+ALNS ] Iteration 100/100 - Pareto Archive: 12
  ALNS weights: Destroy=['2.55', '2.87', '2.87', '2.62', '2.99'] Repair=['2.95', '2.95', '2.38']
[PACO+ALNS ] Iteration 10/100 - Pareto Archive: 11
  ALNS weights: Destroy=['2.92', '2.98', '3.00', '2.56', '2.53'] Repair=['2.54', '3.00', '2.99']
[PACO+ALNS ] Iteration 20/100 - Pareto Archive: 12
  ALNS weights: Destroy=['2.36', '3.00', '2.76', '2.98', '2.83'] Repair=['2.36', '3.00', '2.88']
[PACO+ALNS ] Iteration 30/100 - Pareto Archive: 12
  ALNS weights: Destroy=['2.94', '2.95', '2.99', '2.41', '2.99'] Repair=['2.99', '2.86', '2.85']
[PACO+ALNS ] Iteration 40/100 - Pareto Archive: 12
  ALNS weights: Destroy=['2.79', '2.77', '2.88', '2.78', '2.66'] Repair=['2.96', '2.79', '2.79']
[PACO+ALNS ] Iteration 50/100 - Pareto Archive: 11
  ALNS weights: Destroy=['2.54', '2.84', '2.64', '2.89', '2.88'] Repair=['2.48', '2.72', '2.97']
[PACO+ALNS ] Iteration 60/100 - Pareto Archive: 12
  ALNS weights: Destroy=['2.84', '2.97', '2.66', '2.76', '2.51'] Repair=['2.67', '2.85', '2.94']
[PACO+ALNS ] Iteration 70/100 - Pareto Archive: 12
  ALNS weights: Destroy=['2.71', '3.00', '3.00', '3.00', '2.27'] Repair=['2.33', '2.95', '2.99']
[PACO+ALNS ] Iteration 80/100 - Pareto Archive: 12
  ALNS weights: Destroy=['2.56', '2.71', '2.89', '2.99', '2.71'] Repair=['2.64', '3.00', '2.84']
[PACO+ALNS ] Iteration 90/100 - Pareto Archive: 12
  ALNS weights: Destroy=['2.48', '2.72', '2.99', '2.57', '2.97'] Repair=['2.67', '2.91', '2.43']
[PACO+ALNS ] Iteration 100/100 - Pareto Archive: 12
  ALNS weights: Destroy=['2.73', '2.97', '2.84', '2.08', '2.99'] Repair=['2.55', '2.58', '2.71']
[PACO+ALNS ] Iteration 10/100 - Pareto Archive: 7
  ALNS weights: Destroy=['2.82', '3.00', '2.01', '2.87', '2.70'] Repair=['2.86', '2.76', '2.62']
[PACO+ALNS ] Iteration 20/100 - Pareto Archive: 6
  ALNS weights: Destroy=['2.65', '2.72', '2.92', '2.67', '2.96'] Repair=['2.66', '2.98', '2.50']
[PACO+ALNS ] Iteration 30/100 - Pareto Archive: 12
  ALNS weights: Destroy=['2.73', '3.00', '3.01', '2.66', '2.62'] Repair=['2.91', '2.98', '2.56']
[PACO+ALNS ] Iteration 40/100 - Pareto Archive: 12
  ALNS weights: Destroy=['2.83', '2.98', '2.91', '2.99', '2.95'] Repair=['2.75', '2.99', '2.99']
[PACO+ALNS ] Iteration 50/100 - Pareto Archive: 12
  ALNS weights: Destroy=['2.72', '2.65', '3.00', '2.65', '2.92'] Repair=['2.55', '2.80', '2.96']
[PACO+ALNS ] Iteration 60/100 - Pareto Archive: 10
  ALNS weights: Destroy=['2.81', '2.89', '2.85', '2.48', '2.87'] Repair=['2.76', '2.83', '2.81']
[PACO+ALNS ] Iteration 70/100 - Pareto Archive: 12
  ALNS weights: Destroy=['2.98', '2.88', '2.96', '2.86', '2.94'] Repair=['2.81', '3.00', '2.90']
[PACO+ALNS ] Iteration 80/100 - Pareto Archive: 12
  ALNS weights: Destroy=['2.57', '2.92', '2.98', '2.58', '3.00'] Repair=['2.71', '2.75', '2.88']
[PACO+ALNS ] Iteration 90/100 - Pareto Archive: 12
  ALNS weights: Destroy=['2.55', '2.53', '3.00', '2.69', '2.97'] Repair=['2.64', '2.76', '2.77']
[PACO+ALNS ] Iteration 100/100 - Pareto Archive: 12
  ALNS weights: Destroy=['2.87', '2.89', '3.00', '2.30', '2.99'] Repair=['2.80', '2.69', '2.67']
[PACO+ALNS ] Iteration 10/100 - Pareto Archive: 11
  ALNS weights: Destroy=['2.63', '2.98', '2.90', '2.79', '2.92'] Repair=['2.57', '2.87', '2.99']
[PACO+ALNS ] Iteration 20/100 - Pareto Archive: 8
  ALNS weights: Destroy=['2.76', '2.78', '3.00', '2.96', '2.99'] Repair=['2.97', '2.73', '2.92']
[PACO+ALNS ] Iteration 30/100 - Pareto Archive: 6
  ALNS weights: Destroy=['2.69', '3.00', '3.00', '2.88', '2.92'] Repair=['3.00', '2.65', '2.99']
[PACO+ALNS ] Iteration 40/100 - Pareto Archive: 7
  ALNS weights: Destroy=['2.81', '2.73', '2.64', '2.89', '2.36'] Repair=['2.43', '2.79', '2.82']
[PACO+ALNS ] Iteration 50/100 - Pareto Archive: 8
  ALNS weights: Destroy=['2.62', '2.85', '2.94', '3.00', '2.98'] Repair=['2.99', '2.99', '2.75'][PACO+ALNS ] Iteration 10/100 - Pareto Archive: 12
  ALNS weights: Destroy=['2.75', '2.73', '2.98', '2.90', '2.68'] Repair=['2.75', '2.98', '2.78']
[PACO+ALNS ] Iteration 20/100 - Pareto Archive: 10
  ALNS weights: Destroy=['2.45', '2.69', '3.00', '2.99', '2.81'] Repair=['2.80', '2.71', '2.48']
[PACO+ALNS ] Iteration 30/100 - Pareto Archive: 10
  ALNS weights: Destroy=['2.72', '2.84', '2.92', '2.81', '2.97'] Repair=['2.86', '2.74', '2.90']
[PACO+ALNS ] Iteration 40/100 - Pareto Archive: 10
  ALNS weights: Destroy=['2.55', '2.96', '2.98', '2.97', '2.51'] Repair=['2.52', '2.90', '2.99']
[PACO+ALNS ] Iteration 50/100 - Pareto Archive: 11
  ALNS weights: Destroy=['2.99', '2.96', '2.98', '2.66', '2.77'] Repair=['2.96', '3.00', '2.75']
[PACO+ALNS ] Iteration 60/100 - Pareto Archive: 12
  ALNS weights: Destroy=['2.35', '3.00', '2.85', '2.74', '2.94'] Repair=['2.89', '2.86', '2.24']
[PACO+ALNS ] Iteration 70/100 - Pareto Archive: 12
  ALNS weights: Destroy=['3.00', '2.84', '2.94', '2.77', '2.81'] Repair=['2.82', '2.96', '2.92']
[PACO+ALNS ] Iteration 80/100 - Pareto Archive: 12
  ALNS weights: Destroy=['2.68', '2.44', '3.00', '2.87', '2.84'] Repair=['2.77', '2.73', '2.62']
[PACO+ALNS ] Iteration 90/100 - Pareto Archive: 12
  ALNS weights: Destroy=['2.78', '2.88', '2.04', '2.53', '2.91'] Repair=['2.59', '2.52', '2.32']
[PACO+ALNS ] Iteration 100/100 - Pareto Archive: 12
  ALNS weights: Destroy=['2.62', '2.89', '2.87', '2.73', '2.82'] Repair=['2.90', '2.81', '2.70']
[PACO+ALNS ] Iteration 10/100 - Pareto Archive: 6
  ALNS weights: Destroy=['2.70', '2.98', '3.00', '3.00', '3.03'] Repair=['3.00', '2.98', '2.82']
[PACO+ALNS ] Iteration 20/100 - Pareto Archive: 6
  ALNS weights: Destroy=['2.94', '2.94', '3.00', '2.97', '2.95'] Repair=['2.92', '2.99', '2.99']
[PACO+ALNS ] Iteration 30/100 - Pareto Archive: 11
  ALNS weights: Destroy=['2.84', '2.99', '2.99', '2.60', '2.97'] Repair=['2.93', '2.78', '2.90']
[PACO+ALNS ] Iteration 40/100 - Pareto Archive: 12
  ALNS weights: Destroy=['2.76', '2.99', '2.77', '2.92', '2.98'] Repair=['2.82', '2.88', '2.97']
[PACO+ALNS ] Iteration 50/100 - Pareto Archive: 12
  ALNS weights: Destroy=['2.55', '2.74', '2.99', '3.00', '2.81'] Repair=['2.30', '2.99', '2.88']
[PACO+ALNS ] Iteration 60/100 - Pareto Archive: 12
  ALNS weights: Destroy=['2.89', '2.68', '2.74', '3.00', '2.91'] Repair=['2.90', '2.90', '2.87']
[PACO+ALNS ] Iteration 70/100 - Pareto Archive: 12
  ALNS weights: Destroy=['3.00', '3.00', '2.87', '2.79', '3.00'] Repair=['2.98', '2.99', '2.96']
[PACO+ALNS ] Iteration 80/100 - Pareto Archive: 12
  ALNS weights: Destroy=['2.85', '3.00', '2.99', '2.99', '3.00'] Repair=['2.89', '3.00', '2.96']
[PACO+ALNS ] Iteration 90/100 - Pareto Archive: 11
  ALNS weights: Destroy=['2.19', '2.70', '3.00', '3.00', '2.93'] Repair=['2.81', '2.54', '2.82']
[PACO+ALNS ] Iteration 100/100 - Pareto Archive: 12
  ALNS weights: Destroy=['2.54', '2.79', '3.00', '2.65', '2.63'] Repair=['2.69', '2.65', '2.79']
[PACO+ALNS ] Iteration 10/100 - Pareto Archive: 8
  ALNS weights: Destroy=['2.75', '2.46', '2.78', '3.00', '2.39'] Repair=['2.80', '2.44', '2.73']
[PACO+ALNS ] Iteration 20/100 - Pareto Archive: 6
  ALNS weights: Destroy=['2.60', '2.91', '3.09', '2.89', '2.96'] Repair=['3.01', '2.81', '3.00']
[PACO+ALNS ] Iteration 30/100 - Pareto Archive: 11
  ALNS weights: Destroy=['2.69', '2.92', '2.92', '2.96', '2.79'] Repair=['2.67', '2.95', '2.99']
[PACO+ALNS ] Iteration 40/100 - Pareto Archive: 12
  ALNS weights: Destroy=['2.34', '2.82', '3.00', '2.88', '2.55'] Repair=['2.70', '2.83', '2.67']
[PACO+ALNS ] Iteration 50/100 - Pareto Archive: 12
  ALNS weights: Destroy=['2.77', '2.92', '2.93', '2.67', '2.95'] Repair=['2.92', '2.87', '2.79']
[PACO+ALNS ] Iteration 60/100 - Pareto Archive: 12
  ALNS weights: Destroy=['2.76', '2.93', '2.94', '2.75', '2.87'] Repair=['2.96', '2.82', '2.93']
[PACO+ALNS ] Iteration 70/100 - Pareto Archive: 12
  ALNS weights: Destroy=['2.55', '2.86', '2.99', '2.98', '2.87'] Repair=['2.86', '2.98', '2.66']
[PACO+ALNS ] Iteration 80/100 - Pareto Archive: 12
  ALNS weights: Destroy=['2.72', '3.00', '3.00', '2.51', '2.62'] Repair=['2.65', '2.98', '2.66']
[PACO+ALNS ] Iteration 90/100 - Pareto Archive: 12
  ALNS weights: Destroy=['2.37', '2.98', '2.99', '2.49', '2.81'] Repair=['2.50', '2.61', '2.75']
[PACO+ALNS ] Iteration 100/100 - Pareto Archive: 12
  ALNS weights: Destroy=['2.69', '2.92', '2.60', '2.74', '2.99'] Repair=['2.77', '2.76', '2.62']
[PACO+ALNS ] Iteration 10/100 - Pareto Archive: 12
  ALNS weights: Destroy=['2.90', '2.82', '2.97', '2.88', '2.95'] Repair=['2.93', '3.00', '2.95']
[PACO+ALNS ] Iteration 20/100 - Pareto Archive: 12
  ALNS weights: Destroy=['2.79', '2.96', '2.93', '2.79', '3.03'] Repair=['2.99', '2.77', '2.96']
[PACO+ALNS ] Iteration 30/100 - Pareto Archive: 11
  ALNS weights: Destroy=['2.81', '2.78', '2.99', '2.86', '3.00'] Repair=['3.00', '2.66', '2.71']
[PACO+ALNS ] Iteration 40/100 - Pareto Archive: 11
  ALNS weights: Destroy=['2.65', '2.88', '2.70', '2.82', '3.00'] Repair=['2.77', '2.66', '2.99']
[PACO+ALNS ] Iteration 50/100 - Pareto Archive: 11
  ALNS weights: Destroy=['2.84', '2.68', '2.84', '2.98', '2.90'] Repair=['2.84', '2.78', '2.90']
[PACO+ALNS ] Iteration 60/100 - Pareto Archive: 10
  ALNS weights: Destroy=['2.80', '2.81', '2.99', '2.51', '3.18'] Repair=['2.99', '3.05', '2.31']
[PACO+ALNS ] Iteration 70/100 - Pareto Archive: 12
  ALNS weights: Destroy=['2.72', '2.73', '2.93', '2.89', '2.79'] Repair=['2.98', '2.78', '2.72']
[PACO+ALNS ] Iteration 80/100 - Pareto Archive: 12
  ALNS weights: Destroy=['2.67', '2.89', '2.96', '2.98', '2.92'] Repair=['2.89', '2.99', '2.81']
[PACO+ALNS ] Iteration 90/100 - Pareto Archive: 12
  ALNS weights: Destroy=['2.69', '2.54', '2.99', '2.85', '2.67'] Repair=['2.96', '2.43', '2.74']
[PACO+ALNS ] Iteration 100/100 - Pareto Archive: 12
  ALNS weights: Destroy=['2.90', '2.76', '2.98', '2.83', '2.71'] Repair=['2.90', '2.91', '2.81']
[PACO+ALNS ] Iteration 10/100 - Pareto Archive: 10
  ALNS weights: Destroy=['2.46', '2.96', '3.00', '2.89', '2.91'] Repair=['2.89', '2.78', '2.95']
[PACO+ALNS ] Iteration 20/100 - Pareto Archive: 10
  ALNS weights: Destroy=['2.96', '2.93', '3.00', '2.69', '2.86'] Repair=['2.67', '2.98', '2.99']
[PACO+ALNS ] Iteration 30/100 - Pareto Archive: 12
  ALNS weights: Destroy=['2.94', '3.10', '2.90', '2.98', '2.78'] Repair=['2.95', '3.03', '2.99']
[PACO+ALNS ] Iteration 40/100 - Pareto Archive: 11
  ALNS weights: Destroy=['2.69', '3.01', '3.00', '2.84', '2.93'] Repair=['2.96', '2.64', '2.94']
[PACO+ALNS ] Iteration 50/100 - Pareto Archive: 11
  ALNS weights: Destroy=['2.74', '2.74', '2.23', '2.99', '2.71'] Repair=['2.51', '2.67', '2.66']
[PACO+ALNS ] Iteration 60/100 - Pareto Archive: 10
  ALNS weights: Destroy=['2.76', '2.76', '3.00', '2.66', '2.68'] Repair=['2.97', '2.63', '2.60']
[PACO+ALNS ] Iteration 70/100 - Pareto Archive: 12
  ALNS weights: Destroy=['2.35', '3.00', '3.00', '2.95', '2.92'] Repair=['2.98', '2.48', '3.00']
[PACO+ALNS ] Iteration 80/100 - Pareto Archive: 12
  ALNS weights: Destroy=['2.66', '2.73', '2.34', '2.52', '2.69'] Repair=['2.55', '2.39', '2.73']
[PACO+ALNS ] Iteration 90/100 - Pareto Archive: 12
  ALNS weights: Destroy=['2.58', '2.96', '2.93', '2.73', '2.50'] Repair=['2.47', '2.92', '2.86']
[PACO+ALNS ] Iteration 100/100 - Pareto Archive: 12
  ALNS weights: Destroy=['2.74', '2.80', '2.78', '2.71', '2.59'] Repair=['2.78', '2.70', '2.63']
[PACO+ALNS ] Iteration 10/100 - Pareto Archive: 8
  ALNS weights: Destroy=['2.79', '2.99', '3.00', '2.91', '2.75'] Repair=['2.96', '2.90', '2.98']
[PACO+ALNS ] Iteration 20/100 - Pareto Archive: 11
  ALNS weights: Destroy=['2.52', '3.00', '2.73', '2.90', '2.85'] Repair=['2.66', '2.93', '2.74']
[PACO+ALNS ] Iteration 30/100 - Pareto Archive: 7
  ALNS weights: Destroy=['2.61', '2.88', '2.95', '2.65', '2.99'] Repair=['2.94', '2.91', '2.75']
[PACO+ALNS ] Iteration 40/100 - Pareto Archive: 12
  ALNS weights: Destroy=['2.49', '2.86', '2.71', '2.72', '3.00'] Repair=['2.54', '2.76', '2.85']
[PACO+ALNS ] Iteration 50/100 - Pareto Archive: 12
  ALNS weights: Destroy=['2.40', '2.96', '2.95', '2.62', '3.00'] Repair=['2.82', '2.99', '2.53'][PACO+ALNS ] Iteration 10/100 - Pareto Archive: 8
  ALNS weights: Destroy=['3.00', '3.00', '2.99', '2.97', '2.99'] Repair=['3.00', '3.00', '3.00']
[PACO+ALNS ] Iteration 20/100 - Pareto Archive: 11
  ALNS weights: Destroy=['2.59', '2.63', '2.52', '2.63', '3.00'] Repair=['2.92', '2.40', '2.15']
[PACO+ALNS ] Iteration 30/100 - Pareto Archive: 12
  ALNS weights: Destroy=['2.86', '2.99', '2.96', '2.99', '2.97'] Repair=['2.87', '3.00', '3.00']
[PACO+ALNS ] Iteration 40/100 - Pareto Archive: 12
  ALNS weights: Destroy=['2.64', '3.00', '2.90', '2.98', '3.00'] Repair=['2.86', '2.98', '3.00']
[PACO+ALNS ] Iteration 50/100 - Pareto Archive: 12
  ALNS weights: Destroy=['2.62', '2.80', '3.00', '2.28', '2.60'] Repair=['2.61', '2.18', '2.85']
[PACO+ALNS ] Iteration 60/100 - Pareto Archive: 10
  ALNS weights: Destroy=['2.87', '3.02', '2.98', '2.68', '2.83'] Repair=['2.83', '3.00', '2.87']
[PACO+ALNS ] Iteration 70/100 - Pareto Archive: 11
  ALNS weights: Destroy=['2.66', '3.00', '2.93', '2.78', '2.99'] Repair=['2.76', '3.00', '2.78']
[PACO+ALNS ] Iteration 80/100 - Pareto Archive: 12
  ALNS weights: Destroy=['2.46', '2.88', '2.48', '2.48', '2.98'] Repair=['2.80', '2.54', '2.29']
[PACO+ALNS ] Iteration 90/100 - Pareto Archive: 12
  ALNS weights: Destroy=['2.57', '2.92', '2.86', '2.61', '2.64'] Repair=['2.88', '2.90', '2.42']
[PACO+ALNS ] Iteration 100/100 - Pareto Archive: 12
  ALNS weights: Destroy=['2.81', '2.34', '2.82', '1.94', '2.98'] Repair=['2.51', '2.47', '2.24']
[PACO+ALNS ] Iteration 10/100 - Pareto Archive: 10
  ALNS weights: Destroy=['2.84', '3.00', '2.98', '2.65', '3.01'] Repair=['3.00', '2.82', '2.97']
[PACO+ALNS ] Iteration 20/100 - Pareto Archive: 9
  ALNS weights: Destroy=['2.72', '2.92', '3.00', '2.84', '3.00'] Repair=['2.90', '2.73', '2.99']
[PACO+ALNS ] Iteration 30/100 - Pareto Archive: 12
  ALNS weights: Destroy=['2.54', '3.00', '2.83', '2.78', '2.96'] Repair=['2.90', '2.97', '2.52']
[PACO+ALNS ] Iteration 40/100 - Pareto Archive: 12
  ALNS weights: Destroy=['2.74', '2.62', '3.00', '2.48', '3.00'] Repair=['2.78', '2.86', '2.51']
[PACO+ALNS ] Iteration 50/100 - Pareto Archive: 11
  ALNS weights: Destroy=['2.95', '2.90', '3.00', '2.96', '3.00'] Repair=['2.96', '2.99', '3.00']
[PACO+ALNS ] Iteration 60/100 - Pareto Archive: 12
  ALNS weights: Destroy=['2.79', '2.74', '3.00', '2.95', '2.96'] Repair=['2.90', '2.97', '2.74']
[PACO+ALNS ] Iteration 70/100 - Pareto Archive: 11
  ALNS weights: Destroy=['2.25', '3.00', '2.99', '3.00', '2.99'] Repair=['2.56', '2.92', '2.89']
[PACO+ALNS ] Iteration 80/100 - Pareto Archive: 12
  ALNS weights: Destroy=['2.71', '2.92', '3.00', '3.00', '2.99'] Repair=['2.97', '2.90', '2.97']
[PACO+ALNS ] Iteration 90/100 - Pareto Archive: 12
  ALNS weights: Destroy=['2.71', '3.00', '3.00', '3.01', '3.00'] Repair=['2.87', '3.02', '2.99']
[PACO+ALNS ] Iteration 100/100 - Pareto Archive: 12
  ALNS weights: Destroy=['2.92', '2.53', '2.92', '3.00', '2.90'] Repair=['2.80', '3.00', '2.89']
[PACO+ALNS ] Iteration 10/100 - Pareto Archive: 8
  ALNS weights: Destroy=['2.73', '3.00', '2.98', '2.83', '2.99'] Repair=['2.93', '2.92', '2.69']
[PACO+ALNS ] Iteration 20/100 - Pareto Archive: 10
  ALNS weights: Destroy=['2.90', '2.90', '2.81', '2.95', '3.00'] Repair=['2.84', '2.97', '2.88']
[PACO+ALNS ] Iteration 30/100 - Pareto Archive: 7
  ALNS weights: Destroy=['2.78', '2.89', '2.96', '3.00', '2.85'] Repair=['3.00', '2.91', '2.90']
[PACO+ALNS ] Iteration 40/100 - Pareto Archive: 9
  ALNS weights: Destroy=['2.97', '2.74', '3.00', '3.00', '2.98'] Repair=['2.91', '3.00', '2.97']
[PACO+ALNS ] Iteration 50/100 - Pareto Archive: 11
  ALNS weights: Destroy=['2.85', '2.84', '2.93', '2.87', '2.84'] Repair=['2.89', '2.99', '2.78']
[PACO+ALNS ] Iteration 60/100 - Pareto Archive: 10
  ALNS weights: Destroy=['2.87', '2.79', '3.00', '2.96', '2.97'] Repair=['2.79', '2.98', '2.96']
[PACO+ALNS ] Iteration 70/100 - Pareto Archive: 12
  ALNS weights: Destroy=['2.82', '2.80', '2.85', '2.86', '2.62'] Repair=['3.24', '2.74', '2.80']
[PACO+ALNS ] Iteration 80/100 - Pareto Archive: 12
  ALNS weights: Destroy=['2.84', '2.98', '2.99', '2.25', '2.90'] Repair=['2.67', '2.47', '2.90']
[PACO+ALNS ] Iteration 90/100 - Pareto Archive: 12
  ALNS weights: Destroy=['2.41', '3.05', '2.67', '2.71', '2.95'] Repair=['2.82', '2.77', '2.83']
[PACO+ALNS ] Iteration 100/100 - Pareto Archive: 12
  ALNS weights: Destroy=['2.88', '2.98', '3.00', '2.58', '2.97'] Repair=['2.77', '2.86', '2.99']
[PACO+ALNS ] Iteration 10/100 - Pareto Archive: 11
  ALNS weights: Destroy=['2.74', '2.99', '2.49', '2.74', '2.95'] Repair=['2.76', '2.55', '2.95']
[PACO+ALNS ] Iteration 20/100 - Pareto Archive: 12
  ALNS weights: Destroy=['2.64', '3.00', '2.70', '2.89', '2.78'] Repair=['2.82', '2.79', '2.75']
[PACO+ALNS ] Iteration 30/100 - Pareto Archive: 7
  ALNS weights: Destroy=['2.78', '2.99', '3.00', '2.80', '2.98'] Repair=['2.87', '3.00', '2.82']
[PACO+ALNS ] Iteration 40/100 - Pareto Archive: 11
  ALNS weights: Destroy=['2.45', '3.00', '3.00', '2.89', '2.89'] Repair=['2.82', '2.83', '2.90']
[PACO+ALNS ] Iteration 50/100 - Pareto Archive: 12
  ALNS weights: Destroy=['2.75', '2.93', '3.00', '2.55', '2.91'] Repair=['2.62', '2.99', '2.97']
[PACO+ALNS ] Iteration 60/100 - Pareto Archive: 12
  ALNS weights: Destroy=['2.57', '2.69', '3.00', '2.39', '2.87'] Repair=['2.71', '2.70', '2.78']
[PACO+ALNS ] Iteration 70/100 - Pareto Archive: 12
  ALNS weights: Destroy=['2.48', '2.91', '3.00', '2.68', '2.97'] Repair=['2.86', '2.89', '2.60']
[PACO+ALNS ] Iteration 80/100 - Pareto Archive: 12
  ALNS weights: Destroy=['2.70', '2.89', '3.02', '2.53', '2.87'] Repair=['2.72', '2.81', '2.87']
[PACO+ALNS ] Iteration 90/100 - Pareto Archive: 12
  ALNS weights: Destroy=['2.76', '2.69', '2.78', '2.56', '2.82'] Repair=['2.75', '2.55', '2.75']
[PACO+ALNS ] Iteration 100/100 - Pareto Archive: 12
  ALNS weights: Destroy=['2.86', '2.94', '2.99', '2.97', '2.83'] Repair=['2.97', '2.99', '2.90']
[PACO+ALNS ] Iteration 10/100 - Pareto Archive: 9
  ALNS weights: Destroy=['2.72', '3.00', '3.00', '2.99', '2.98'] Repair=['3.00', '3.00', '2.73']
[PACO+ALNS ] Iteration 20/100 - Pareto Archive: 7
  ALNS weights: Destroy=['2.97', '2.96', '3.00', '2.68', '3.00'] Repair=['3.00', '2.68', '2.96']
[PACO+ALNS ] Iteration 30/100 - Pareto Archive: 10
  ALNS weights: Destroy=['2.76', '2.66', '3.00', '2.74', '3.00'] Repair=['2.99', '2.52', '2.73']
[PACO+ALNS ] Iteration 40/100 - Pareto Archive: 12
  ALNS weights: Destroy=['2.98', '3.00', '2.79', '2.84', '2.74'] Repair=['2.98', '2.95', '2.81']
[PACO+ALNS ] Iteration 50/100 - Pareto Archive: 11
  ALNS weights: Destroy=['2.87', '3.15', '2.86', '2.77', '2.87'] Repair=['2.87', '2.92', '2.96']
[PACO+ALNS ] Iteration 60/100 - Pareto Archive: 12
  ALNS weights: Destroy=['2.95', '3.02', '3.00', '2.96', '2.98'] Repair=['2.91', '3.00', '3.00']
[PACO+ALNS ] Iteration 70/100 - Pareto Archive: 11
  ALNS weights: Destroy=['2.87', '2.95', '3.00', '2.96', '3.00'] Repair=['2.98', '2.93', '2.98']
[PACO+ALNS ] Iteration 80/100 - Pareto Archive: 12
  ALNS weights: Destroy=['2.84', '2.79', '3.00', '2.82', '2.74'] Repair=['2.84', '2.89', '2.81']
[PACO+ALNS ] Iteration 90/100 - Pareto Archive: 12
  ALNS weights: Destroy=['2.32', '2.97', '2.78', '2.96', '2.99'] Repair=['2.88', '2.89', '2.40']
[PACO+ALNS ] Iteration 100/100 - Pareto Archive: 12
  ALNS weights: Destroy=['2.40', '3.00', '2.87', '2.48', '2.81'] Repair=['2.71', '2.58', '2.87']
[PACO+ALNS ] Iteration 10/100 - Pareto Archive: 10
  ALNS weights: Destroy=['2.64', '2.98', '3.00', '2.99', '2.84'] Repair=['2.90', '3.00', '2.81']
[PACO+ALNS ] Iteration 20/100 - Pareto Archive: 9
  ALNS weights: Destroy=['2.90', '2.57', '2.99', '2.77', '2.83'] Repair=['2.78', '2.93', '2.75']
[PACO+ALNS ] Iteration 30/100 - Pareto Archive: 11
  ALNS weights: Destroy=['2.65', '3.00', '2.90', '2.98', '2.99'] Repair=['2.95', '2.87', '3.00']
[PACO+ALNS ] Iteration 40/100 - Pareto Archive: 11
  ALNS weights: Destroy=['2.85', '2.98', '2.78', '3.00', '3.00'] Repair=['2.99', '2.94', '2.97']
[PACO+ALNS ] Iteration 50/100 - Pareto Archive: 12
  ALNS weights: Destroy=['2.94', '2.76', '2.92', '2.86', '2.47'] Repair=['2.83', '2.92', '2.63'][P-ACO-imp2] Iteration 10/100 - Archive: 11
[P-ACO-imp2] Iteration 20/100 - Archive: 10
[P-ACO-imp2] Iteration 30/100 - Archive: 12
[P-ACO-imp2] Iteration 40/100 - Archive: 15
[P-ACO-imp2] Iteration 50/100 - Archive: 16
[P-ACO-imp2] Iteration 60/100 - Archive: 19
[P-ACO-imp2] Iteration 70/100 - Archive: 23
[P-ACO-imp2] Iteration 80/100 - Archive: 24
[P-ACO-imp2] Iteration 90/100 - Archive: 22
[P-ACO-imp2] Iteration 100/100 - Archive: 21
[P-ACO-imp2] Iteration 10/100 - Archive: 14
[P-ACO-imp2] Iteration 20/100 - Archive: 17
[P-ACO-imp2] Iteration 30/100 - Archive: 7
[P-ACO-imp2] Iteration 40/100 - Archive: 11
[P-ACO-imp2] Iteration 50/100 - Archive: 7
[P-ACO-imp2] Iteration 60/100 - Archive: 7
[P-ACO-imp2] Iteration 70/100 - Archive: 9
[P-ACO-imp2] Iteration 80/100 - Archive: 10
[P-ACO-imp2] Iteration 90/100 - Archive: 10
[P-ACO-imp2] Iteration 100/100 - Archive: 11
[P-ACO-imp2] Iteration 10/100 - Archive: 8
[P-ACO-imp2] Iteration 20/100 - Archive: 17
[P-ACO-imp2] Iteration 30/100 - Archive: 10
[P-ACO-imp2] Iteration 40/100 - Archive: 11
[P-ACO-imp2] Iteration 50/100 - Archive: 13
[P-ACO-imp2] Iteration 60/100 - Archive: 12
[P-ACO-imp2] Iteration 70/100 - Archive: 11
[P-ACO-imp2] Iteration 80/100 - Archive: 13
[P-ACO-imp2] Iteration 90/100 - Archive: 15
[P-ACO-imp2] Iteration 100/100 - Archive: 17
[P-ACO-imp2] Iteration 10/100 - Archive: 14
[P-ACO-imp2] Iteration 20/100 - Archive: 16
[P-ACO-imp2] Iteration 30/100 - Archive: 17
[P-ACO-imp2] Iteration 40/100 - Archive: 12
[P-ACO-imp2] Iteration 50/100 - Archive: 12
[P-ACO-imp2] Iteration 60/100 - Archive: 10
[P-ACO-imp2] Iteration 70/100 - Archive: 12
[P-ACO-imp2] Iteration 80/100 - Archive: 12
[P-ACO-imp2] Iteration 90/100 - Archive: 13
[P-ACO-imp2] Iteration 100/100 - Archive: 14
[P-ACO-imp2] Iteration 10/100 - Archive: 13
[P-ACO-imp2] Iteration 20/100 - Archive: 14
[P-ACO-imp2] Iteration 30/100 - Archive: 13
[P-ACO-imp2] Iteration 40/100 - Archive: 13
[P-ACO-imp2] Iteration 50/100 - Archive: 14
[P-ACO-imp2] Iteration 60/100 - Archive: 13
[P-ACO-imp2] Iteration 70/100 - Archive: 19
[P-ACO-imp2] Iteration 80/100 - Archive: 13
[P-ACO-imp2] Iteration 90/100 - Archive: 13
[P-ACO-imp2] Iteration 100/100 - Archive: 15
[P-ACO-imp2] Iteration 10/100 - Archive: 18
[P-ACO-imp2] Iteration 20/100 - Archive: 12
[P-ACO-imp2] Iteration 30/100 - Archive: 10
[P-ACO-imp2] Iteration 40/100 - Archive: 15
[P-ACO-imp2] Iteration 50/100 - Archive: 13
[P-ACO-imp2] Iteration 60/100 - Archive: 11
[P-ACO-imp2] Iteration 70/100 - Archive: 10
[P-ACO-imp2] Iteration 80/100 - Archive: 7
[P-ACO-imp2] Iteration 90/100 - Archive: 12
[P-ACO-imp2] Iteration 100/100 - Archive: 13
[P-ACO-imp2] Iteration 10/100 - Archive: 12
[P-ACO-imp2] Iteration 20/100 - Archive: 18
[P-ACO-imp2] Iteration 30/100 - Archive: 22
[P-ACO-imp2] Iteration 40/100 - Archive: 22
[P-ACO-imp2] Iteration 50/100 - Archive: 21
[P-ACO-imp2] Iteration 60/100 - Archive: 21
[P-ACO-imp2] Iteration 70/100 - Archive: 22
[P-ACO-imp2] Iteration 80/100 - Archive: 23
[P-ACO-imp2] Iteration 90/100 - Archive: 23
[P-ACO-imp2] Iteration 100/100 - Archive: 24
[P-ACO-imp2] Iteration 10/100 - Archive: 10
[P-ACO-imp2] Iteration 20/100 - Archive: 13
[P-ACO-imp2] Iteration 30/100 - Archive: 16
[P-ACO-imp2] Iteration 40/100 - Archive: 17
[P-ACO-imp2] Iteration 50/100 - Archive: 19
[P-ACO-imp2] Iteration 60/100 - Archive: 19
[P-ACO-imp2] Iteration 70/100 - Archive: 21
[P-ACO-imp2] Iteration 80/100 - Archive: 21
[P-ACO-imp2] Iteration 90/100 - Archive: 21
[P-ACO-imp2] Iteration 100/100 - Archive: 23
[P-ACO-imp2] Iteration 10/100 - Archive: 11
[P-ACO-imp2] Iteration 20/100 - Archive: 14
[P-ACO-imp2] Iteration 30/100 - Archive: 12
[P-ACO-imp2] Iteration 40/100 - Archive: 13
[P-ACO-imp2] Iteration 50/100 - Archive: 14
[P-ACO-imp2] Iteration 60/100 - Archive: 14
[P-ACO-imp2] Iteration 70/100 - Archive: 15
[P-ACO-imp2] Iteration 80/100 - Archive: 16
[P-ACO-imp2] Iteration 90/100 - Archive: 17
[P-ACO-imp2] Iteration 100/100 - Archive: 15
[P-ACO-imp2] Iteration 10/100 - Archive: 15
[P-ACO-imp2] Iteration 20/100 - Archive: 17
[P-ACO-imp2] Iteration 30/100 - Archive: 14
[P-ACO-imp2] Iteration 40/100 - Archive: 17
[P-ACO-imp2] Iteration 50/100 - Archive: 18
[P-ACO-imp2] Iteration 60/100 - Archive: 22
[P-ACO-imp2] Iteration 70/100 - Archive: 20
[P-ACO-imp2] Iteration 80/100 - Archive: 21
[P-ACO-imp2] Iteration 90/100 - Archive: 22
[P-ACO-imp2] Iteration 100/100 - Archive: 23
  Route plotted and saved to: C:\Users\23992\FURP-2026-XinyueXie-Truck-Drone-Routing\src\experiments\PACO+ALNS\results\20260807_w8\routes_imp2_50c_RC201_6V_high_min_cost.png
  Route plotted and saved to: C:\Users\23992\FURP-2026-XinyueXie-Truck-Drone-Routing\src\experiments\PACO+ALNS\results\20260807_w8\routes_imp2_50c_RC201_6V_high_min_tardiness.png
  Route plotted and saved to: C:\Users\23992\FURP-2026-XinyueXie-Truck-Drone-Routing\src\experiments\PACO+ALNS\results\20260807_w8\routes_imp2_50c_RC201_6V_high_compromise.png
[done] 50c_RC201_6V_high imp2 time=60.0s cost=419.0 tard=5065.5 sols=17.6
[start] 100c_RC201_10V_high w7 runs=10 max_iter=100 seed=20275807

[PACO+ALNS ] Iteration 60/100 - Pareto Archive: 12
  ALNS weights: Destroy=['2.50', '2.96', '3.00', '2.95', '2.95'] Repair=['2.84', '3.00', '2.75']
[PACO+ALNS ] Iteration 70/100 - Pareto Archive: 10
  ALNS weights: Destroy=['2.41', '3.00', '2.89', '2.10', '3.00'] Repair=['2.66', '2.40', '2.76']
[PACO+ALNS ] Iteration 80/100 - Pareto Archive: 10
  ALNS weights: Destroy=['2.49', '2.95', '2.99', '2.39', '2.87'] Repair=['2.43', '2.71', '2.93']
[PACO+ALNS ] Iteration 90/100 - Pareto Archive: 12
  ALNS weights: Destroy=['2.38', '2.65', '2.94', '2.75', '2.66'] Repair=['2.36', '3.10', '2.43']
[PACO+ALNS ] Iteration 100/100 - Pareto Archive: 12
  ALNS weights: Destroy=['2.87', '2.81', '2.53', '2.42', '2.84'] Repair=['2.67', '2.43', '2.87']
[PACO+ALNS ] Iteration 10/100 - Pareto Archive: 11
  ALNS weights: Destroy=['2.94', '2.94', '3.00', '2.59', '2.92'] Repair=['2.77', '2.99', '2.81']
[PACO+ALNS ] Iteration 20/100 - Pareto Archive: 7
  ALNS weights: Destroy=['2.88', '2.91', '3.00', '2.56', '2.99'] Repair=['2.69', '2.72', '2.98']
[PACO+ALNS ] Iteration 30/100 - Pareto Archive: 9
  ALNS weights: Destroy=['3.00', '2.60', '3.00', '2.98', '2.74'] Repair=['2.90', '2.90', '2.74']
[PACO+ALNS ] Iteration 40/100 - Pareto Archive: 11
  ALNS weights: Destroy=['2.70', '2.75', '2.97', '2.71', '3.00'] Repair=['2.70', '2.69', '2.67']
[PACO+ALNS ] Iteration 50/100 - Pareto Archive: 11
  ALNS weights: Destroy=['2.80', '2.83', '2.90', '2.90', '3.00'] Repair=['2.86', '2.88', '2.89']
[PACO+ALNS ] Iteration 60/100 - Pareto Archive: 12
  ALNS weights: Destroy=['2.74', '2.93', '2.96', '2.89', '3.00'] Repair=['2.93', '2.96', '2.87']
[PACO+ALNS ] Iteration 70/100 - Pareto Archive: 12
  ALNS weights: Destroy=['2.87', '2.93', '3.00', '2.81', '3.00'] Repair=['2.89', '2.84', '2.95']
[PACO+ALNS ] Iteration 80/100 - Pareto Archive: 12
  ALNS weights: Destroy=['2.72', '2.47', '3.00', '2.88', '3.00'] Repair=['2.64', '2.62', '2.92']
[PACO+ALNS ] Iteration 90/100 - Pareto Archive: 11
  ALNS weights: Destroy=['2.81', '3.00', '3.00', '2.64', '2.92'] Repair=['2.88', '2.80', '2.94']
[PACO+ALNS ] Iteration 100/100 - Pareto Archive: 12
  ALNS weights: Destroy=['2.99', '2.91', '2.70', '2.92', '2.83'] Repair=['2.96', '2.88', '2.88']
[PACO+ALNS ] Iteration 10/100 - Pareto Archive: 8
  ALNS weights: Destroy=['2.35', '2.99', '2.73', '3.00', '2.99'] Repair=['2.65', '3.00', '2.59']
[PACO+ALNS ] Iteration 20/100 - Pareto Archive: 10
  ALNS weights: Destroy=['2.71', '2.54', '2.80', '2.67', '3.00'] Repair=['2.49', '2.69', '2.61']
[PACO+ALNS ] Iteration 30/100 - Pareto Archive: 12
  ALNS weights: Destroy=['2.96', '2.80', '2.98', '2.99', '3.00'] Repair=['2.98', '3.00', '2.76']
[PACO+ALNS ] Iteration 40/100 - Pareto Archive: 11
  ALNS weights: Destroy=['3.32', '2.76', '2.71', '2.66', '3.00'] Repair=['2.89', '2.99', '2.60']
[PACO+ALNS ] Iteration 50/100 - Pareto Archive: 12
  ALNS weights: Destroy=['2.97', '2.77', '2.91', '3.00', '3.00'] Repair=['3.00', '2.96', '2.90']
[PACO+ALNS ] Iteration 60/100 - Pareto Archive: 12
  ALNS weights: Destroy=['2.45', '3.00', '2.97', '2.73', '2.97'] Repair=['2.78', '2.65', '2.97']
[PACO+ALNS ] Iteration 70/100 - Pareto Archive: 12
  ALNS weights: Destroy=['2.87', '2.45', '2.94', '2.66', '3.00'] Repair=['2.70', '2.81', '2.69']
[PACO+ALNS ] Iteration 80/100 - Pareto Archive: 12
  ALNS weights: Destroy=['2.40', '2.99', '3.00', '2.64', '2.50'] Repair=['2.91', '2.21', '2.64']
[PACO+ALNS ] Iteration 90/100 - Pareto Archive: 12
  ALNS weights: Destroy=['2.79', '3.00', '3.00', '3.00', '2.83'] Repair=['2.98', '2.82', '2.98']
[PACO+ALNS ] Iteration 100/100 - Pareto Archive: 12
  ALNS weights: Destroy=['2.97', '2.87', '2.93', '2.92', '2.59'] Repair=['2.99', '2.87', '2.97']
[PACO+ALNS ] Iteration 10/100 - Pareto Archive: 8
  ALNS weights: Destroy=['2.93', '2.98', '2.88', '2.88', '2.54'] Repair=['2.90', '2.99', '2.86']
[PACO+ALNS ] Iteration 20/100 - Pareto Archive: 10
  ALNS weights: Destroy=['2.84', '2.99', '2.98', '2.98', '3.00'] Repair=['3.00', '2.87', '2.99']
[PACO+ALNS ] Iteration 30/100 - Pareto Archive: 8
  ALNS weights: Destroy=['2.95', '2.98', '3.00', '2.96', '3.00'] Repair=['2.99', '2.97', '2.99']
[PACO+ALNS ] Iteration 40/100 - Pareto Archive: 11
  ALNS weights: Destroy=['2.87', '3.00', '2.97', '2.88', '3.00'] Repair=['2.96', '2.97', '2.96']
[PACO+ALNS ] Iteration 50/100 - Pareto Archive: 12
  ALNS weights: Destroy=['2.69', '2.96', '2.81', '2.18', '3.00'] Repair=['2.49', '2.41', '2.93']
[PACO+ALNS ] Iteration 60/100 - Pareto Archive: 11
  ALNS weights: Destroy=['2.86', '2.77', '2.66', '2.76', '2.89'] Repair=['2.74', '2.90', '2.65']
[PACO+ALNS ] Iteration 70/100 - Pareto Archive: 12
  ALNS weights: Destroy=['2.82', '3.00', '2.97', '2.53', '2.73'] Repair=['2.99', '2.92', '2.67']
[PACO+ALNS ] Iteration 80/100 - Pareto Archive: 12
  ALNS weights: Destroy=['2.74', '3.00', '2.87', '2.73', '2.83'] Repair=['2.76', '2.82', '2.96']
[PACO+ALNS ] Iteration 90/100 - Pareto Archive: 11
  ALNS weights: Destroy=['2.51', '2.67', '3.00', '2.46', '2.88'] Repair=['2.68', '2.86', '2.18']
[PACO+ALNS ] Iteration 100/100 - Pareto Archive: 11
  ALNS weights: Destroy=['2.63', '2.63', '2.73', '2.44', '2.78'] Repair=['2.68', '2.50', '2.63']
[PACO+ALNS ] Iteration 10/100 - Pareto Archive: 10
  ALNS weights: Destroy=['2.67', '2.89', '3.00', '2.94', '2.91'] Repair=['2.99', '2.98', '2.63']
[PACO+ALNS ] Iteration 20/100 - Pareto Archive: 12
  ALNS weights: Destroy=['2.46', '2.99', '2.87', '3.00', '2.82'] Repair=['2.87', '2.80', '2.89']
[PACO+ALNS ] Iteration 30/100 - Pareto Archive: 10
  ALNS weights: Destroy=['2.71', '3.09', '3.00', '2.44', '3.00'] Repair=['3.04', '2.52', '2.97']
[PACO+ALNS ] Iteration 40/100 - Pareto Archive: 11
  ALNS weights: Destroy=['2.67', '3.14', '2.99', '3.03', '2.98'] Repair=['2.98', '2.99', '2.93']
[PACO+ALNS ] Iteration 50/100 - Pareto Archive: 11
  ALNS weights: Destroy=['2.71', '2.97', '3.00', '2.97', '2.99'] Repair=['2.99', '2.80', '2.99']
[PACO+ALNS ] Iteration 60/100 - Pareto Archive: 12
  ALNS weights: Destroy=['2.87', '3.00', '3.00', '2.82', '2.95'] Repair=['2.84', '2.99', '2.99']
[PACO+ALNS ] Iteration 70/100 - Pareto Archive: 12
  ALNS weights: Destroy=['2.43', '2.89', '2.86', '2.94', '2.51'] Repair=['2.68', '2.75', '2.79']
[PACO+ALNS ] Iteration 80/100 - Pareto Archive: 12
  ALNS weights: Destroy=['2.94', '2.68', '2.98', '2.66', '2.87'] Repair=['2.79', '2.99', '2.59']
[PACO+ALNS ] Iteration 90/100 - Pareto Archive: 12
  ALNS weights: Destroy=['2.94', '2.95', '2.63', '2.60', '2.84'] Repair=['2.80', '2.94', '2.89']
[PACO+ALNS ] Iteration 100/100 - Pareto Archive: 12
  ALNS weights: Destroy=['2.84', '2.17', '2.81', '2.25', '2.52'] Repair=['2.22', '2.30', '2.52']
  Route plotted and saved to: C:\Users\23992\FURP-2026-XinyueXie-Truck-Drone-Routing\src\experiments\PACO+ALNS\results\20260807_w8\routes_w7_50c_RC101_4V_medium_min_cost.png
  Route plotted and saved to: C:\Users\23992\FURP-2026-XinyueXie-Truck-Drone-Routing\src\experiments\PACO+ALNS\results\20260807_w8\routes_w7_50c_RC101_4V_medium_min_tardiness.png
  Route plotted and saved to: C:\Users\23992\FURP-2026-XinyueXie-Truck-Drone-Routing\src\experiments\PACO+ALNS\results\20260807_w8\routes_w7_50c_RC101_4V_medium_compromise.png
[done] 50c_RC101_4V_medium w7 time=102.3s cost=390.9 tard=1465.4 sols=11.9
[PACO+ALNS ] Iteration 10/100 - Pareto Archive: 11
  ALNS weights: Destroy=['2.73', '2.66', '3.05', '2.57', '2.88'] Repair=['2.66', '2.76', '2.80']
[PACO+ALNS ] Iteration 20/100 - Pareto Archive: 11
  ALNS weights: Destroy=['2.86', '2.84', '2.92', '2.91', '2.90'] Repair=['2.99', '2.85', '2.86']
[PACO+ALNS ] Iteration 30/100 - Pareto Archive: 11
  ALNS weights: Destroy=['2.88', '2.97', '2.72', '2.60', '2.99'] Repair=['2.89', '2.79', '2.96']
[PACO+ALNS ] Iteration 40/100 - Pareto Archive: 10
  ALNS weights: Destroy=['2.83', '2.99', '2.94', '2.99', '2.65'] Repair=['2.92', '2.95', '2.93']
[PACO+ALNS ] Iteration 50/100 - Pareto Archive: 12
  ALNS weights: Destroy=['2.85', '2.99', '2.67', '2.85', '2.98'] Repair=['2.94', '2.95', '2.95']
[PACO+ALNS ] Iteration 60/100 - Pareto Archive: 12
  ALNS weights: Destroy=['2.45', '2.74', '2.95', '2.89', '2.74'] Repair=['2.79', '2.80', '2.94']
[PACO+ALNS ] Iteration 70/100 - Pareto Archive: 12
  ALNS weights: Destroy=['2.82', '3.00', '2.77', '2.92', '2.78'] Repair=['2.68', '2.90', '2.98']
[PACO+ALNS ] Iteration 80/100 - Pareto Archive: 10
  ALNS weights: Destroy=['2.24', '2.53', '3.00', '2.81', '2.99'] Repair=['2.89', '2.33', '2.61']
[PACO+ALNS ] Iteration 90/100 - Pareto Archive: 12
  ALNS weights: Destroy=['2.59', '2.57', '2.86', '2.87', '2.96'] Repair=['2.99', '2.69', '2.72']
[PACO+ALNS ] Iteration 100/100 - Pareto Archive: 12
  ALNS weights: Destroy=['2.71', '2.98', '2.78', '2.99', '2.99'] Repair=['2.99', '2.90', '2.96']
[PACO+ALNS ] Iteration 10/100 - Pareto Archive: 6
  ALNS weights: Destroy=['2.71', '2.89', '2.82', '2.67', '2.82'] Repair=['2.40', '2.98', '2.83']
[PACO+ALNS ] Iteration 20/100 - Pareto Archive: 8
  ALNS weights: Destroy=['2.81', '2.99', '3.00', '2.75', '2.67'] Repair=['2.81', '2.97', '2.84']
[PACO+ALNS ] Iteration 30/100 - Pareto Archive: 10
  ALNS weights: Destroy=['2.61', '2.95', '3.00', '2.67', '2.99'] Repair=['2.63', '3.00', '2.74']
[PACO+ALNS ] Iteration 40/100 - Pareto Archive: 12
  ALNS weights: Destroy=['2.52', '2.90', '3.00', '2.90', '2.74'] Repair=['2.89', '2.51', '3.00']
[PACO+ALNS ] Iteration 50/100 - Pareto Archive: 11
  ALNS weights: Destroy=['2.42', '2.96', '2.93', '2.57', '2.99'] Repair=['2.93', '2.64', '2.62']
[PACO+ALNS ] Iteration 60/100 - Pareto Archive: 12
  ALNS weights: Destroy=['2.83', '2.90', '3.02', '2.90', '3.13'] Repair=['2.95', '3.03', '2.86']
[PACO+ALNS ] Iteration 70/100 - Pareto Archive: 11
  ALNS weights: Destroy=['2.95', '2.93', '3.00', '2.98', '2.70'] Repair=['2.99', '2.72', '2.99']
[PACO+ALNS ] Iteration 80/100 - Pareto Archive: 11
  ALNS weights: Destroy=['2.94', '3.00', '3.00', '2.92', '2.97'] Repair=['2.93', '2.97', '3.00']
[PACO+ALNS ] Iteration 90/100 - Pareto Archive: 12
  ALNS weights: Destroy=['2.16', '2.84', '3.00', '2.75', '2.74'] Repair=['2.88', '2.36', '2.56']
[PACO+ALNS ] Iteration 100/100 - Pareto Archive: 12
  ALNS weights: Destroy=['2.63', '3.00', '2.92', '2.91', '2.43'] Repair=['2.77', '2.72', '2.85']
[PACO+ALNS ] Iteration 10/100 - Pareto Archive: 12
  ALNS weights: Destroy=['2.99', '2.53', '2.86', '2.99', '2.70'] Repair=['2.70', '2.80', '3.00']
[PACO+ALNS ] Iteration 20/100 - Pareto Archive: 12
  ALNS weights: Destroy=['2.62', '3.00', '2.87', '2.82', '2.97'] Repair=['2.90', '2.70', '2.82']
[PACO+ALNS ] Iteration 30/100 - Pareto Archive: 9
  ALNS weights: Destroy=['3.00', '3.00', '3.00', '2.93', '3.00'] Repair=['3.00', '2.96', '3.00']
[PACO+ALNS ] Iteration 40/100 - Pareto Archive: 10
  ALNS weights: Destroy=['2.71', '2.64', '2.93', '2.84', '3.12'] Repair=['2.98', '2.81', '2.88']
[PACO+ALNS ] Iteration 50/100 - Pareto Archive: 11
  ALNS weights: Destroy=['2.93', '2.99', '3.00', '2.94', '3.01'] Repair=['3.00', '2.98', '2.95']
[PACO+ALNS ] Iteration 60/100 - Pareto Archive: 12
  ALNS weights: Destroy=['2.17', '3.00', '2.87', '2.84', '2.82'] Repair=['2.72', '2.60', '2.73']
[PACO+ALNS ] Iteration 70/100 - Pareto Archive: 11
  ALNS weights: Destroy=['2.40', '2.84', '3.00', '2.53', '2.78'] Repair=['2.66', '2.13', '2.91']
[PACO+ALNS ] Iteration 80/100 - Pareto Archive: 12
  ALNS weights: Destroy=['2.73', '2.70', '3.00', '2.83', '2.80'] Repair=['2.77', '2.77', '2.80']
[PACO+ALNS ] Iteration 90/100 - Pareto Archive: 12
  ALNS weights: Destroy=['2.45', '2.98', '3.00', '2.88', '2.98'] Repair=['2.92', '2.79', '2.94']
[PACO+ALNS ] Iteration 100/100 - Pareto Archive: 12
  ALNS weights: Destroy=['2.88', '2.94', '3.00', '2.95', '2.88'] Repair=['2.98', '2.99', '2.91']
[PACO+ALNS ] Iteration 10/100 - Pareto Archive: 7
  ALNS weights: Destroy=['2.68', '2.97', '2.84', '2.66', '2.63'] Repair=['2.43', '2.94', '2.93']
[PACO+ALNS ] Iteration 20/100 - Pareto Archive: 8
  ALNS weights: Destroy=['3.00', '2.71', '3.00', '2.78', '2.98'] Repair=['3.00', '2.94', '2.70']
[PACO+ALNS ] Iteration 30/100 - Pareto Archive: 12
  ALNS weights: Destroy=['2.56', '2.85', '2.90', '2.43', '3.00'] Repair=['2.95', '2.67', '2.21']
[PACO+ALNS ] Iteration 40/100 - Pareto Archive: 12
  ALNS weights: Destroy=['2.92', '2.88', '2.98', '2.87', '2.99'] Repair=['2.87', '2.98', '2.90']
[PACO+ALNS ] Iteration 50/100 - Pareto Archive: 12
  ALNS weights: Destroy=['2.82', '2.99', '3.00', '2.99', '2.92'] Repair=['2.93', '2.84', '2.99']
[PACO+ALNS ] Iteration 60/100 - Pareto Archive: 12
  ALNS weights: Destroy=['2.77', '2.93', '2.96', '2.91', '2.99'] Repair=['2.96', '2.94', '2.97']
[PACO+ALNS ] Iteration 70/100 - Pareto Archive: 11
  ALNS weights: Destroy=['2.61', '2.97', '2.78', '2.56', '2.95'] Repair=['2.63', '3.00', '2.56']
[PACO+ALNS ] Iteration 80/100 - Pareto Archive: 11
  ALNS weights: Destroy=['2.98', '2.99', '2.84', '2.51', '2.90'] Repair=['2.89', '2.85', '2.74']
[PACO+ALNS ] Iteration 90/100 - Pareto Archive: 12
  ALNS weights: Destroy=['2.28', '2.99', '2.04', '2.98', '3.00'] Repair=['2.53', '2.51', '2.80']
[PACO+ALNS ] Iteration 100/100 - Pareto Archive: 11
  ALNS weights: Destroy=['2.98', '2.84', '2.99', '2.51', '2.79'] Repair=['2.66', '2.78', '3.00']
[PACO+ALNS ] Iteration 10/100 - Pareto Archive: 5
  ALNS weights: Destroy=['2.94', '2.86', '3.05', '2.60', '2.87'] Repair=['2.91', '2.75', '2.94']
[PACO+ALNS ] Iteration 20/100 - Pareto Archive: 7
  ALNS weights: Destroy=['2.44', '3.00', '2.93', '2.95', '3.01'] Repair=['2.72', '2.95', '2.85']
[PACO+ALNS ] Iteration 30/100 - Pareto Archive: 6
  ALNS weights: Destroy=['2.28', '2.91', '2.92', '2.48', '2.97'] Repair=['2.99', '2.81', '2.24']
[PACO+ALNS ] Iteration 40/100 - Pareto Archive: 11
  ALNS weights: Destroy=['2.77', '3.00', '2.39', '2.62', '2.99'] Repair=['2.70', '2.88', '2.66']
[PACO+ALNS ] Iteration 50/100 - Pareto Archive: 9
  ALNS weights: Destroy=['2.98', '2.93', '2.73', '2.75', '2.72'] Repair=['2.97', '2.92', '2.96']
[PACO+ALNS ] Iteration 60/100 - Pareto Archive: 10
  ALNS weights: Destroy=['2.53', '2.94', '3.00', '2.95', '2.80'] Repair=['2.98', '2.98', '2.63']
[PACO+ALNS ] Iteration 70/100 - Pareto Archive: 8
  ALNS weights: Destroy=['2.75', '3.00', '2.93', '2.84', '2.90'] Repair=['2.90', '2.78', '3.00']
[PACO+ALNS ] Iteration 80/100 - Pareto Archive: 9
  ALNS weights: Destroy=['2.84', '3.00', '2.95', '2.89', '2.97'] Repair=['3.00', '2.99', '2.71']
[PACO+ALNS ] Iteration 90/100 - Pareto Archive: 10
  ALNS weights: Destroy=['2.37', '2.56', '2.59', '2.74', '2.98'] Repair=['2.43', '2.70', '2.88']
[PACO+ALNS ] Iteration 100/100 - Pareto Archive: 12
  ALNS weights: Destroy=['2.03', '2.99', '2.59', '2.99', '3.00'] Repair=['2.80', '2.91', '2.96']
[PACO+ALNS ] Iteration 10/100 - Pareto Archive: 12
  ALNS weights: Destroy=['2.42', '2.90', '2.95', '2.71', '2.95'] Repair=['2.94', '2.71', '2.64']
[PACO+ALNS ] Iteration 20/100 - Pareto Archive: 8
  ALNS weights: Destroy=['2.63', '2.95', '2.89', '2.95', '2.97'] Repair=['2.91', '2.66', '2.96']
[PACO+ALNS ] Iteration 30/100 - Pareto Archive: 10
  ALNS weights: Destroy=['2.91', '2.97', '3.00', '2.89', '2.92'] Repair=['3.00', '2.88', '2.97']
[PACO+ALNS ] Iteration 40/100 - Pareto Archive: 11
  ALNS weights: Destroy=['2.32', '3.00', '2.98', '2.84', '2.71'] Repair=['2.97', '2.74', '2.49']
[PACO+ALNS ] Iteration 50/100 - Pareto Archive: 12
  ALNS weights: Destroy=['2.78', '2.78', '2.99', '2.99', '2.98'] Repair=['2.99', '2.76', '2.88']
[PACO+ALNS ] Iteration 60/100 - Pareto Archive: 12
  ALNS weights: Destroy=['2.89', '2.96', '2.68', '2.95', '2.78'] Repair=['2.99', '2.92', '2.82']
[PACO+ALNS ] Iteration 70/100 - Pareto Archive: 11
  ALNS weights: Destroy=['2.60', '2.92', '2.84', '2.72', '2.98'] Repair=['2.51', '2.97', '2.85']
[PACO+ALNS ] Iteration 80/100 - Pareto Archive: 11
  ALNS weights: Destroy=['2.66', '2.56', '2.90', '2.85', '2.90'] Repair=['2.67', '2.87', '2.79']
[PACO+ALNS ] Iteration 90/100 - Pareto Archive: 12
  ALNS weights: Destroy=['2.93', '2.97', '2.94', '2.89', '2.97'] Repair=['2.92', '2.94', '2.99']
[PACO+ALNS ] Iteration 100/100 - Pareto Archive: 11
  ALNS weights: Destroy=['2.39', '2.18', '2.71', '2.49', '2.69'] Repair=['2.08', '2.71', '2.50']
[PACO+ALNS ] Iteration 10/100 - Pareto Archive: 8
  ALNS weights: Destroy=['2.69', '2.73', '2.65', '2.75', '2.94'] Repair=['2.69', '2.57', '2.82']
[PACO+ALNS ] Iteration 20/100 - Pareto Archive: 10
  ALNS weights: Destroy=['2.84', '2.93', '3.00', '2.67', '2.90'] Repair=['2.98', '2.56', '2.99']
[PACO+ALNS ] Iteration 30/100 - Pareto Archive: 11
  ALNS weights: Destroy=['2.95', '2.99', '2.97', '2.51', '2.95'] Repair=['2.90', '2.98', '2.76']
[PACO+ALNS ] Iteration 40/100 - Pareto Archive: 10
  ALNS weights: Destroy=['2.72', '2.99', '2.24', '2.49', '2.85'] Repair=['2.59', '2.44', '2.62']
[PACO+ALNS ] Iteration 50/100 - Pareto Archive: 12
  ALNS weights: Destroy=['2.73', '2.89', '2.99', '2.78', '2.32'] Repair=['2.71', '2.82', '2.75']
[PACO+ALNS ] Iteration 60/100 - Pareto Archive: 12
  ALNS weights: Destroy=['2.74', '2.87', '2.98', '2.49', '2.66'] Repair=['2.71', '2.85', '2.78']
[PACO+ALNS ] Iteration 70/100 - Pareto Archive: 12
  ALNS weights: Destroy=['2.57', '2.87', '3.00', '2.41', '2.70'] Repair=['2.79', '2.79', '2.61']
[PACO+ALNS ] Iteration 80/100 - Pareto Archive: 12
  ALNS weights: Destroy=['2.66', '2.78', '2.99', '2.73', '2.90'] Repair=['2.66', '2.96', '2.73']
[PACO+ALNS ] Iteration 90/100 - Pareto Archive: 12
  ALNS weights: Destroy=['2.62', '2.69', '2.97', '2.80', '2.81'] Repair=['2.65', '2.72', '2.92']
[PACO+ALNS ] Iteration 100/100 - Pareto Archive: 12
  ALNS weights: Destroy=['2.51', '2.77', '3.00', '2.93', '2.97'] Repair=['2.77', '2.68', '2.93']
[PACO+ALNS ] Iteration 10/100 - Pareto Archive: 7
  ALNS weights: Destroy=['2.78', '2.84', '2.33', '2.98', '2.91'] Repair=['2.99', '2.71', '2.53']
[PACO+ALNS ] Iteration 20/100 - Pareto Archive: 9
  ALNS weights: Destroy=['2.65', '2.89', '2.94', '2.57', '2.78'] Repair=['2.91', '2.65', '2.78']
[PACO+ALNS ] Iteration 30/100 - Pareto Archive: 10
  ALNS weights: Destroy=['2.23', '2.99', '2.80', '2.75', '2.84'] Repair=['2.63', '2.85', '2.63']
[PACO+ALNS ] Iteration 40/100 - Pareto Archive: 10
  ALNS weights: Destroy=['2.75', '3.00', '3.00', '2.48', '2.71'] Repair=['2.86', '2.83', '2.66']
[PACO+ALNS ] Iteration 50/100 - Pareto Archive: 9
  ALNS weights: Destroy=['2.71', '2.91', '2.99', '2.92', '2.92'] Repair=['2.82', '2.93', '2.88']
[PACO+ALNS ] Iteration 60/100 - Pareto Archive: 10
  ALNS weights: Destroy=['2.08', '2.99', '2.25', '2.97', '2.74'] Repair=['2.99', '2.24', '2.25']
[PACO+ALNS ] Iteration 70/100 - Pareto Archive: 9
  ALNS weights: Destroy=['2.77', '2.71', '2.69', '2.72', '2.45'] Repair=['2.21', '2.88', '2.86']
[PACO+ALNS ] Iteration 80/100 - Pareto Archive: 11
  ALNS weights: Destroy=['2.78', '2.51', '3.00', '2.28', '2.67'] Repair=['2.81', '2.80', '2.03']
[PACO+ALNS ] Iteration 90/100 - Pareto Archive: 11
  ALNS weights: Destroy=['2.63', '2.83', '2.91', '2.60', '2.33'] Repair=['2.90', '2.56', '2.66']
[PACO+ALNS ] Iteration 100/100 - Pareto Archive: 12
  ALNS weights: Destroy=['2.19', '2.56', '2.81', '2.09', '2.87'] Repair=['2.32', '2.62', '2.26']
[PACO+ALNS ] Iteration 10/100 - Pareto Archive: 5
  ALNS weights: Destroy=['2.31', '3.01', '3.22', '3.00', '2.93'] Repair=['2.97', '2.64', '2.86']
[PACO+ALNS ] Iteration 20/100 - Pareto Archive: 8
  ALNS weights: Destroy=['2.33', '2.82', '2.73', '2.80', '2.89'] Repair=['2.96', '2.65', '2.35']
[PACO+ALNS ] Iteration 30/100 - Pareto Archive: 10
  ALNS weights: Destroy=['2.53', '2.98', '2.99', '3.00', '2.92'] Repair=['3.00', '2.85', '2.89']
[PACO+ALNS ] Iteration 40/100 - Pareto Archive: 10
  ALNS weights: Destroy=['2.88', '2.99', '2.77', '2.97', '2.88'] Repair=['2.88', '2.99', '2.97']
[PACO+ALNS ] Iteration 50/100 - Pareto Archive: 8
  ALNS weights: Destroy=['2.98', '2.73', '2.92', '2.55', '2.83'] Repair=['2.70', '2.77', '2.90']
[PACO+ALNS ] Iteration 60/100 - Pareto Archive: 11
  ALNS weights: Destroy=['2.73', '2.90', '2.96', '2.59', '2.99'] Repair=['2.79', '2.71', '2.91']
[PACO+ALNS ] Iteration 70/100 - Pareto Archive: 12
  ALNS weights: Destroy=['2.60', '2.75', '2.63', '2.61', '2.89'] Repair=['2.51', '2.49', '2.91']
[PACO+ALNS ] Iteration 80/100 - Pareto Archive: 12
  ALNS weights: Destroy=['2.49', '2.94', '2.48', '2.47', '2.80'] Repair=['2.70', '2.65', '2.62']
[PACO+ALNS ] Iteration 90/100 - Pareto Archive: 12
  ALNS weights: Destroy=['2.85', '2.83', '2.76', '2.34', '2.99'] Repair=['2.70', '2.68', '2.90']
[PACO+ALNS ] Iteration 100/100 - Pareto Archive: 11
  ALNS weights: Destroy=['2.66', '2.99', '2.99', '2.68', '3.00'] Repair=['2.96', '2.72', '2.66']
[PACO+ALNS ] Iteration 10/100 - Pareto Archive: 9
  ALNS weights: Destroy=['2.52', '2.96', '2.99', '2.95', '1.56'] Repair=['2.92', '2.96', '2.84']
[PACO+ALNS ] Iteration 20/100 - Pareto Archive: 12
  ALNS weights: Destroy=['2.86', '2.97', '2.80', '2.58', '2.87'] Repair=['2.81', '2.76', '2.85']
[PACO+ALNS ] Iteration 30/100 - Pareto Archive: 12
  ALNS weights: Destroy=['2.65', '2.84', '2.87', '2.88', '2.78'] Repair=['2.90', '2.77', '2.83']
[PACO+ALNS ] Iteration 40/100 - Pareto Archive: 10
  ALNS weights: Destroy=['2.98', '2.67', '2.90', '2.83', '2.98'] Repair=['2.51', '2.84', '2.98']
[PACO+ALNS ] Iteration 50/100 - Pareto Archive: 10
  ALNS weights: Destroy=['2.81', '2.97', '2.95', '2.48', '2.83'] Repair=['2.99', '2.95', '2.54']
[PACO+ALNS ] Iteration 60/100 - Pareto Archive: 10
  ALNS weights: Destroy=['2.81', '2.97', '3.00', '3.00', '2.47'] Repair=['2.88', '2.98', '2.98']
[PACO+ALNS ] Iteration 70/100 - Pareto Archive: 11
  ALNS weights: Destroy=['2.97', '2.98', '3.00', '2.89', '2.95'] Repair=['2.97', '2.98', '3.00']
[PACO+ALNS ] Iteration 80/100 - Pareto Archive: 11
  ALNS weights: Destroy=['2.96', '2.98', '3.25', '2.98', '2.61'] Repair=['3.14', '2.98', '2.95']
[PACO+ALNS ] Iteration 90/100 - Pareto Archive: 12
  ALNS weights: Destroy=['2.86', '2.98', '2.81', '2.99', '2.62'] Repair=['2.85', '2.96', '2.76']
[PACO+ALNS ] Iteration 100/100 - Pareto Archive: 12
  ALNS weights: Destroy=['2.56', '2.78', '2.99', '2.84', '2.72'] Repair=['2.59', '2.77', '2.94']
  Route plotted and saved to: C:\Users\23992\FURP-2026-XinyueXie-Truck-Drone-Routing\src\experiments\PACO+ALNS\results\20260807_w8\routes_w7_50c_RC201_4V_medium_min_cost.png
  Route plotted and saved to: C:\Users\23992\FURP-2026-XinyueXie-Truck-Drone-Routing\src\experiments\PACO+ALNS\results\20260807_w8\routes_w7_50c_RC201_4V_medium_min_tardiness.png
  Route plotted and saved to: C:\Users\23992\FURP-2026-XinyueXie-Truck-Drone-Routing\src\experiments\PACO+ALNS\results\20260807_w8\routes_w7_50c_RC201_4V_medium_compromise.png
[done] 50c_RC201_4V_medium w7 time=113.7s cost=419.4 tard=3007.8 sols=11.8

[PACO+ALNS ] Iteration 60/100 - Pareto Archive: 12
  ALNS weights: Destroy=['2.35', '2.70', '2.84', '2.63', '2.81'] Repair=['2.68', '2.85', '2.33']
[PACO+ALNS ] Iteration 70/100 - Pareto Archive: 12
  ALNS weights: Destroy=['2.52', '2.78', '2.91', '2.78', '2.83'] Repair=['2.70', '2.99', '2.26']
[PACO+ALNS ] Iteration 80/100 - Pareto Archive: 12
  ALNS weights: Destroy=['2.73', '2.84', '2.44', '2.57', '2.72'] Repair=['2.87', '2.96', '2.23']
[PACO+ALNS ] Iteration 90/100 - Pareto Archive: 12
  ALNS weights: Destroy=['2.53', '2.74', '2.89', '2.74', '2.62'] Repair=['2.80', '2.97', '2.25']
[PACO+ALNS ] Iteration 100/100 - Pareto Archive: 12
  ALNS weights: Destroy=['2.62', '2.77', '3.00', '2.73', '2.86'] Repair=['2.71', '2.70', '2.94']
[PACO+ALNS ] Iteration 10/100 - Pareto Archive: 9
  ALNS weights: Destroy=['2.86', '2.82', '3.00', '2.78', '2.73'] Repair=['2.79', '2.82', '2.84']
[PACO+ALNS ] Iteration 20/100 - Pareto Archive: 7
  ALNS weights: Destroy=['2.55', '3.00', '2.52', '3.02', '2.89'] Repair=['2.31', '2.93', '2.98']
[PACO+ALNS ] Iteration 30/100 - Pareto Archive: 8
  ALNS weights: Destroy=['2.69', '2.72', '2.96', '2.82', '2.85'] Repair=['2.43', '2.99', '2.98']
[PACO+ALNS ] Iteration 40/100 - Pareto Archive: 8
  ALNS weights: Destroy=['2.29', '3.00', '2.96', '2.67', '2.99'] Repair=['2.73', '2.75', '2.65']
[PACO+ALNS ] Iteration 50/100 - Pareto Archive: 12
  ALNS weights: Destroy=['2.65', '3.05', '2.90', '2.89', '2.84'] Repair=['2.94', '2.73', '2.98']
[PACO+ALNS ] Iteration 60/100 - Pareto Archive: 12
  ALNS weights: Destroy=['2.90', '2.96', '2.95', '2.98', '2.94'] Repair=['2.97', '2.96', '3.00']
[PACO+ALNS ] Iteration 70/100 - Pareto Archive: 10
  ALNS weights: Destroy=['2.53', '2.99', '2.73', '2.05', '2.99'] Repair=['2.50', '2.81', '2.62']
[PACO+ALNS ] Iteration 80/100 - Pareto Archive: 12
  ALNS weights: Destroy=['3.00', '3.02', '2.99', '2.96', '2.41'] Repair=['2.99', '2.98', '2.79']
[PACO+ALNS ] Iteration 90/100 - Pareto Archive: 12
  ALNS weights: Destroy=['2.90', '3.00', '2.35', '2.59', '2.97'] Repair=['2.84', '2.71', '2.86']
[PACO+ALNS ] Iteration 100/100 - Pareto Archive: 12
  ALNS weights: Destroy=['2.93', '2.81', '2.85', '2.37', '2.99'] Repair=['2.84', '2.70', '2.87']
[PACO+ALNS ] Iteration 10/100 - Pareto Archive: 12
  ALNS weights: Destroy=['2.98', '2.84', '2.83', '2.68', '2.84'] Repair=['3.00', '2.65', '2.68']
[PACO+ALNS ] Iteration 20/100 - Pareto Archive: 12
  ALNS weights: Destroy=['2.97', '2.98', '2.93', '3.00', '2.92'] Repair=['3.00', '2.97', '3.00']
[PACO+ALNS ] Iteration 30/100 - Pareto Archive: 12
  ALNS weights: Destroy=['2.78', '3.00', '2.90', '2.99', '3.00'] Repair=['3.18', '2.67', '2.94']
[PACO+ALNS ] Iteration 40/100 - Pareto Archive: 12
  ALNS weights: Destroy=['2.54', '3.04', '3.00', '3.00', '2.74'] Repair=['2.89', '3.00', '3.00']
[PACO+ALNS ] Iteration 50/100 - Pareto Archive: 12
  ALNS weights: Destroy=['2.35', '2.96', '2.84', '2.88', '2.98'] Repair=['2.77', '2.58', '2.94']
[PACO+ALNS ] Iteration 60/100 - Pareto Archive: 12
  ALNS weights: Destroy=['3.00', '2.82', '2.99', '2.69', '3.00'] Repair=['3.00', '2.65', '3.00']
[PACO+ALNS ] Iteration 70/100 - Pareto Archive: 12
  ALNS weights: Destroy=['2.73', '2.97', '3.00', '2.82', '2.74'] Repair=['2.99', '2.74', '2.84']
[PACO+ALNS ] Iteration 80/100 - Pareto Archive: 12
  ALNS weights: Destroy=['2.75', '2.99', '3.00', '3.00', '2.96'] Repair=['3.00', '2.87', '2.97']
[PACO+ALNS ] Iteration 90/100 - Pareto Archive: 12
  ALNS weights: Destroy=['2.59', '2.99', '2.93', '2.97', '2.99'] Repair=['2.85', '2.70', '2.95']
[PACO+ALNS ] Iteration 100/100 - Pareto Archive: 12
  ALNS weights: Destroy=['3.04', '2.90', '2.99', '2.86', '2.89'] Repair=['3.00', '2.92', '2.98']
[PACO+ALNS ] Iteration 10/100 - Pareto Archive: 6
  ALNS weights: Destroy=['2.66', '3.00', '2.82', '2.70', '2.97'] Repair=['2.96', '2.63', '2.78']
[PACO+ALNS ] Iteration 20/100 - Pareto Archive: 8
  ALNS weights: Destroy=['3.00', '3.00', '3.00', '2.74', '3.00'] Repair=['3.00', '2.84', '3.00']
[PACO+ALNS ] Iteration 30/100 - Pareto Archive: 10
  ALNS weights: Destroy=['2.63', '2.86', '3.00', '2.84', '2.81'] Repair=['2.68', '2.88', '2.94']
[PACO+ALNS ] Iteration 40/100 - Pareto Archive: 12
  ALNS weights: Destroy=['2.31', '2.99', '2.93', '2.87', '2.96'] Repair=['3.03', '2.79', '2.55']
[PACO+ALNS ] Iteration 50/100 - Pareto Archive: 12
  ALNS weights: Destroy=['2.72', '2.95', '2.98', '2.56', '2.94'] Repair=['2.74', '2.98', '2.77']
[PACO+ALNS ] Iteration 60/100 - Pareto Archive: 11
  ALNS weights: Destroy=['2.87', '2.96', '2.71', '2.49', '2.98'] Repair=['2.70', '2.86', '2.81']
[PACO+ALNS ] Iteration 70/100 - Pareto Archive: 10
  ALNS weights: Destroy=['2.65', '2.78', '2.96', '2.86', '3.00'] Repair=['2.81', '2.78', '2.93']
[PACO+ALNS ] Iteration 80/100 - Pareto Archive: 12
  ALNS weights: Destroy=['2.64', '2.95', '2.66', '2.94', '2.78'] Repair=['2.98', '2.68', '2.95']
[PACO+ALNS ] Iteration 90/100 - Pareto Archive: 12
  ALNS weights: Destroy=['2.59', '2.73', '2.90', '2.21', '2.97'] Repair=['2.73', '2.56', '2.30']
[PACO+ALNS ] Iteration 100/100 - Pareto Archive: 12
  ALNS weights: Destroy=['2.63', '2.94', '3.09', '2.53', '2.99'] Repair=['2.71', '2.65', '2.79']
[PACO+ALNS ] Iteration 10/100 - Pareto Archive: 6
  ALNS weights: Destroy=['2.74', '3.00', '2.97', '2.60', '2.83'] Repair=['2.60', '2.78', '3.00']
[PACO+ALNS ] Iteration 20/100 - Pareto Archive: 10
  ALNS weights: Destroy=['2.76', '2.86', '3.00', '2.69', '2.95'] Repair=['2.87', '2.94', '2.66']
[PACO+ALNS ] Iteration 30/100 - Pareto Archive: 12
  ALNS weights: Destroy=['2.75', '2.67', '2.88', '2.81', '2.93'] Repair=['2.98', '2.79', '2.52']
[PACO+ALNS ] Iteration 40/100 - Pareto Archive: 12
  ALNS weights: Destroy=['2.72', '2.66', '3.00', '2.87', '2.87'] Repair=['2.74', '2.65', '3.00']
[PACO+ALNS ] Iteration 50/100 - Pareto Archive: 12
  ALNS weights: Destroy=['2.96', '2.96', '3.00', '2.66', '2.77'] Repair=['2.97', '2.98', '2.69']
[PACO+ALNS ] Iteration 60/100 - Pareto Archive: 12
  ALNS weights: Destroy=['2.70', '2.87', '2.87', '2.89', '2.82'] Repair=['2.88', '2.93', '2.80']
[PACO+ALNS ] Iteration 70/100 - Pareto Archive: 12
  ALNS weights: Destroy=['2.67', '2.81', '3.00', '2.19', '2.99'] Repair=['2.54', '2.93', '2.34']
[PACO+ALNS ] Iteration 80/100 - Pareto Archive: 12
  ALNS weights: Destroy=['2.94', '2.90', '2.97', '2.97', '2.85'] Repair=['2.97', '3.00', '2.92']
[PACO+ALNS ] Iteration 90/100 - Pareto Archive: 12
  ALNS weights: Destroy=['2.64', '3.00', '3.00', '2.78', '2.53'] Repair=['2.87', '2.69', '2.90']
[PACO+ALNS ] Iteration 100/100 - Pareto Archive: 12
  ALNS weights: Destroy=['2.67', '2.99', '3.00', '2.62', '2.64'] Repair=['2.74', '2.85', '2.84']
  Route plotted and saved to: C:\Users\23992\FURP-2026-XinyueXie-Truck-Drone-Routing\src\experiments\PACO+ALNS\results\20260807_w8\routes_w7_50c_RC101_6V_medium_min_cost.png
  Route plotted and saved to: C:\Users\23992\FURP-2026-XinyueXie-Truck-Drone-Routing\src\experiments\PACO+ALNS\results\20260807_w8\routes_w7_50c_RC101_6V_medium_min_tardiness.png
  Route plotted and saved to: C:\Users\23992\FURP-2026-XinyueXie-Truck-Drone-Routing\src\experiments\PACO+ALNS\results\20260807_w8\routes_w7_50c_RC101_6V_medium_compromise.png
[done] 50c_RC101_6V_medium w7 time=108.5s cost=391.8 tard=1480.2 sols=11.9

[PACO+ALNS ] Iteration 60/100 - Pareto Archive: 12
  ALNS weights: Destroy=['2.78', '2.26', '3.00', '2.71', '2.85'] Repair=['2.85', '2.78', '2.72']
[PACO+ALNS ] Iteration 70/100 - Pareto Archive: 12
  ALNS weights: Destroy=['2.91', '2.99', '2.70', '2.88', '2.82'] Repair=['2.86', '2.90', '2.89']
[PACO+ALNS ] Iteration 80/100 - Pareto Archive: 12
  ALNS weights: Destroy=['2.68', '2.99', '2.54', '2.96', '2.96'] Repair=['2.72', '3.00', '2.71']
[PACO+ALNS ] Iteration 90/100 - Pareto Archive: 12
  ALNS weights: Destroy=['2.67', '2.99', '2.64', '2.91', '2.78'] Repair=['2.85', '2.72', '2.83']
[PACO+ALNS ] Iteration 100/100 - Pareto Archive: 12
  ALNS weights: Destroy=['2.91', '3.00', '3.00', '2.79', '2.90'] Repair=['2.98', '2.92', '2.81']
[PACO+ALNS ] Iteration 10/100 - Pareto Archive: 12
  ALNS weights: Destroy=['2.99', '2.90', '2.99', '2.91', '2.47'] Repair=['3.00', '2.99', '2.87']
[PACO+ALNS ] Iteration 20/100 - Pareto Archive: 9
  ALNS weights: Destroy=['2.98', '2.97', '3.00', '3.00', '2.98'] Repair=['3.00', '3.00', '3.00']
[PACO+ALNS ] Iteration 30/100 - Pareto Archive: 12
  ALNS weights: Destroy=['2.97', '2.78', '3.00', '3.00', '2.74'] Repair=['2.98', '2.63', '2.96']
[PACO+ALNS ] Iteration 40/100 - Pareto Archive: 11
  ALNS weights: Destroy=['2.92', '2.98', '3.00', '2.84', '2.96'] Repair=['2.90', '2.99', '2.97']
[PACO+ALNS ] Iteration 50/100 - Pareto Archive: 12
  ALNS weights: Destroy=['2.93', '2.96', '3.00', '2.93', '3.00'] Repair=['2.98', '2.88', '2.96']
[PACO+ALNS ] Iteration 60/100 - Pareto Archive: 12
  ALNS weights: Destroy=['2.73', '2.92', '2.96', '2.89', '2.77'] Repair=['2.95', '2.77', '2.75']
[PACO+ALNS ] Iteration 70/100 - Pareto Archive: 12
  ALNS weights: Destroy=['2.99', '2.99', '3.00', '2.97', '2.65'] Repair=['3.00', '2.96', '2.99']
[PACO+ALNS ] Iteration 80/100 - Pareto Archive: 12
  ALNS weights: Destroy=['3.00', '3.00', '2.94', '2.92', '2.98'] Repair=['2.99', '3.00', '2.93']
[PACO+ALNS ] Iteration 90/100 - Pareto Archive: 11
  ALNS weights: Destroy=['2.94', '2.85', '3.00', '2.83', '2.99'] Repair=['3.00', '2.84', '2.98']
[PACO+ALNS ] Iteration 100/100 - Pareto Archive: 12
  ALNS weights: Destroy=['2.79', '2.85', '2.99', '2.86', '2.71'] Repair=['2.90', '2.74', '2.95']
[PACO+ALNS ] Iteration 10/100 - Pareto Archive: 7
  ALNS weights: Destroy=['2.98', '3.00', '3.00', '2.96', '2.99'] Repair=['3.00', '2.99', '3.00']
[PACO+ALNS ] Iteration 20/100 - Pareto Archive: 12
  ALNS weights: Destroy=['2.88', '2.65', '2.92', '2.83', '2.66'] Repair=['2.65', '2.99', '2.68']
[PACO+ALNS ] Iteration 30/100 - Pareto Archive: 12
  ALNS weights: Destroy=['2.48', '3.00', '3.00', '2.69', '2.43'] Repair=['2.97', '2.51', '2.65']
[PACO+ALNS ] Iteration 40/100 - Pareto Archive: 12
  ALNS weights: Destroy=['3.00', '2.70', '3.00', '2.61', '2.84'] Repair=['2.99', '2.74', '2.61']
[PACO+ALNS ] Iteration 50/100 - Pareto Archive: 12
  ALNS weights: Destroy=['2.80', '2.96', '3.00', '2.99', '2.49'] Repair=['2.83', '2.90', '2.99']
[PACO+ALNS ] Iteration 60/100 - Pareto Archive: 11
  ALNS weights: Destroy=['2.85', '3.00', '3.00', '2.82', '2.85'] Repair=['2.99', '2.82', '2.84']
[PACO+ALNS ] Iteration 70/100 - Pareto Archive: 11
  ALNS weights: Destroy=['2.83', '2.63', '3.00', '2.98', '2.79'] Repair=['3.00', '2.52', '2.98']
[PACO+ALNS ] Iteration 80/100 - Pareto Archive: 12
  ALNS weights: Destroy=['2.58', '2.81', '2.94', '2.86', '2.70'] Repair=['2.66', '2.74', '2.93']
[PACO+ALNS ] Iteration 90/100 - Pareto Archive: 12
  ALNS weights: Destroy=['2.99', '2.70', '2.80', '2.88', '2.97'] Repair=['2.96', '2.65', '3.00']
[PACO+ALNS ] Iteration 100/100 - Pareto Archive: 12
  ALNS weights: Destroy=['2.51', '2.84', '3.00', '2.90', '2.71'] Repair=['2.36', '2.86', '2.97']
[PACO+ALNS ] Iteration 10/100 - Pareto Archive: 5
  ALNS weights: Destroy=['2.86', '2.92', '2.95', '2.82', '2.90'] Repair=['2.93', '2.87', '2.97']
[PACO+ALNS ] Iteration 20/100 - Pareto Archive: 11
  ALNS weights: Destroy=['2.60', '3.00', '3.00', '2.83', '2.91'] Repair=['2.93', '3.00', '2.70']
[PACO+ALNS ] Iteration 30/100 - Pareto Archive: 12
  ALNS weights: Destroy=['2.77', '2.82', '3.00', '2.74', '3.00'] Repair=['2.56', '2.74', '2.99']
[PACO+ALNS ] Iteration 40/100 - Pareto Archive: 11
  ALNS weights: Destroy=['2.73', '2.84', '3.00', '2.61', '2.85'] Repair=['2.90', '2.48', '2.96']
[PACO+ALNS ] Iteration 50/100 - Pareto Archive: 11
  ALNS weights: Destroy=['2.89', '2.49', '3.00', '2.98', '2.99'] Repair=['2.98', '2.78', '2.92']
[PACO+ALNS ] Iteration 60/100 - Pareto Archive: 12
  ALNS weights: Destroy=['2.53', '2.99', '2.41', '3.00', '2.82'] Repair=['2.47', '2.78', '2.97']
[PACO+ALNS ] Iteration 70/100 - Pareto Archive: 12
  ALNS weights: Destroy=['2.75', '2.98', '2.99', '2.98', '2.98'] Repair=['2.99', '2.99', '2.78']
[PACO+ALNS ] Iteration 80/100 - Pareto Archive: 11
  ALNS weights: Destroy=['2.91', '2.82', '2.93', '2.99', '2.94'] Repair=['2.96', '2.86', '2.99']
[PACO+ALNS ] Iteration 90/100 - Pareto Archive: 12
  ALNS weights: Destroy=['2.81', '2.99', '2.78', '3.00', '2.93'] Repair=['2.87', '2.99', '2.84']
[PACO+ALNS ] Iteration 100/100 - Pareto Archive: 12
  ALNS weights: Destroy=['2.32', '2.94', '3.00', '2.95', '3.00'] Repair=['3.00', '2.95', '2.58']
[PACO+ALNS ] Iteration 10/100 - Pareto Archive: 10
  ALNS weights: Destroy=['2.49', '3.00', '2.82', '2.60', '2.89'] Repair=['2.72', '2.97', '2.66']
[PACO+ALNS ] Iteration 20/100 - Pareto Archive: 10
  ALNS weights: Destroy=['2.82', '3.00', '2.93', '3.00', '2.72'] Repair=['3.00', '3.00', '2.67']
[PACO+ALNS ] Iteration 30/100 - Pareto Archive: 12
  ALNS weights: Destroy=['2.70', '3.00', '2.98', '2.54', '2.88'] Repair=['2.67', '3.00', '2.67']
[PACO+ALNS ] Iteration 40/100 - Pareto Archive: 12
  ALNS weights: Destroy=['2.78', '2.93', '2.97', '2.79', '2.96'] Repair=['2.85', '2.90', '2.83']
[PACO+ALNS ] Iteration 50/100 - Pareto Archive: 12
  ALNS weights: Destroy=['2.79', '2.82', '3.00', '2.98', '2.89'] Repair=['2.82', '2.94', '2.90']
[PACO+ALNS ] Iteration 60/100 - Pareto Archive: 12
  ALNS weights: Destroy=['2.95', '2.71', '2.99', '2.84', '3.00'] Repair=['2.99', '2.98', '2.94']
[PACO+ALNS ] Iteration 70/100 - Pareto Archive: 12
  ALNS weights: Destroy=['2.66', '2.63', '2.99', '2.70', '2.78'] Repair=['2.91', '2.57', '2.73']
[PACO+ALNS ] Iteration 80/100 - Pareto Archive: 12
  ALNS weights: Destroy=['2.76', '3.06', '3.00', '2.95', '2.98'] Repair=['3.05', '2.80', '2.95']
[PACO+ALNS ] Iteration 90/100 - Pareto Archive: 12
  ALNS weights: Destroy=['2.61', '2.83', '2.70', '2.96', '3.00'] Repair=['2.96', '2.57', '2.74']
[PACO+ALNS ] Iteration 100/100 - Pareto Archive: 12
  ALNS weights: Destroy=['2.96', '2.62', '2.89', '3.00', '3.00'] Repair=['2.91', '2.68', '2.97']
  Route plotted and saved to: C:\Users\23992\FURP-2026-XinyueXie-Truck-Drone-Routing\src\experiments\PACO+ALNS\results\20260807_w8\routes_w7_50c_RC101_4V_high_min_cost.png
  Route plotted and saved to: C:\Users\23992\FURP-2026-XinyueXie-Truck-Drone-Routing\src\experiments\PACO+ALNS\results\20260807_w8\routes_w7_50c_RC101_4V_high_min_tardiness.png
  Route plotted and saved to: C:\Users\23992\FURP-2026-XinyueXie-Truck-Drone-Routing\src\experiments\PACO+ALNS\results\20260807_w8\routes_w7_50c_RC101_4V_high_compromise.png
[done] 50c_RC101_4V_high w7 time=133.6s cost=387.3 tard=1578.5 sols=12.0

[PACO+ALNS ] Iteration 60/100 - Pareto Archive: 12
  ALNS weights: Destroy=['2.53', '2.76', '2.86', '2.60', '2.83'] Repair=['2.20', '2.98', '2.80']
[PACO+ALNS ] Iteration 70/100 - Pareto Archive: 12
  ALNS weights: Destroy=['2.12', '2.87', '2.87', '2.92', '2.82'] Repair=['2.96', '2.86', '2.60']
[PACO+ALNS ] Iteration 80/100 - Pareto Archive: 12
  ALNS weights: Destroy=['2.73', '2.62', '2.92', '2.41', '2.94'] Repair=['2.73', '2.51', '2.65']
[PACO+ALNS ] Iteration 90/100 - Pareto Archive: 11
  ALNS weights: Destroy=['2.47', '2.99', '2.80', '2.69', '2.57'] Repair=['2.46', '2.70', '2.87']
[PACO+ALNS ] Iteration 100/100 - Pareto Archive: 11
  ALNS weights: Destroy=['2.84', '2.99', '2.39', '2.91', '2.90'] Repair=['2.85', '2.95', '2.80']
[PACO+ALNS ] Iteration 10/100 - Pareto Archive: 11
  ALNS weights: Destroy=['2.96', '2.96', '2.83', '2.73', '2.60'] Repair=['2.75', '2.86', '2.99']
[PACO+ALNS ] Iteration 20/100 - Pareto Archive: 12
  ALNS weights: Destroy=['2.43', '3.00', '2.97', '2.93', '2.95'] Repair=['2.83', '2.83', '2.80']
[PACO+ALNS ] Iteration 30/100 - Pareto Archive: 11
  ALNS weights: Destroy=['2.56', '2.97', '2.99', '2.92', '2.99'] Repair=['2.79', '2.99', '2.75']
[PACO+ALNS ] Iteration 40/100 - Pareto Archive: 9
  ALNS weights: Destroy=['2.82', '2.68', '2.74', '2.87', '2.89'] Repair=['3.02', '2.68', '2.62']
[PACO+ALNS ] Iteration 50/100 - Pareto Archive: 12
  ALNS weights: Destroy=['2.59', '2.91', '2.98', '2.77', '2.96'] Repair=['2.54', '2.99', '3.00']
[PACO+ALNS ] Iteration 60/100 - Pareto Archive: 12
  ALNS weights: Destroy=['2.64', '2.99', '2.73', '2.48', '2.74'] Repair=['2.59', '2.62', '2.89']
[PACO+ALNS ] Iteration 70/100 - Pareto Archive: 12
  ALNS weights: Destroy=['2.50', '2.48', '2.96', '2.75', '2.51'] Repair=['2.81', '2.40', '2.74']
[PACO+ALNS ] Iteration 80/100 - Pareto Archive: 12
  ALNS weights: Destroy=['2.56', '2.84', '2.99', '2.53', '2.87'] Repair=['2.59', '2.65', '2.56']
[PACO+ALNS ] Iteration 90/100 - Pareto Archive: 12
  ALNS weights: Destroy=['2.53', '2.67', '2.96', '2.54', '1.92'] Repair=['2.73', '2.46', '2.14']
[PACO+ALNS ] Iteration 100/100 - Pareto Archive: 12
  ALNS weights: Destroy=['2.48', '2.98', '2.98', '2.97', '2.23'] Repair=['2.81', '2.78', '2.81']
[PACO+ALNS ] Iteration 10/100 - Pareto Archive: 10
  ALNS weights: Destroy=['2.72', '2.96', '2.99', '3.00', '2.83'] Repair=['2.62', '3.00', '2.99']
[PACO+ALNS ] Iteration 20/100 - Pareto Archive: 12
  ALNS weights: Destroy=['2.76', '2.77', '2.85', '2.86', '2.99'] Repair=['2.93', '2.77', '2.89']
[PACO+ALNS ] Iteration 30/100 - Pareto Archive: 12
  ALNS weights: Destroy=['2.68', '2.96', '2.84', '2.82', '2.72'] Repair=['2.72', '2.86', '2.81']
[PACO+ALNS ] Iteration 40/100 - Pareto Archive: 12
  ALNS weights: Destroy=['2.69', '2.99', '2.97', '3.00', '2.96'] Repair=['3.00', '2.92', '2.81']
[PACO+ALNS ] Iteration 50/100 - Pareto Archive: 11
  ALNS weights: Destroy=['2.77', '2.88', '2.98', '2.37', '2.75'] Repair=['2.61', '2.81', '2.90']
[PACO+ALNS ] Iteration 60/100 - Pareto Archive: 12
  ALNS weights: Destroy=['2.28', '2.86', '2.92', '2.90', '2.68'] Repair=['2.86', '2.74', '2.66']
[PACO+ALNS ] Iteration 70/100 - Pareto Archive: 12
  ALNS weights: Destroy=['2.93', '2.75', '2.99', '2.80', '2.97'] Repair=['2.82', '2.89', '2.91']
[PACO+ALNS ] Iteration 80/100 - Pareto Archive: 12
  ALNS weights: Destroy=['2.69', '2.81', '3.00', '2.66', '2.34'] Repair=['2.76', '2.79', '2.68']
[PACO+ALNS ] Iteration 90/100 - Pareto Archive: 12
  ALNS weights: Destroy=['2.62', '2.69', '2.82', '2.93', '2.95'] Repair=['2.99', '2.65', '2.74']
[PACO+ALNS ] Iteration 100/100 - Pareto Archive: 12
  ALNS weights: Destroy=['2.56', '2.99', '2.97', '2.99', '2.72'] Repair=['2.97', '2.82', '2.84']
[PACO+ALNS ] Iteration 10/100 - Pareto Archive: 12
  ALNS weights: Destroy=['2.76', '3.01', '2.94', '2.83', '2.68'] Repair=['2.95', '2.87', '2.91']
[PACO+ALNS ] Iteration 20/100 - Pareto Archive: 9
  ALNS weights: Destroy=['2.39', '2.96', '3.00', '2.62', '2.95'] Repair=['2.79', '2.87', '2.63']
[PACO+ALNS ] Iteration 30/100 - Pareto Archive: 10
  ALNS weights: Destroy=['2.51', '2.97', '3.00', '2.99', '2.53'] Repair=['2.70', '2.70', '2.96']
[PACO+ALNS ] Iteration 40/100 - Pareto Archive: 11
  ALNS weights: Destroy=['2.76', '2.88', '2.98', '2.88', '2.97'] Repair=['2.94', '2.80', '2.86']
[PACO+ALNS ] Iteration 50/100 - Pareto Archive: 12
  ALNS weights: Destroy=['2.77', '2.89', '2.99', '2.96', '2.86'] Repair=['2.94', '2.98', '2.83']
[PACO+ALNS ] Iteration 60/100 - Pareto Archive: 10
  ALNS weights: Destroy=['2.71', '2.97', '3.00', '2.69', '2.95'] Repair=['2.85', '2.77', '2.81']
[PACO+ALNS ] Iteration 70/100 - Pareto Archive: 11
  ALNS weights: Destroy=['2.73', '2.66', '3.00', '2.73', '2.52'] Repair=['2.94', '2.26', '2.74']
[PACO+ALNS ] Iteration 80/100 - Pareto Archive: 12
  ALNS weights: Destroy=['2.96', '2.86', '2.91', '2.63', '2.77'] Repair=['2.97', '2.66', '2.88']
[PACO+ALNS ] Iteration 90/100 - Pareto Archive: 11
  ALNS weights: Destroy=['2.86', '2.92', '2.73', '2.76', '2.98'] Repair=['2.86', '2.96', '2.60']
[PACO+ALNS ] Iteration 100/100 - Pareto Archive: 11
  ALNS weights: Destroy=['2.89', '2.89', '2.89', '2.76', '3.00'] Repair=['2.97', '2.97', '2.79']
[PACO+ALNS ] Iteration 10/100 - Pareto Archive: 9
  ALNS weights: Destroy=['2.88', '2.93', '2.76', '2.91', '2.72'] Repair=['2.94', '2.94', '2.82']
[PACO+ALNS ] Iteration 20/100 - Pareto Archive: 6
  ALNS weights: Destroy=['2.55', '3.00', '2.95', '2.95', '2.83'] Repair=['2.73', '2.89', '2.99']
[PACO+ALNS ] Iteration 30/100 - Pareto Archive: 10
  ALNS weights: Destroy=['2.49', '2.81', '2.70', '2.83', '2.65'] Repair=['2.40', '2.97', '2.66']
[PACO+ALNS ] Iteration 40/100 - Pareto Archive: 10
  ALNS weights: Destroy=['2.95', '2.89', '2.98', '2.41', '2.72'] Repair=['2.67', '2.89', '2.76']
[PACO+ALNS ] Iteration 50/100 - Pareto Archive: 10
  ALNS weights: Destroy=['2.99', '2.98', '2.55', '3.00', '2.93'] Repair=['2.78', '2.99', '2.99']
[PACO+ALNS ] Iteration 60/100 - Pareto Archive: 12
  ALNS weights: Destroy=['2.47', '2.92', '2.97', '2.62', '2.80'] Repair=['2.59', '2.78', '2.97']
[PACO+ALNS ] Iteration 70/100 - Pareto Archive: 12
  ALNS weights: Destroy=['2.74', '3.00', '2.83', '2.87', '2.99'] Repair=['2.91', '2.99', '2.82']
[PACO+ALNS ] Iteration 80/100 - Pareto Archive: 9
  ALNS weights: Destroy=['2.87', '2.95', '2.86', '2.62', '2.89'] Repair=['2.90', '2.85', '2.86']
[PACO+ALNS ] Iteration 90/100 - Pareto Archive: 12
  ALNS weights: Destroy=['2.94', '3.18', '3.16', '2.83', '2.77'] Repair=['2.96', '3.28', '2.98']
[PACO+ALNS ] Iteration 100/100 - Pareto Archive: 12
  ALNS weights: Destroy=['2.30', '2.63', '3.17', '2.86', '2.86'] Repair=['2.36', '2.65', '3.02']
  Route plotted and saved to: C:\Users\23992\FURP-2026-XinyueXie-Truck-Drone-Routing\src\experiments\PACO+ALNS\results\20260807_w8\routes_w7_50c_RC201_6V_medium_min_cost.png
  Route plotted and saved to: C:\Users\23992\FURP-2026-XinyueXie-Truck-Drone-Routing\src\experiments\PACO+ALNS\results\20260807_w8\routes_w7_50c_RC201_6V_medium_min_tardiness.png
  Route plotted and saved to: C:\Users\23992\FURP-2026-XinyueXie-Truck-Drone-Routing\src\experiments\PACO+ALNS\results\20260807_w8\routes_w7_50c_RC201_6V_medium_compromise.png
[done] 50c_RC201_6V_medium w7 time=110.4s cost=419.1 tard=3321.2 sols=11.8

[PACO+ALNS ] Iteration 60/100 - Pareto Archive: 12
  ALNS weights: Destroy=['2.64', '2.92', '2.98', '2.79', '2.67'] Repair=['2.98', '2.50', '2.78']
[PACO+ALNS ] Iteration 70/100 - Pareto Archive: 12
  ALNS weights: Destroy=['2.93', '3.00', '3.00', '2.88', '2.80'] Repair=['3.00', '3.00', '2.88']
[PACO+ALNS ] Iteration 80/100 - Pareto Archive: 11
  ALNS weights: Destroy=['2.92', '2.75', '2.87', '2.76', '2.80'] Repair=['2.88', '2.70', '2.97']
[PACO+ALNS ] Iteration 90/100 - Pareto Archive: 12
  ALNS weights: Destroy=['2.26', '2.65', '2.81', '2.95', '2.91'] Repair=['2.50', '2.26', '2.82']
[PACO+ALNS ] Iteration 100/100 - Pareto Archive: 12
  ALNS weights: Destroy=['2.70', '2.90', '2.97', '2.43', '2.81'] Repair=['2.74', '2.89', '2.65']
[PACO+ALNS ] Iteration 10/100 - Pareto Archive: 6
  ALNS weights: Destroy=['2.39', '3.00', '3.00', '2.86', '3.03'] Repair=['3.00', '2.63', '2.67']
[PACO+ALNS ] Iteration 20/100 - Pareto Archive: 12
  ALNS weights: Destroy=['2.71', '2.87', '2.92', '2.72', '3.00'] Repair=['2.92', '2.91', '2.67']
[PACO+ALNS ] Iteration 30/100 - Pareto Archive: 12
  ALNS weights: Destroy=['2.63', '2.96', '2.63', '2.90', '2.79'] Repair=['2.93', '2.91', '2.68']
[PACO+ALNS ] Iteration 40/100 - Pareto Archive: 12
  ALNS weights: Destroy=['2.48', '2.88', '2.90', '2.47', '2.95'] Repair=['2.78', '2.46', '2.64']
[PACO+ALNS ] Iteration 50/100 - Pareto Archive: 12
  ALNS weights: Destroy=['2.97', '2.96', '2.99', '2.82', '2.99'] Repair=['2.99', '2.99', '2.72']
[PACO+ALNS ] Iteration 60/100 - Pareto Archive: 12
  ALNS weights: Destroy=['2.89', '2.94', '2.98', '2.44', '2.44'] Repair=['2.81', '2.44', '2.67']
[PACO+ALNS ] Iteration 70/100 - Pareto Archive: 12
  ALNS weights: Destroy=['2.98', '2.82', '2.80', '3.18', '2.86'] Repair=['2.98', '3.09', '2.91']
[PACO+ALNS ] Iteration 80/100 - Pareto Archive: 11
  ALNS weights: Destroy=['2.60', '3.12', '2.25', '3.04', '2.93'] Repair=['3.23', '2.54', '2.83']
[PACO+ALNS ] Iteration 90/100 - Pareto Archive: 12
  ALNS weights: Destroy=['2.48', '2.60', '2.94', '2.83', '2.95'] Repair=['2.61', '2.78', '2.66']
[PACO+ALNS ] Iteration 100/100 - Pareto Archive: 12
  ALNS weights: Destroy=['2.44', '2.60', '3.00', '2.29', '2.96'] Repair=['2.66', '2.64', '2.66']
[PACO+ALNS ] Iteration 10/100 - Pareto Archive: 9
  ALNS weights: Destroy=['3.07', '2.73', '2.59', '3.18', '2.99'] Repair=['3.00', '2.94', '2.61']
[PACO+ALNS ] Iteration 20/100 - Pareto Archive: 12
  ALNS weights: Destroy=['2.78', '2.70', '2.97', '2.90', '3.00'] Repair=['2.99', '2.88', '2.65']
[PACO+ALNS ] Iteration 30/100 - Pareto Archive: 11
  ALNS weights: Destroy=['2.94', '2.99', '3.03', '2.94', '2.76'] Repair=['2.99', '2.95', '2.98']
[PACO+ALNS ] Iteration 40/100 - Pareto Archive: 12
  ALNS weights: Destroy=['2.71', '2.95', '2.77', '2.97', '2.58'] Repair=['2.73', '2.73', '2.84']
[PACO+ALNS ] Iteration 50/100 - Pareto Archive: 11
  ALNS weights: Destroy=['2.72', '3.00', '3.00', '3.00', '2.53'] Repair=['2.99', '2.60', '3.00']
[PACO+ALNS ] Iteration 60/100 - Pareto Archive: 12
  ALNS weights: Destroy=['2.87', '3.03', '2.86', '3.00', '2.65'] Repair=['2.95', '2.96', '3.01']
[PACO+ALNS ] Iteration 70/100 - Pareto Archive: 12
  ALNS weights: Destroy=['2.99', '2.69', '2.92', '2.67', '2.75'] Repair=['2.98', '3.00', '2.50']
[PACO+ALNS ] Iteration 80/100 - Pareto Archive: 12
  ALNS weights: Destroy=['2.86', '2.97', '3.00', '2.72', '2.89'] Repair=['2.76', '2.88', '2.98']
[PACO+ALNS ] Iteration 90/100 - Pareto Archive: 12
  ALNS weights: Destroy=['2.31', '2.42', '2.38', '1.85', '2.95'] Repair=['2.03', '2.41', '1.93']
[PACO+ALNS ] Iteration 100/100 - Pareto Archive: 12
  ALNS weights: Destroy=['2.94', '2.79', '2.88', '2.70', '2.90'] Repair=['2.98', '2.84', '2.85']
[PACO+ALNS ] Iteration 10/100 - Pareto Archive: 6
  ALNS weights: Destroy=['3.06', '3.00', '3.08', '3.00', '3.10'] Repair=['3.06', '3.04', '3.06']
[PACO+ALNS ] Iteration 20/100 - Pareto Archive: 6
  ALNS weights: Destroy=['2.99', '2.99', '3.00', '2.92', '2.80'] Repair=['2.96', '2.99', '3.00']
[PACO+ALNS ] Iteration 30/100 - Pareto Archive: 12
  ALNS weights: Destroy=['2.68', '2.97', '3.00', '2.78', '2.92'] Repair=['2.83', '2.82', '2.94']
[PACO+ALNS ] Iteration 40/100 - Pareto Archive: 12
  ALNS weights: Destroy=['3.07', '3.06', '2.99', '2.87', '3.00'] Repair=['3.07', '2.70', '3.27']
[PACO+ALNS ] Iteration 50/100 - Pareto Archive: 12
  ALNS weights: Destroy=['2.80', '2.69', '3.00', '2.85', '3.00'] Repair=['2.64', '3.00', '3.00']
[PACO+ALNS ] Iteration 60/100 - Pareto Archive: 12
  ALNS weights: Destroy=['2.73', '2.91', '3.00', '2.98', '3.00'] Repair=['2.99', '2.91', '2.88']
[PACO+ALNS ] Iteration 70/100 - Pareto Archive: 12
  ALNS weights: Destroy=['2.08', '2.58', '3.00', '2.79', '2.51'] Repair=['2.27', '2.66', '2.74']
[PACO+ALNS ] Iteration 80/100 - Pareto Archive: 12
  ALNS weights: Destroy=['2.97', '2.70', '2.99', '2.72', '2.98'] Repair=['2.74', '2.96', '2.94']
[PACO+ALNS ] Iteration 90/100 - Pareto Archive: 12
  ALNS weights: Destroy=['2.70', '2.88', '2.88', '2.95', '2.73'] Repair=['2.74', '2.96', '2.87']
[PACO+ALNS ] Iteration 100/100 - Pareto Archive: 12
  ALNS weights: Destroy=['2.69', '2.74', '2.87', '2.70', '2.70'] Repair=['2.57', '2.78', '2.87']
[PACO+ALNS ] Iteration 10/100 - Pareto Archive: 11
  ALNS weights: Destroy=['2.59', '2.97', '2.94', '2.87', '2.69'] Repair=['2.60', '2.93', '2.99']
[PACO+ALNS ] Iteration 20/100 - Pareto Archive: 11
  ALNS weights: Destroy=['2.56', '3.00', '2.93', '2.88', '2.98'] Repair=['3.00', '2.67', '2.73']
[PACO+ALNS ] Iteration 30/100 - Pareto Archive: 12
  ALNS weights: Destroy=['2.83', '3.00', '3.00', '2.86', '2.80'] Repair=['2.96', '2.84', '2.99']
[PACO+ALNS ] Iteration 40/100 - Pareto Archive: 10
  ALNS weights: Destroy=['2.73', '2.63', '3.00', '2.94', '2.99'] Repair=['2.72', '2.96', '2.66']
[PACO+ALNS ] Iteration 50/100 - Pareto Archive: 10
  ALNS weights: Destroy=['2.95', '2.95', '2.99', '2.72', '2.96'] Repair=['2.86', '2.97', '2.96']
[PACO+ALNS ] Iteration 60/100 - Pareto Archive: 12
  ALNS weights: Destroy=['2.79', '2.82', '2.99', '2.74', '2.91'] Repair=['2.61', '2.96', '2.93']
[PACO+ALNS ] Iteration 70/100 - Pareto Archive: 12
  ALNS weights: Destroy=['2.38', '2.98', '3.05', '2.52', '2.78'] Repair=['2.53', '2.70', '2.98']
[PACO+ALNS ] Iteration 80/100 - Pareto Archive: 12
  ALNS weights: Destroy=['2.56', '2.84', '2.97', '2.97', '2.91'] Repair=['2.96', '2.65', '2.84']
[PACO+ALNS ] Iteration 90/100 - Pareto Archive: 12
  ALNS weights: Destroy=['2.81', '2.47', '3.00', '2.66', '2.98'] Repair=['2.52', '2.48', '3.00']
[PACO+ALNS ] Iteration 100/100 - Pareto Archive: 12
  ALNS weights: Destroy=['2.80', '2.88', '2.74', '2.47', '2.99'] Repair=['2.81', '2.65', '2.68']
  Route plotted and saved to: C:\Users\23992\FURP-2026-XinyueXie-Truck-Drone-Routing\src\experiments\PACO+ALNS\results\20260807_w8\routes_w7_50c_RC101_6V_high_min_cost.png
  Route plotted and saved to: C:\Users\23992\FURP-2026-XinyueXie-Truck-Drone-Routing\src\experiments\PACO+ALNS\results\20260807_w8\routes_w7_50c_RC101_6V_high_min_tardiness.png
  Route plotted and saved to: C:\Users\23992\FURP-2026-XinyueXie-Truck-Drone-Routing\src\experiments\PACO+ALNS\results\20260807_w8\routes_w7_50c_RC101_6V_high_compromise.png
[done] 50c_RC101_6V_high w7 time=124.7s cost=396.5 tard=1498.2 sols=12.0

[PACO+ALNS ] Iteration 60/100 - Pareto Archive: 9
  ALNS weights: Destroy=['2.70', '2.87', '2.70', '2.63', '3.00'] Repair=['2.89', '2.39', '2.88']
[PACO+ALNS ] Iteration 70/100 - Pareto Archive: 10
  ALNS weights: Destroy=['2.84', '2.99', '2.94', '2.62', '3.00'] Repair=['3.02', '2.88', '2.69']
[PACO+ALNS ] Iteration 80/100 - Pareto Archive: 12
  ALNS weights: Destroy=['2.63', '2.64', '2.81', '2.19', '3.00'] Repair=['2.74', '2.70', '2.33']
[PACO+ALNS ] Iteration 90/100 - Pareto Archive: 12
  ALNS weights: Destroy=['2.71', '2.78', '2.63', '2.82', '3.00'] Repair=['2.84', '2.84', '2.54']
[PACO+ALNS ] Iteration 100/100 - Pareto Archive: 12
  ALNS weights: Destroy=['2.91', '2.84', '2.95', '2.92', '2.82'] Repair=['2.93', '2.81', '2.98']
[PACO+ALNS ] Iteration 10/100 - Pareto Archive: 7
  ALNS weights: Destroy=['2.86', '2.84', '2.97', '2.40', '2.78'] Repair=['2.70', '2.80', '3.02']
[PACO+ALNS ] Iteration 20/100 - Pareto Archive: 8
  ALNS weights: Destroy=['2.64', '3.00', '2.85', '2.99', '3.00'] Repair=['2.74', '2.97', '3.00']
[PACO+ALNS ] Iteration 30/100 - Pareto Archive: 10
  ALNS weights: Destroy=['2.53', '2.92', '2.70', '2.89', '3.00'] Repair=['2.89', '2.92', '2.82']
[PACO+ALNS ] Iteration 40/100 - Pareto Archive: 12
  ALNS weights: Destroy=['2.79', '2.69', '3.00', '2.75', '2.92'] Repair=['2.65', '2.94', '2.98']
[PACO+ALNS ] Iteration 50/100 - Pareto Archive: 12
  ALNS weights: Destroy=['2.90', '2.95', '2.91', '2.69', '2.87'] Repair=['2.95', '2.74', '2.92']
[PACO+ALNS ] Iteration 60/100 - Pareto Archive: 12
  ALNS weights: Destroy=['3.00', '3.00', '2.97', '2.56', '2.75'] Repair=['2.93', '2.91', '2.74']
[PACO+ALNS ] Iteration 70/100 - Pareto Archive: 12
  ALNS weights: Destroy=['2.78', '2.94', '2.94', '2.30', '2.96'] Repair=['2.94', '2.71', '2.81']
[PACO+ALNS ] Iteration 80/100 - Pareto Archive: 9
  ALNS weights: Destroy=['2.80', '2.88', '2.95', '2.79', '3.00'] Repair=['2.85', '2.99', '2.82']
[PACO+ALNS ] Iteration 90/100 - Pareto Archive: 11
  ALNS weights: Destroy=['2.86', '2.97', '3.00', '2.79', '2.49'] Repair=['2.80', '2.80', '2.89']
[PACO+ALNS ] Iteration 100/100 - Pareto Archive: 11
  ALNS weights: Destroy=['2.75', '2.93', '2.64', '2.91', '2.66'] Repair=['2.73', '2.90', '2.89']
[PACO+ALNS ] Iteration 10/100 - Pareto Archive: 8
  ALNS weights: Destroy=['2.64', '2.95', '3.00', '2.98', '2.77'] Repair=['2.78', '2.84', '2.99']
[PACO+ALNS ] Iteration 20/100 - Pareto Archive: 9
  ALNS weights: Destroy=['2.97', '3.00', '2.94', '2.79', '2.96'] Repair=['2.86', '2.97', '2.98']
[PACO+ALNS ] Iteration 30/100 - Pareto Archive: 11
  ALNS weights: Destroy=['2.94', '3.00', '2.98', '2.84', '2.99'] Repair=['2.99', '3.00', '2.86']
[PACO+ALNS ] Iteration 40/100 - Pareto Archive: 12
  ALNS weights: Destroy=['2.89', '2.65', '2.87', '2.56', '2.78'] Repair=['2.93', '2.59', '2.70']
[PACO+ALNS ] Iteration 50/100 - Pareto Archive: 12
  ALNS weights: Destroy=['2.17', '2.68', '3.00', '2.76', '2.74'] Repair=['2.84', '2.74', '2.51']
[PACO+ALNS ] Iteration 60/100 - Pareto Archive: 12
  ALNS weights: Destroy=['2.52', '2.90', '2.95', '2.46', '2.91'] Repair=['2.86', '2.94', '2.31']
[PACO+ALNS ] Iteration 70/100 - Pareto Archive: 12
  ALNS weights: Destroy=['2.75', '2.48', '3.00', '3.00', '2.78'] Repair=['2.83', '2.86', '2.83']
[PACO+ALNS ] Iteration 80/100 - Pareto Archive: 12
  ALNS weights: Destroy=['2.54', '2.99', '2.99', '2.32', '2.97'] Repair=['2.72', '2.78', '2.57']
[PACO+ALNS ] Iteration 90/100 - Pareto Archive: 11
  ALNS weights: Destroy=['2.82', '3.00', '3.00', '2.99', '2.87'] Repair=['2.92', '3.00', '2.98']
[PACO+ALNS ] Iteration 100/100 - Pareto Archive: 12
  ALNS weights: Destroy=['2.73', '3.00', '2.98', '2.70', '3.00'] Repair=['2.67', '2.89', '2.99']
[PACO+ALNS ] Iteration 10/100 - Pareto Archive: 8
  ALNS weights: Destroy=['3.00', '3.00', '2.96', '2.95', '2.92'] Repair=['2.93', '3.00', '3.00']
[PACO+ALNS ] Iteration 20/100 - Pareto Archive: 9
  ALNS weights: Destroy=['2.27', '2.62', '2.93', '2.97', '2.86'] Repair=['2.87', '2.40', '2.90']
[PACO+ALNS ] Iteration 30/100 - Pareto Archive: 10
  ALNS weights: Destroy=['2.53', '2.66', '3.00', '2.98', '2.70'] Repair=['2.56', '2.65', '3.00']
[PACO+ALNS ] Iteration 40/100 - Pareto Archive: 12
  ALNS weights: Destroy=['2.61', '2.70', '3.00', '2.97', '2.91'] Repair=['2.67', '2.74', '2.72']
[PACO+ALNS ] Iteration 50/100 - Pareto Archive: 12
  ALNS weights: Destroy=['2.64', '2.96', '3.00', '2.61', '2.49'] Repair=['2.55', '2.67', '2.83']
[PACO+ALNS ] Iteration 60/100 - Pareto Archive: 12
  ALNS weights: Destroy=['2.29', '2.40', '2.68', '2.86', '2.59'] Repair=['2.61', '2.10', '2.69']
[PACO+ALNS ] Iteration 70/100 - Pareto Archive: 12
  ALNS weights: Destroy=['2.91', '2.83', '2.98', '2.49', '2.92'] Repair=['2.44', '3.00', '2.93']
[PACO+ALNS ] Iteration 80/100 - Pareto Archive: 12
  ALNS weights: Destroy=['2.83', '2.56', '3.00', '2.45', '2.86'] Repair=['2.67', '2.91', '2.69']
[PACO+ALNS ] Iteration 90/100 - Pareto Archive: 12
  ALNS weights: Destroy=['2.20', '2.91', '2.94', '2.84', '2.98'] Repair=['2.37', '2.81', '2.82']
[PACO+ALNS ] Iteration 100/100 - Pareto Archive: 12
  ALNS weights: Destroy=['2.47', '2.84', '2.95', '2.72', '2.82'] Repair=['2.84', '3.00', '2.34']
[PACO+ALNS ] Iteration 10/100 - Pareto Archive: 9
  ALNS weights: Destroy=['2.97', '2.96', '3.00', '2.87', '2.91'] Repair=['3.00', '2.94', '2.96']
[PACO+ALNS ] Iteration 20/100 - Pareto Archive: 11
  ALNS weights: Destroy=['2.74', '2.74', '2.80', '2.98', '2.84'] Repair=['2.94', '2.78', '2.70']
[PACO+ALNS ] Iteration 30/100 - Pareto Archive: 11
  ALNS weights: Destroy=['2.42', '3.00', '2.78', '2.88', '2.81'] Repair=['2.77', '2.62', '2.97']
[PACO+ALNS ] Iteration 40/100 - Pareto Archive: 12
  ALNS weights: Destroy=['2.98', '2.85', '2.72', '2.78', '2.79'] Repair=['2.92', '2.82', '2.73']
[PACO+ALNS ] Iteration 50/100 - Pareto Archive: 11
  ALNS weights: Destroy=['2.67', '3.00', '3.00', '2.96', '2.99'] Repair=['2.81', '2.94', '3.00']
[PACO+ALNS ] Iteration 60/100 - Pareto Archive: 12
  ALNS weights: Destroy=['2.44', '2.97', '2.93', '3.00', '2.95'] Repair=['3.00', '2.71', '2.78']
[PACO+ALNS ] Iteration 70/100 - Pareto Archive: 12
  ALNS weights: Destroy=['2.45', '2.96', '2.75', '2.82', '2.92'] Repair=['2.76', '2.93', '2.26']
[PACO+ALNS ] Iteration 80/100 - Pareto Archive: 12
  ALNS weights: Destroy=['2.66', '2.96', '2.94', '2.85', '2.58'] Repair=['2.83', '2.94', '2.54']
[PACO+ALNS ] Iteration 90/100 - Pareto Archive: 12
  ALNS weights: Destroy=['3.00', '2.74', '2.66', '2.70', '2.86'] Repair=['2.69', '2.72', '3.00']
[PACO+ALNS ] Iteration 100/100 - Pareto Archive: 12
  ALNS weights: Destroy=['2.53', '2.98', '2.98', '2.99', '2.81'] Repair=['2.95', '2.96', '2.77']
  Route plotted and saved to: C:\Users\23992\FURP-2026-XinyueXie-Truck-Drone-Routing\src\experiments\PACO+ALNS\results\20260807_w8\routes_w7_50c_RC201_4V_high_min_cost.png
  Route plotted and saved to: C:\Users\23992\FURP-2026-XinyueXie-Truck-Drone-Routing\src\experiments\PACO+ALNS\results\20260807_w8\routes_w7_50c_RC201_4V_high_min_tardiness.png
  Route plotted and saved to: C:\Users\23992\FURP-2026-XinyueXie-Truck-Drone-Routing\src\experiments\PACO+ALNS\results\20260807_w8\routes_w7_50c_RC201_4V_high_compromise.png
[done] 50c_RC201_4V_high w7 time=140.9s cost=419.6 tard=3346.4 sols=11.9

[PACO+ALNS ] Iteration 60/100 - Pareto Archive: 12
  ALNS weights: Destroy=['2.80', '3.00', '3.00', '2.89', '2.93'] Repair=['2.98', '2.77', '3.00']
[PACO+ALNS ] Iteration 70/100 - Pareto Archive: 12
  ALNS weights: Destroy=['2.75', '2.73', '2.97', '2.29', '2.99'] Repair=['2.98', '2.54', '2.57']
[PACO+ALNS ] Iteration 80/100 - Pareto Archive: 12
  ALNS weights: Destroy=['2.93', '2.81', '2.93', '2.97', '3.00'] Repair=['2.93', '2.89', '2.99']
[PACO+ALNS ] Iteration 90/100 - Pareto Archive: 12
  ALNS weights: Destroy=['2.93', '2.91', '2.95', '2.08', '3.00'] Repair=['2.90', '2.80', '2.52']
[PACO+ALNS ] Iteration 100/100 - Pareto Archive: 12
  ALNS weights: Destroy=['2.69', '2.68', '3.00', '2.90', '2.71'] Repair=['2.94', '2.60', '2.81']
[PACO+ALNS ] Iteration 10/100 - Pareto Archive: 8
  ALNS weights: Destroy=['2.54', '2.85', '2.60', '2.98', '2.98'] Repair=['2.98', '2.62', '2.76']
[PACO+ALNS ] Iteration 20/100 - Pareto Archive: 11
  ALNS weights: Destroy=['2.42', '2.51', '2.91', '2.95', '2.88'] Repair=['2.68', '2.58', '2.69']
[PACO+ALNS ] Iteration 30/100 - Pareto Archive: 11
  ALNS weights: Destroy=['2.90', '2.74', '2.99', '2.95', '2.87'] Repair=['2.83', '2.86', '2.99']
[PACO+ALNS ] Iteration 40/100 - Pareto Archive: 10
  ALNS weights: Destroy=['2.51', '3.00', '3.00', '2.23', '2.51'] Repair=['2.81', '2.68', '2.12']
[PACO+ALNS ] Iteration 50/100 - Pareto Archive: 10
  ALNS weights: Destroy=['2.86', '2.71', '2.98', '2.98', '2.96'] Repair=['3.00', '2.67', '2.99']
[PACO+ALNS ] Iteration 60/100 - Pareto Archive: 10
  ALNS weights: Destroy=['2.74', '2.91', '3.00', '2.90', '2.95'] Repair=['2.98', '2.68', '2.95']
[PACO+ALNS ] Iteration 70/100 - Pareto Archive: 10
  ALNS weights: Destroy=['2.28', '2.99', '2.85', '2.28', '2.71'] Repair=['2.37', '2.57', '2.81']
[PACO+ALNS ] Iteration 80/100 - Pareto Archive: 12
  ALNS weights: Destroy=['2.79', '2.97', '2.82', '2.94', '2.44'] Repair=['2.68', '2.96', '2.84']
[PACO+ALNS ] Iteration 90/100 - Pareto Archive: 12
  ALNS weights: Destroy=['2.50', '2.93', '2.63', '2.97', '2.88'] Repair=['2.94', '2.79', '2.67']
[PACO+ALNS ] Iteration 100/100 - Pareto Archive: 12
  ALNS weights: Destroy=['2.49', '2.85', '2.97', '2.77', '2.86'] Repair=['2.90', '2.92', '2.57']
[PACO+ALNS ] Iteration 10/100 - Pareto Archive: 10
  ALNS weights: Destroy=['2.85', '2.90', '3.00', '3.03', '2.89'] Repair=['3.01', '2.95', '2.86']
[PACO+ALNS ] Iteration 20/100 - Pareto Archive: 9
  ALNS weights: Destroy=['2.98', '3.00', '2.74', '2.76', '2.86'] Repair=['2.86', '2.81', '2.99']
[PACO+ALNS ] Iteration 30/100 - Pareto Archive: 10
  ALNS weights: Destroy=['2.75', '2.95', '2.97', '2.72', '2.68'] Repair=['2.97', '2.90', '2.79']
[PACO+ALNS ] Iteration 40/100 - Pareto Archive: 12
  ALNS weights: Destroy=['2.78', '2.88', '2.98', '2.85', '2.48'] Repair=['2.79', '2.98', '2.73']
[PACO+ALNS ] Iteration 50/100 - Pareto Archive: 12
  ALNS weights: Destroy=['2.96', '2.99', '2.95', '2.99', '2.95'] Repair=['2.99', '2.99', '3.00']
[PACO+ALNS ] Iteration 60/100 - Pareto Archive: 12
  ALNS weights: Destroy=['3.00', '2.98', '3.00', '2.92', '2.91'] Repair=['3.00', '3.00', '2.93']
[PACO+ALNS ] Iteration 70/100 - Pareto Archive: 12
  ALNS weights: Destroy=['2.39', '2.77', '2.89', '2.69', '2.90'] Repair=['2.78', '2.82', '2.36']
[PACO+ALNS ] Iteration 80/100 - Pareto Archive: 12
  ALNS weights: Destroy=['2.52', '2.92', '3.00', '2.98', '2.34'] Repair=['2.99', '2.71', '2.68']
[PACO+ALNS ] Iteration 90/100 - Pareto Archive: 12
  ALNS weights: Destroy=['2.61', '2.99', '2.87', '3.00', '2.92'] Repair=['2.53', '3.00', '3.00']
[PACO+ALNS ] Iteration 100/100 - Pareto Archive: 12
  ALNS weights: Destroy=['2.48', '2.95', '3.00', '2.79', '2.62'] Repair=['2.94', '2.29', '2.92']
[PACO+ALNS ] Iteration 10/100 - Pareto Archive: 12
  ALNS weights: Destroy=['2.65', '2.98', '2.99', '2.96', '2.34'] Repair=['2.78', '3.01', '2.85']
[PACO+ALNS ] Iteration 20/100 - Pareto Archive: 12
  ALNS weights: Destroy=['2.59', '3.00', '2.71', '2.99', '2.97'] Repair=['2.92', '2.92', '2.59']
[PACO+ALNS ] Iteration 30/100 - Pareto Archive: 12
  ALNS weights: Destroy=['2.63', '2.82', '3.01', '2.71', '2.99'] Repair=['2.79', '2.84', '2.69']
[PACO+ALNS ] Iteration 40/100 - Pareto Archive: 12
  ALNS weights: Destroy=['2.96', '2.68', '2.81', '2.62', '2.83'] Repair=['2.65', '2.98', '2.52']
[PACO+ALNS ] Iteration 50/100 - Pareto Archive: 10
  ALNS weights: Destroy=['2.85', '2.97', '2.56', '2.70', '2.89'] Repair=['2.80', '2.94', '2.90']
[PACO+ALNS ] Iteration 60/100 - Pareto Archive: 10
  ALNS weights: Destroy=['2.68', '2.92', '2.45', '2.96', '2.86'] Repair=['2.95', '2.62', '2.76']
[PACO+ALNS ] Iteration 70/100 - Pareto Archive: 11
  ALNS weights: Destroy=['2.59', '3.00', '2.85', '2.94', '2.72'] Repair=['2.95', '2.72', '2.95']
[PACO+ALNS ] Iteration 80/100 - Pareto Archive: 12
  ALNS weights: Destroy=['2.79', '2.68', '2.64', '2.68', '2.74'] Repair=['2.95', '2.80', '2.34']
[PACO+ALNS ] Iteration 90/100 - Pareto Archive: 12
  ALNS weights: Destroy=['2.70', '3.00', '2.81', '2.89', '2.82'] Repair=['2.64', '2.90', '3.00']
[PACO+ALNS ] Iteration 100/100 - Pareto Archive: 12
  ALNS weights: Destroy=['2.74', '2.84', '2.86', '2.83', '2.97'] Repair=['2.76', '2.98', '2.92']
[PACO+ALNS ] Iteration 10/100 - Pareto Archive: 8
  ALNS weights: Destroy=['2.77', '2.64', '2.62', '2.52', '2.92'] Repair=['2.69', '2.93', '2.27']
[PACO+ALNS ] Iteration 20/100 - Pareto Archive: 12
  ALNS weights: Destroy=['2.48', '2.98', '3.00', '3.00', '3.00'] Repair=['2.94', '2.55', '3.00']
[PACO+ALNS ] Iteration 30/100 - Pareto Archive: 11
  ALNS weights: Destroy=['2.51', '3.00', '2.79', '2.70', '2.92'] Repair=['2.95', '2.80', '2.67']
[PACO+ALNS ] Iteration 40/100 - Pareto Archive: 12
  ALNS weights: Destroy=['2.66', '2.97', '2.68', '2.99', '2.91'] Repair=['2.84', '2.97', '2.74']
[PACO+ALNS ] Iteration 50/100 - Pareto Archive: 10
  ALNS weights: Destroy=['2.41', '2.99', '2.99', '2.43', '3.00'] Repair=['2.80', '2.29', '2.93']
[PACO+ALNS ] Iteration 60/100 - Pareto Archive: 11
  ALNS weights: Destroy=['2.23', '2.54', '2.90', '3.00', '2.84'] Repair=['2.75', '2.89', '2.67']
[PACO+ALNS ] Iteration 70/100 - Pareto Archive: 12
  ALNS weights: Destroy=['2.38', '2.90', '2.94', '2.92', '2.99'] Repair=['2.97', '2.73', '2.63']
[PACO+ALNS ] Iteration 80/100 - Pareto Archive: 12
  ALNS weights: Destroy=['2.35', '2.73', '2.97', '2.93', '3.00'] Repair=['2.53', '2.72', '2.70']
[PACO+ALNS ] Iteration 90/100 - Pareto Archive: 11
  ALNS weights: Destroy=['2.84', '3.00', '2.84', '2.95', '2.78'] Repair=['2.97', '3.00', '2.69']
[PACO+ALNS ] Iteration 100/100 - Pareto Archive: 12
  ALNS weights: Destroy=['2.48', '2.89', '3.00', '2.83', '2.96'] Repair=['2.95', '2.65', '2.84']
  Route plotted and saved to: C:\Users\23992\FURP-2026-XinyueXie-Truck-Drone-Routing\src\experiments\PACO+ALNS\results\20260807_w8\routes_w7_50c_RC201_6V_high_min_cost.png
  Route plotted and saved to: C:\Users\23992\FURP-2026-XinyueXie-Truck-Drone-Routing\src\experiments\PACO+ALNS\results\20260807_w8\routes_w7_50c_RC201_6V_high_min_tardiness.png
  Route plotted and saved to: C:\Users\23992\FURP-2026-XinyueXie-Truck-Drone-Routing\src\experiments\PACO+ALNS\results\20260807_w8\routes_w7_50c_RC201_6V_high_compromise.png
[done] 50c_RC201_6V_high w7 time=129.6s cost=419.4 tard=3196.9 sols=11.9
[P-ACO-imp2] Iteration 10/100 - Archive: 10
[P-ACO-imp2] Iteration 20/100 - Archive: 10
[P-ACO-imp2] Iteration 30/100 - Archive: 11
[P-ACO-imp2] Iteration 40/100 - Archive: 16
[P-ACO-imp2] Iteration 50/100 - Archive: 21
[P-ACO-imp2] Iteration 60/100 - Archive: 20
[P-ACO-imp2] Iteration 70/100 - Archive: 20
[P-ACO-imp2] Iteration 80/100 - Archive: 19
[P-ACO-imp2] Iteration 90/100 - Archive: 19
[P-ACO-imp2] Iteration 100/100 - Archive: 21
[P-ACO-imp2] Iteration 10/100 - Archive: 6
[P-ACO-imp2] Iteration 20/100 - Archive: 10
[P-ACO-imp2] Iteration 30/100 - Archive: 10
[P-ACO-imp2] Iteration 40/100 - Archive: 15
[P-ACO-imp2] Iteration 50/100 - Archive: 21
[P-ACO-imp2] Iteration 60/100 - Archive: 15
[P-ACO-imp2] Iteration 70/100 - Archive: 11
[P-ACO-imp2] Iteration 80/100 - Archive: 9
[P-ACO-imp2] Iteration 90/100 - Archive: 12
[P-ACO-imp2] Iteration 100/100 - Archive: 13
[P-ACO-imp2] Iteration 10/100 - Archive: 10
[P-ACO-imp2] Iteration 20/100 - Archive: 7
[P-ACO-imp2] Iteration 30/100 - Archive: 10
[P-ACO-imp2] Iteration 40/100 - Archive: 6
[P-ACO-imp2] Iteration 50/100 - Archive: 9
[P-ACO-imp2] Iteration 60/100 - Archive: 12
[P-ACO-imp2] Iteration 70/100 - Archive: 12
[P-ACO-imp2] Iteration 80/100 - Archive: 14
[P-ACO-imp2] Iteration 90/100 - Archive: 15
[P-ACO-imp2] Iteration 100/100 - Archive: 15
[P-ACO-imp2] Iteration 10/100 - Archive: 3
[P-ACO-imp2] Iteration 20/100 - Archive: 6
[P-ACO-imp2] Iteration 30/100 - Archive: 9
[P-ACO-imp2] Iteration 40/100 - Archive: 12
[P-ACO-imp2] Iteration 50/100 - Archive: 11
[P-ACO-imp2] Iteration 60/100 - Archive: 13
[P-ACO-imp2] Iteration 70/100 - Archive: 13
[P-ACO-imp2] Iteration 80/100 - Archive: 16
[P-ACO-imp2] Iteration 90/100 - Archive: 14
[P-ACO-imp2] Iteration 100/100 - Archive: 15
[P-ACO-imp2] Iteration 10/100 - Archive: 6
[P-ACO-imp2] Iteration 20/100 - Archive: 8
[P-ACO-imp2] Iteration 30/100 - Archive: 15
[P-ACO-imp2] Iteration 40/100 - Archive: 15
[P-ACO-imp2] Iteration 50/100 - Archive: 13
[P-ACO-imp2] Iteration 60/100 - Archive: 16
[P-ACO-imp2] Iteration 70/100 - Archive: 17
[P-ACO-imp2] Iteration 80/100 - Archive: 17
[P-ACO-imp2] Iteration 90/100 - Archive: 18
[P-ACO-imp2] Iteration 100/100 - Archive: 19
[P-ACO-imp2] Iteration 10/100 - Archive: 7
[P-ACO-imp2] Iteration 20/100 - Archive: 5
[P-ACO-imp2] Iteration 30/100 - Archive: 8
[P-ACO-imp2] Iteration 40/100 - Archive: 8
[P-ACO-imp2] Iteration 50/100 - Archive: 9
[P-ACO-imp2] Iteration 60/100 - Archive: 12
[P-ACO-imp2] Iteration 70/100 - Archive: 8
[P-ACO-imp2] Iteration 80/100 - Archive: 6
[P-ACO-imp2] Iteration 90/100 - Archive: 10
[P-ACO-imp2] Iteration 100/100 - Archive: 13
[P-ACO-imp2] Iteration 10/100 - Archive: 4
[P-ACO-imp2] Iteration 20/100 - Archive: 9
[P-ACO-imp2] Iteration 30/100 - Archive: 11
[P-ACO-imp2] Iteration 40/100 - Archive: 16
[P-ACO-imp2] Iteration 50/100 - Archive: 13
[P-ACO-imp2] Iteration 60/100 - Archive: 6
[P-ACO-imp2] Iteration 70/100 - Archive: 6
[P-ACO-imp2] Iteration 80/100 - Archive: 10
[P-ACO-imp2] Iteration 90/100 - Archive: 8
[P-ACO-imp2] Iteration 100/100 - Archive: 11
[P-ACO-imp2] Iteration 10/100 - Archive: 8
[P-ACO-imp2] Iteration 20/100 - Archive: 11
[P-ACO-imp2] Iteration 30/100 - Archive: 12
[P-ACO-imp2] Iteration 40/100 - Archive: 16
[P-ACO-imp2] Iteration 50/100 - Archive: 16
[P-ACO-imp2] Iteration 60/100 - Archive: 17
[P-ACO-imp2] Iteration 70/100 - Archive: 15
[P-ACO-imp2] Iteration 80/100 - Archive: 15
[P-ACO-imp2] Iteration 90/100 - Archive: 12
[P-ACO-imp2] Iteration 100/100 - Archive: 11
[P-ACO-imp2] Iteration 10/100 - Archive: 9
[P-ACO-imp2] Iteration 20/100 - Archive: 14
[P-ACO-imp2] Iteration 30/100 - Archive: 15
[P-ACO-imp2] Iteration 40/100 - Archive: 16
[P-ACO-imp2] Iteration 50/100 - Archive: 13
[P-ACO-imp2] Iteration 60/100 - Archive: 15
[P-ACO-imp2] Iteration 70/100 - Archive: 16
[P-ACO-imp2] Iteration 80/100 - Archive: 9
[P-ACO-imp2] Iteration 90/100 - Archive: 12
[P-ACO-imp2] Iteration 100/100 - Archive: 14
[P-ACO-imp2] Iteration 10/100 - Archive: 8
[P-ACO-imp2] Iteration 20/100 - Archive: 10
[P-ACO-imp2] Iteration 30/100 - Archive: 10
[P-ACO-imp2] Iteration 40/100 - Archive: 10
[P-ACO-imp2] Iteration 50/100 - Archive: 16
[P-ACO-imp2] Iteration 60/100 - Archive: 18
[P-ACO-imp2] Iteration 70/100 - Archive: 16
[P-ACO-imp2] Iteration 80/100 - Archive: 14
[P-ACO-imp2] Iteration 90/100 - Archive: 16
[P-ACO-imp2] Iteration 100/100 - Archive: 17
  Route plotted and saved to: C:\Users\23992\FURP-2026-XinyueXie-Truck-Drone-Routing\src\experiments\PACO+ALNS\results\20260807_w8\routes_imp2_100c_RC101_10V_medium_min_cost.png
  Route plotted and saved to: C:\Users\23992\FURP-2026-XinyueXie-Truck-Drone-Routing\src\experiments\PACO+ALNS\results\20260807_w8\routes_imp2_100c_RC101_10V_medium_min_tardiness.png
  Route plotted and saved to: C:\Users\23992\FURP-2026-XinyueXie-Truck-Drone-Routing\src\experiments\PACO+ALNS\results\20260807_w8\routes_imp2_100c_RC101_10V_medium_compromise.png
[done] 100c_RC101_10V_medium imp2 time=208.6s cost=644.5 tard=7535.3 sols=14.9
[P-ACO-imp2] Iteration 10/100 - Archive: 4
[P-ACO-imp2] Iteration 20/100 - Archive: 6
[P-ACO-imp2] Iteration 30/100 - Archive: 12
[P-ACO-imp2] Iteration 40/100 - Archive: 15
[P-ACO-imp2] Iteration 50/100 - Archive: 15
[P-ACO-imp2] Iteration 60/100 - Archive: 14
[P-ACO-imp2] Iteration 70/100 - Archive: 15
[P-ACO-imp2] Iteration 80/100 - Archive: 13
[P-ACO-imp2] Iteration 90/100 - Archive: 14
[P-ACO-imp2] Iteration 100/100 - Archive: 17
[P-ACO-imp2] Iteration 10/100 - Archive: 8
[P-ACO-imp2] Iteration 20/100 - Archive: 8
[P-ACO-imp2] Iteration 30/100 - Archive: 9
[P-ACO-imp2] Iteration 40/100 - Archive: 14
[P-ACO-imp2] Iteration 50/100 - Archive: 13
[P-ACO-imp2] Iteration 60/100 - Archive: 18
[P-ACO-imp2] Iteration 70/100 - Archive: 14
[P-ACO-imp2] Iteration 80/100 - Archive: 15
[P-ACO-imp2] Iteration 90/100 - Archive: 15
[P-ACO-imp2] Iteration 100/100 - Archive: 18
[P-ACO-imp2] Iteration 10/100 - Archive: 8
[P-ACO-imp2] Iteration 20/100 - Archive: 8
[P-ACO-imp2] Iteration 30/100 - Archive: 10
[P-ACO-imp2] Iteration 40/100 - Archive: 12
[P-ACO-imp2] Iteration 50/100 - Archive: 13
[P-ACO-imp2] Iteration 60/100 - Archive: 15
[P-ACO-imp2] Iteration 70/100 - Archive: 14
[P-ACO-imp2] Iteration 80/100 - Archive: 15
[P-ACO-imp2] Iteration 90/100 - Archive: 15
[P-ACO-imp2] Iteration 100/100 - Archive: 16
[P-ACO-imp2] Iteration 10/100 - Archive: 8
[P-ACO-imp2] Iteration 20/100 - Archive: 11
[P-ACO-imp2] Iteration 30/100 - Archive: 11
[P-ACO-imp2] Iteration 40/100 - Archive: 16
[P-ACO-imp2] Iteration 50/100 - Archive: 18
[P-ACO-imp2] Iteration 60/100 - Archive: 17
[P-ACO-imp2] Iteration 70/100 - Archive: 15
[P-ACO-imp2] Iteration 80/100 - Archive: 27
[P-ACO-imp2] Iteration 90/100 - Archive: 19
[P-ACO-imp2] Iteration 100/100 - Archive: 24
[P-ACO-imp2] Iteration 10/100 - Archive: 9
[P-ACO-imp2] Iteration 20/100 - Archive: 5
[P-ACO-imp2] Iteration 30/100 - Archive: 7
[P-ACO-imp2] Iteration 40/100 - Archive: 11
[P-ACO-imp2] Iteration 50/100 - Archive: 8
[P-ACO-imp2] Iteration 60/100 - Archive: 10
[P-ACO-imp2] Iteration 70/100 - Archive: 11
[P-ACO-imp2] Iteration 80/100 - Archive: 9
[P-ACO-imp2] Iteration 90/100 - Archive: 8
[P-ACO-imp2] Iteration 100/100 - Archive: 8
[P-ACO-imp2] Iteration 10/100 - Archive: 8
[P-ACO-imp2] Iteration 20/100 - Archive: 8
[P-ACO-imp2] Iteration 30/100 - Archive: 9
[P-ACO-imp2] Iteration 40/100 - Archive: 9
[P-ACO-imp2] Iteration 50/100 - Archive: 10
[P-ACO-imp2] Iteration 60/100 - Archive: 11
[P-ACO-imp2] Iteration 70/100 - Archive: 11
[P-ACO-imp2] Iteration 80/100 - Archive: 9
[P-ACO-imp2] Iteration 90/100 - Archive: 8
[P-ACO-imp2] Iteration 100/100 - Archive: 10
[P-ACO-imp2] Iteration 10/100 - Archive: 11
[P-ACO-imp2] Iteration 20/100 - Archive: 12
[P-ACO-imp2] Iteration 30/100 - Archive: 11
[P-ACO-imp2] Iteration 40/100 - Archive: 11
[P-ACO-imp2] Iteration 50/100 - Archive: 12
[P-ACO-imp2] Iteration 60/100 - Archive: 12
[P-ACO-imp2] Iteration 70/100 - Archive: 14
[P-ACO-imp2] Iteration 80/100 - Archive: 20
[P-ACO-imp2] Iteration 90/100 - Archive: 20
[P-ACO-imp2] Iteration 100/100 - Archive: 22
[P-ACO-imp2] Iteration 10/100 - Archive: 14
[P-ACO-imp2] Iteration 20/100 - Archive: 8
[P-ACO-imp2] Iteration 30/100 - Archive: 12
[P-ACO-imp2] Iteration 40/100 - Archive: 17
[P-ACO-imp2] Iteration 50/100 - Archive: 18
[P-ACO-imp2] Iteration 60/100 - Archive: 20
[P-ACO-imp2] Iteration 70/100 - Archive: 21
[P-ACO-imp2] Iteration 80/100 - Archive: 21
[P-ACO-imp2] Iteration 90/100 - Archive: 22
[P-ACO-imp2] Iteration 100/100 - Archive: 21
[P-ACO-imp2] Iteration 10/100 - Archive: 7
[P-ACO-imp2] Iteration 20/100 - Archive: 9
[P-ACO-imp2] Iteration 30/100 - Archive: 6
[P-ACO-imp2] Iteration 40/100 - Archive: 7
[P-ACO-imp2] Iteration 50/100 - Archive: 9
[P-ACO-imp2] Iteration 60/100 - Archive: 14
[P-ACO-imp2] Iteration 70/100 - Archive: 14
[P-ACO-imp2] Iteration 80/100 - Archive: 14
[P-ACO-imp2] Iteration 90/100 - Archive: 14
[P-ACO-imp2] Iteration 100/100 - Archive: 14
[P-ACO-imp2] Iteration 10/100 - Archive: 12
[P-ACO-imp2] Iteration 20/100 - Archive: 12
[P-ACO-imp2] Iteration 30/100 - Archive: 12
[P-ACO-imp2] Iteration 40/100 - Archive: 16
[P-ACO-imp2] Iteration 50/100 - Archive: 12
[P-ACO-imp2] Iteration 60/100 - Archive: 12
[P-ACO-imp2] Iteration 70/100 - Archive: 17
[P-ACO-imp2] Iteration 80/100 - Archive: 17
[P-ACO-imp2] Iteration 90/100 - Archive: 19
[P-ACO-imp2] Iteration 100/100 - Archive: 19
  Route plotted and saved to: C:\Users\23992\FURP-2026-XinyueXie-Truck-Drone-Routing\src\experiments\PACO+ALNS\results\20260807_w8\routes_imp2_100c_RC201_10V_medium_min_cost.png
  Route plotted and saved to: C:\Users\23992\FURP-2026-XinyueXie-Truck-Drone-Routing\src\experiments\PACO+ALNS\results\20260807_w8\routes_imp2_100c_RC201_10V_medium_min_tardiness.png
  Route plotted and saved to: C:\Users\23992\FURP-2026-XinyueXie-Truck-Drone-Routing\src\experiments\PACO+ALNS\results\20260807_w8\routes_imp2_100c_RC201_10V_medium_compromise.png
[done] 100c_RC201_10V_medium imp2 time=214.1s cost=770.8 tard=10080.8 sols=16.9
[PACO+ALNS ] Iteration 10/100 - Pareto Archive: 8
  ALNS weights: Destroy=['2.77', '2.74', '3.00', '2.99', '2.85'] Repair=['3.00', '2.70', '2.77']
[PACO+ALNS ] Iteration 20/100 - Pareto Archive: 7
  ALNS weights: Destroy=['2.75', '3.00', '3.00', '2.96', '2.98'] Repair=['2.97', '2.99', '2.84']
[PACO+ALNS ] Iteration 30/100 - Pareto Archive: 6
  ALNS weights: Destroy=['2.79', '3.00', '2.89', '3.00', '3.00'] Repair=['2.88', '2.99', '2.93']
[PACO+ALNS ] Iteration 40/100 - Pareto Archive: 7
  ALNS weights: Destroy=['2.97', '3.00', '3.00', '2.99', '2.89'] Repair=['2.96', '3.00', '2.98']
[PACO+ALNS ] Iteration 50/100 - Pareto Archive: 7
  ALNS weights: Destroy=['2.95', '3.00', '2.98', '2.82', '2.97'] Repair=['2.87', '3.00', '2.97']
[PACO+ALNS ] Iteration 60/100 - Pareto Archive: 8
  ALNS weights: Destroy=['2.60', '2.98', '3.00', '3.00', '2.99'] Repair=['2.99', '2.82', '2.87']
[PACO+ALNS ] Iteration 70/100 - Pareto Archive: 9
  ALNS weights: Destroy=['2.81', '3.00', '3.00', '2.72', '3.00'] Repair=['2.71', '2.90', '2.84']
[PACO+ALNS ] Iteration 80/100 - Pareto Archive: 7
  ALNS weights: Destroy=['2.97', '3.00', '3.00', '2.78', '2.70'] Repair=['3.00', '2.99', '2.61']
[PACO+ALNS ] Iteration 90/100 - Pareto Archive: 9
  ALNS weights: Destroy=['2.69', '3.00', '2.71', '2.63', '2.96'] Repair=['2.53', '2.88', '2.74']
[PACO+ALNS ] Iteration 100/100 - Pareto Archive: 9
  ALNS weights: Destroy=['2.23', '2.65', '2.91', '1.89', '2.96'] Repair=['2.34', '2.15', '2.22']
[PACO+ALNS ] Iteration 10/100 - Pareto Archive: 6
  ALNS weights: Destroy=['2.88', '3.00', '3.00', '3.00', '2.79'] Repair=['2.99', '2.92', '3.00']
[PACO+ALNS ] Iteration 20/100 - Pareto Archive: 7
  ALNS weights: Destroy=['2.97', '3.00', '2.99', '2.98', '2.93'] Repair=['3.00', '2.98', '2.94']
[PACO+ALNS ] Iteration 30/100 - Pareto Archive: 7
  ALNS weights: Destroy=['2.87', '3.00', '3.00', '2.74', '2.98'] Repair=['2.68', '2.87', '2.99']
[PACO+ALNS ] Iteration 40/100 - Pareto Archive: 10
  ALNS weights: Destroy=['2.77', '3.01', '3.17', '3.00', '2.81'] Repair=['2.97', '2.99', '2.91']
[PACO+ALNS ] Iteration 50/100 - Pareto Archive: 11
  ALNS weights: Destroy=['2.80', '3.00', '3.01', '2.72', '2.98'] Repair=['2.78', '2.93', '2.87']
[PACO+ALNS ] Iteration 60/100 - Pareto Archive: 13
  ALNS weights: Destroy=['2.87', '3.00', '3.00', '2.99', '2.94'] Repair=['3.00', '2.84', '2.99']
[PACO+ALNS ] Iteration 70/100 - Pareto Archive: 14
  ALNS weights: Destroy=['2.93', '3.00', '3.00', '2.94', '2.99'] Repair=['3.00', '2.92', '2.98']
[PACO+ALNS ] Iteration 80/100 - Pareto Archive: 14
  ALNS weights: Destroy=['2.98', '3.00', '3.00', '3.00', '3.00'] Repair=['2.99', '3.00', '2.99']
[PACO+ALNS ] Iteration 90/100 - Pareto Archive: 15
  ALNS weights: Destroy=['2.98', '3.00', '3.00', '3.00', '3.00'] Repair=['2.95', '3.00', '2.99']
[PACO+ALNS ] Iteration 100/100 - Pareto Archive: 17
  ALNS weights: Destroy=['2.33', '2.79', '2.87', '2.68', '3.00'] Repair=['2.83', '2.57', '2.42']
[PACO+ALNS ] Iteration 10/100 - Pareto Archive: 6
  ALNS weights: Destroy=['2.81', '2.99', '2.94', '3.00', '3.00'] Repair=['2.71', '3.00', '3.00']
[PACO+ALNS ] Iteration 20/100 - Pareto Archive: 5
  ALNS weights: Destroy=['2.82', '3.16', '3.00', '2.68', '3.00'] Repair=['2.74', '2.87', '3.00']
[PACO+ALNS ] Iteration 30/100 - Pareto Archive: 11
  ALNS weights: Destroy=['3.00', '3.00', '3.11', '3.00', '3.00'] Repair=['3.00', '3.00', '3.00']
[PACO+ALNS ] Iteration 40/100 - Pareto Archive: 17
  ALNS weights: Destroy=['2.78', '3.00', '3.02', '2.97', '3.00'] Repair=['2.74', '2.93', '3.00']
[PACO+ALNS ] Iteration 50/100 - Pareto Archive: 14
  ALNS weights: Destroy=['2.89', '3.00', '3.00', '2.84', '3.00'] Repair=['3.00', '2.88', '2.84']
[PACO+ALNS ] Iteration 60/100 - Pareto Archive: 13
  ALNS weights: Destroy=['2.94', '3.00', '3.00', '2.89', '3.00'] Repair=['2.99', '2.99', '2.93']
[PACO+ALNS ] Iteration 70/100 - Pareto Archive: 12
  ALNS weights: Destroy=['2.75', '3.00', '3.00', '3.00', '3.00'] Repair=['2.90', '2.86', '2.89']
[PACO+ALNS ] Iteration 80/100 - Pareto Archive: 12
  ALNS weights: Destroy=['2.94', '3.00', '3.00', '2.98', '3.00'] Repair=['3.00', '2.98', '2.87']
[PACO+ALNS ] Iteration 90/100 - Pareto Archive: 7
  ALNS weights: Destroy=['2.81', '2.86', '3.00', '3.10', '3.00'] Repair=['2.61', '3.08', '3.12']
[PACO+ALNS ] Iteration 100/100 - Pareto Archive: 10
  ALNS weights: Destroy=['3.04', '3.00', '3.00', '2.99', '3.00'] Repair=['3.09', '3.13', '2.69']
[PACO+ALNS ] Iteration 10/100 - Pareto Archive: 12
  ALNS weights: Destroy=['2.99', '2.94', '2.12', '2.99', '2.79'] Repair=['2.70', '2.99', '2.44']
[PACO+ALNS ] Iteration 20/100 - Pareto Archive: 11
  ALNS weights: Destroy=['2.85', '3.00', '2.95', '2.70', '2.80'] Repair=['2.71', '2.70', '2.97']
[PACO+ALNS ] Iteration 30/100 - Pareto Archive: 9
  ALNS weights: Destroy=['3.00', '3.00', '3.00', '3.00', '2.92'] Repair=['3.00', '3.00', '3.00']
[PACO+ALNS ] Iteration 40/100 - Pareto Archive: 12
  ALNS weights: Destroy=['2.85', '3.00', '2.96', '2.95', '3.00'] Repair=['2.96', '3.00', '2.94']
[PACO+ALNS ] Iteration 50/100 - Pareto Archive: 13
  ALNS weights: Destroy=['3.00', '3.00', '2.99', '3.00', '3.00'] Repair=['3.00', '3.00', '2.99']
[PACO+ALNS ] Iteration 60/100 - Pareto Archive: 16
  ALNS weights: Destroy=['3.00', '3.00', '3.00', '3.00', '3.00'] Repair=['3.00', '3.00', '3.00']
[PACO+ALNS ] Iteration 70/100 - Pareto Archive: 21
  ALNS weights: Destroy=['2.78', '2.84', '3.00', '2.85', '3.00'] Repair=['2.76', '3.00', '2.92']
[PACO+ALNS ] Iteration 80/100 - Pareto Archive: 17
  ALNS weights: Destroy=['3.00', '3.00', '3.00', '3.00', '3.00'] Repair=['3.00', '3.00', '3.00']
[PACO+ALNS ] Iteration 90/100 - Pareto Archive: 17
  ALNS weights: Destroy=['3.00', '2.99', '3.00', '3.00', '3.00'] Repair=['3.00', '3.00', '3.00']
[PACO+ALNS ] Iteration 100/100 - Pareto Archive: 14
  ALNS weights: Destroy=['2.50', '3.00', '3.00', '3.00', '3.00'] Repair=['3.00', '2.74', '2.72']
[PACO+ALNS ] Iteration 10/100 - Pareto Archive: 12
  ALNS weights: Destroy=['2.71', '3.00', '3.00', '2.83', '2.76'] Repair=['2.97', '2.94', '2.56']
[PACO+ALNS ] Iteration 20/100 - Pareto Archive: 15
  ALNS weights: Destroy=['2.97', '2.99', '3.00', '3.00', '2.97'] Repair=['2.99', '2.97', '2.98']
[PACO+ALNS ] Iteration 30/100 - Pareto Archive: 11
  ALNS weights: Destroy=['2.97', '2.99', '2.87', '3.00', '2.96'] Repair=['2.98', '2.98', '2.98']
[PACO+ALNS ] Iteration 40/100 - Pareto Archive: 11
  ALNS weights: Destroy=['2.98', '3.00', '3.00', '2.98', '2.86'] Repair=['3.00', '2.99', '3.00']
[PACO+ALNS ] Iteration 50/100 - Pareto Archive: 15
  ALNS weights: Destroy=['2.89', '3.00', '3.00', '2.88', '2.79'] Repair=['2.88', '2.89', '3.00']
[PACO+ALNS ] Iteration 60/100 - Pareto Archive: 11
  ALNS weights: Destroy=['2.96', '3.00', '3.00', '3.00', '2.95'] Repair=['3.00', '3.00', '2.96']
[PACO+ALNS ] Iteration 70/100 - Pareto Archive: 16
  ALNS weights: Destroy=['3.00', '2.91', '3.00', '2.91', '2.94'] Repair=['3.00', '2.99', '2.85']
[PACO+ALNS ] Iteration 80/100 - Pareto Archive: 16
  ALNS weights: Destroy=['2.99', '3.00', '2.99', '2.91', '2.77'] Repair=['2.99', '2.59', '3.13']
[PACO+ALNS ] Iteration 90/100 - Pareto Archive: 19
  ALNS weights: Destroy=['2.70', '2.89', '3.00', '2.84', '2.81'] Repair=['2.97', '2.51', '3.00']
[PACO+ALNS ] Iteration 100/100 - Pareto Archive: 20
  ALNS weights: Destroy=['3.00', '3.00', '3.00', '2.88', '2.90'] Repair=['3.00', '3.00', '2.81']
[PACO+ALNS ] Iteration 10/100 - Pareto Archive: 8
  ALNS weights: Destroy=['2.84', '3.00', '3.00', '2.74', '2.82'] Repair=['2.86', '2.96', '2.81']
[PACO+ALNS ] Iteration 20/100 - Pareto Archive: 4
  ALNS weights: Destroy=['2.89', '3.00', '2.94', '2.99', '2.94'] Repair=['3.00', '2.97', '2.93']
[PACO+ALNS ] Iteration 30/100 - Pareto Archive: 7
  ALNS weights: Destroy=['2.98', '3.04', '3.00', '2.90', '2.93'] Repair=['3.02', '2.96', '2.96']
[PACO+ALNS ] Iteration 40/100 - Pareto Archive: 7
  ALNS weights: Destroy=['2.83', '2.97', '2.92', '3.00', '2.94'] Repair=['2.97', '2.80', '2.99']
[PACO+ALNS ] Iteration 50/100 - Pareto Archive: 6
  ALNS weights: Destroy=['3.00', '3.00', '2.99', '2.94', '2.89'] Repair=['2.98', '3.00', '2.96'][PACO+ALNS ] Iteration 10/100 - Pareto Archive: 6
  ALNS weights: Destroy=['2.85', '3.01', '2.91', '2.85', '2.58'] Repair=['2.84', '2.86', '2.95']
[PACO+ALNS ] Iteration 20/100 - Pareto Archive: 14
  ALNS weights: Destroy=['2.97', '3.00', '3.00', '3.00', '2.92'] Repair=['2.99', '2.98', '3.00']
[PACO+ALNS ] Iteration 30/100 - Pareto Archive: 13
  ALNS weights: Destroy=['2.94', '3.00', '3.00', '2.82', '2.99'] Repair=['2.99', '2.91', '2.90']
[PACO+ALNS ] Iteration 40/100 - Pareto Archive: 16
  ALNS weights: Destroy=['2.34', '2.81', '2.97', '3.00', '3.00'] Repair=['2.90', '2.69', '2.91']
[PACO+ALNS ] Iteration 50/100 - Pareto Archive: 16
  ALNS weights: Destroy=['2.99', '3.00', '3.00', '3.00', '3.00'] Repair=['2.99', '3.00', '2.99']
[PACO+ALNS ] Iteration 60/100 - Pareto Archive: 18
  ALNS weights: Destroy=['2.98', '3.00', '3.00', '2.99', '3.00'] Repair=['2.99', '3.00', '2.98']
[PACO+ALNS ] Iteration 70/100 - Pareto Archive: 14
  ALNS weights: Destroy=['2.84', '2.84', '3.00', '2.90', '3.00'] Repair=['2.87', '2.97', '2.91']
[PACO+ALNS ] Iteration 80/100 - Pareto Archive: 14
  ALNS weights: Destroy=['2.42', '2.99', '3.00', '3.00', '3.00'] Repair=['2.94', '2.73', '2.81']
[PACO+ALNS ] Iteration 90/100 - Pareto Archive: 15
  ALNS weights: Destroy=['2.82', '2.99', '3.00', '2.95', '3.00'] Repair=['3.00', '2.99', '2.76']
[PACO+ALNS ] Iteration 100/100 - Pareto Archive: 17
  ALNS weights: Destroy=['2.98', '3.00', '3.00', '2.98', '3.00'] Repair=['2.99', '3.00', '2.99']
[PACO+ALNS ] Iteration 10/100 - Pareto Archive: 11
  ALNS weights: Destroy=['3.00', '3.00', '3.00', '2.99', '2.82'] Repair=['3.00', '3.00', '2.99']
[PACO+ALNS ] Iteration 20/100 - Pareto Archive: 14
  ALNS weights: Destroy=['2.68', '3.00', '3.00', '2.98', '2.79'] Repair=['2.68', '3.00', '2.95']
[PACO+ALNS ] Iteration 30/100 - Pareto Archive: 13
  ALNS weights: Destroy=['2.97', '3.00', '3.00', '2.71', '2.98'] Repair=['2.93', '3.00', '2.81']
[PACO+ALNS ] Iteration 40/100 - Pareto Archive: 15
  ALNS weights: Destroy=['2.77', '3.00', '3.00', '3.00', '3.00'] Repair=['3.00', '2.69', '3.00']
[PACO+ALNS ] Iteration 50/100 - Pareto Archive: 17
  ALNS weights: Destroy=['2.79', '3.00', '3.00', '3.00', '3.00'] Repair=['2.93', '3.00', '2.96']
[PACO+ALNS ] Iteration 60/100 - Pareto Archive: 16
  ALNS weights: Destroy=['2.90', '2.90', '3.00', '2.73', '3.00'] Repair=['2.70', '2.99', '2.90']
[PACO+ALNS ] Iteration 70/100 - Pareto Archive: 17
  ALNS weights: Destroy=['2.65', '3.00', '2.90', '3.00', '2.82'] Repair=['2.86', '2.90', '3.00']
[PACO+ALNS ] Iteration 80/100 - Pareto Archive: 19
  ALNS weights: Destroy=['2.96', '2.76', '3.00', '2.98', '2.98'] Repair=['3.00', '3.00', '2.80']
[PACO+ALNS ] Iteration 90/100 - Pareto Archive: 21
  ALNS weights: Destroy=['2.88', '3.00', '3.00', '2.97', '2.99'] Repair=['2.71', '3.00', '2.98']
[PACO+ALNS ] Iteration 100/100 - Pareto Archive: 21
  ALNS weights: Destroy=['2.91', '2.70', '3.00', '2.98', '3.00'] Repair=['3.00', '2.56', '2.97']
[PACO+ALNS ] Iteration 10/100 - Pareto Archive: 8
  ALNS weights: Destroy=['2.82', '3.00', '3.00', '3.00', '2.81'] Repair=['2.78', '3.00', '3.00']
[PACO+ALNS ] Iteration 20/100 - Pareto Archive: 12
  ALNS weights: Destroy=['2.92', '2.70', '2.65', '3.00', '2.94'] Repair=['2.96', '3.00', '2.54']
[PACO+ALNS ] Iteration 30/100 - Pareto Archive: 12
  ALNS weights: Destroy=['2.73', '2.90', '2.90', '3.00', '2.51'] Repair=['2.96', '2.89', '2.99']
[PACO+ALNS ] Iteration 40/100 - Pareto Archive: 13
  ALNS weights: Destroy=['3.00', '3.00', '2.69', '3.00', '2.78'] Repair=['2.98', '3.00', '3.00']
[PACO+ALNS ] Iteration 50/100 - Pareto Archive: 12
  ALNS weights: Destroy=['2.78', '3.00', '2.96', '2.96', '2.95'] Repair=['2.99', '2.98', '2.90']
[PACO+ALNS ] Iteration 60/100 - Pareto Archive: 14
  ALNS weights: Destroy=['3.00', '3.00', '3.07', '3.00', '3.00'] Repair=['3.03', '3.00', '3.00']
[PACO+ALNS ] Iteration 70/100 - Pareto Archive: 13
  ALNS weights: Destroy=['2.98', '3.00', '2.00', '2.94', '3.00'] Repair=['2.64', '3.00', '2.76']
[PACO+ALNS ] Iteration 80/100 - Pareto Archive: 14
  ALNS weights: Destroy=['2.93', '2.97', '2.84', '3.00', '3.00'] Repair=['3.00', '2.99', '2.87']
[PACO+ALNS ] Iteration 90/100 - Pareto Archive: 15
  ALNS weights: Destroy=['2.72', '2.85', '2.85', '2.96', '3.00'] Repair=['2.91', '2.78', '2.85']
[PACO+ALNS ] Iteration 100/100 - Pareto Archive: 16
  ALNS weights: Destroy=['2.97', '3.00', '2.48', '3.00', '3.00'] Repair=['2.96', '3.00', '2.88']
[PACO+ALNS ] Iteration 10/100 - Pareto Archive: 13
  ALNS weights: Destroy=['2.88', '3.00', '3.00', '2.97', '2.87'] Repair=['3.00', '3.00', '2.90']
[PACO+ALNS ] Iteration 20/100 - Pareto Archive: 14
  ALNS weights: Destroy=['2.99', '3.00', '3.00', '3.00', '2.98'] Repair=['2.99', '3.00', '3.00']
[PACO+ALNS ] Iteration 30/100 - Pareto Archive: 15
  ALNS weights: Destroy=['2.62', '3.00', '3.00', '3.00', '2.78'] Repair=['2.74', '3.00', '2.80']
[PACO+ALNS ] Iteration 40/100 - Pareto Archive: 17
  ALNS weights: Destroy=['2.72', '2.97', '3.00', '2.83', '2.76'] Repair=['2.86', '2.98', '2.79']
[PACO+ALNS ] Iteration 50/100 - Pareto Archive: 18
  ALNS weights: Destroy=['2.83', '2.84', '2.99', '3.00', '2.94'] Repair=['2.96', '2.88', '2.96']
[PACO+ALNS ] Iteration 60/100 - Pareto Archive: 20
  ALNS weights: Destroy=['3.00', '3.00', '3.00', '3.00', '2.99'] Repair=['3.00', '3.00', '3.00']
[PACO+ALNS ] Iteration 70/100 - Pareto Archive: 20
  ALNS weights: Destroy=['2.94', '3.00', '2.99', '2.99', '2.81'] Repair=['3.00', '2.96', '2.93']
[PACO+ALNS ] Iteration 80/100 - Pareto Archive: 18
  ALNS weights: Destroy=['2.99', '3.00', '3.00', '3.00', '2.96'] Repair=['3.00', '2.99', '3.00']
[PACO+ALNS ] Iteration 90/100 - Pareto Archive: 19
  ALNS weights: Destroy=['2.78', '2.95', '2.99', '3.00', '2.99'] Repair=['2.82', '2.94', '3.00']
[PACO+ALNS ] Iteration 100/100 - Pareto Archive: 19
  ALNS weights: Destroy=['2.76', '3.00', '2.44', '2.77', '2.78'] Repair=['2.81', '2.74', '2.62']
[PACO+ALNS ] Iteration 10/100 - Pareto Archive: 8
  ALNS weights: Destroy=['2.89', '3.00', '2.92', '2.98', '2.83'] Repair=['2.88', '3.00', '2.99']
[PACO+ALNS ] Iteration 20/100 - Pareto Archive: 9
  ALNS weights: Destroy=['2.91', '3.00', '3.00', '2.74', '2.99'] Repair=['2.84', '3.00', '2.89']
[PACO+ALNS ] Iteration 30/100 - Pareto Archive: 13
  ALNS weights: Destroy=['2.95', '3.11', '2.96', '2.99', '2.78'] Repair=['3.06', '2.86', '2.98']
[PACO+ALNS ] Iteration 40/100 - Pareto Archive: 16
  ALNS weights: Destroy=['2.68', '3.00', '3.00', '2.98', '2.94'] Repair=['2.92', '3.00', '2.74']
[PACO+ALNS ] Iteration 50/100 - Pareto Archive: 18
  ALNS weights: Destroy=['2.99', '3.00', '3.00', '3.00', '2.99'] Repair=['3.00', '3.00', '3.00']
[PACO+ALNS ] Iteration 60/100 - Pareto Archive: 18
  ALNS weights: Destroy=['2.82', '2.99', '3.00', '2.99', '2.70'] Repair=['2.65', '3.00', '2.82']
[PACO+ALNS ] Iteration 70/100 - Pareto Archive: 18
  ALNS weights: Destroy=['2.92', '2.71', '3.00', '2.99', '2.99'] Repair=['2.78', '2.92', '2.97']
[PACO+ALNS ] Iteration 80/100 - Pareto Archive: 14
  ALNS weights: Destroy=['2.91', '2.94', '2.70', '2.36', '2.94'] Repair=['2.66', '2.80', '2.58']
[PACO+ALNS ] Iteration 90/100 - Pareto Archive: 11
  ALNS weights: Destroy=['2.44', '2.98', '2.98', '2.55', '2.98'] Repair=['2.70', '2.46', '2.79']
[PACO+ALNS ] Iteration 100/100 - Pareto Archive: 14
  ALNS weights: Destroy=['2.79', '2.94', '2.99', '2.98', '2.81'] Repair=['3.00', '2.96', '2.76']
[PACO+ALNS ] Iteration 10/100 - Pareto Archive: 13
  ALNS weights: Destroy=['2.95', '3.00', '3.00', '3.00', '2.73'] Repair=['2.98', '3.00', '3.00']
[PACO+ALNS ] Iteration 20/100 - Pareto Archive: 16
  ALNS weights: Destroy=['2.47', '3.00', '3.00', '3.00', '2.97'] Repair=['2.99', '2.99', '2.60']
[PACO+ALNS ] Iteration 30/100 - Pareto Archive: 15
  ALNS weights: Destroy=['2.45', '3.00', '3.00', '3.00', '2.99'] Repair=['2.74', '3.00', '2.81']
[PACO+ALNS ] Iteration 40/100 - Pareto Archive: 13
  ALNS weights: Destroy=['2.79', '2.96', '2.85', '3.00', '2.92'] Repair=['2.88', '2.97', '2.91']
[PACO+ALNS ] Iteration 50/100 - Pareto Archive: 12
  ALNS weights: Destroy=['2.56', '3.00', '3.00', '2.67', '2.76'] Repair=['2.84', '2.57', '2.84'][PACO+ALNS ] Iteration 10/100 - Pareto Archive: 7
  ALNS weights: Destroy=['2.70', '3.00', '2.11', '2.98', '1.30'] Repair=['2.70', '3.00', '2.97']
[PACO+ALNS ] Iteration 20/100 - Pareto Archive: 8
  ALNS weights: Destroy=['2.70', '3.00', '3.03', '2.86', '1.96'] Repair=['2.92', '2.71', '3.00']
[PACO+ALNS ] Iteration 30/100 - Pareto Archive: 9
  ALNS weights: Destroy=['2.87', '3.00', '3.00', '2.99', '2.25'] Repair=['2.93', '3.02', '2.90']
[PACO+ALNS ] Iteration 40/100 - Pareto Archive: 10
  ALNS weights: Destroy=['3.00', '3.01', '3.04', '2.82', '2.54'] Repair=['3.00', '3.00', '2.78']
[PACO+ALNS ] Iteration 50/100 - Pareto Archive: 9
  ALNS weights: Destroy=['2.99', '3.00', '3.13', '3.00', '2.67'] Repair=['3.11', '3.00', '2.99']
[PACO+ALNS ] Iteration 60/100 - Pareto Archive: 7
  ALNS weights: Destroy=['3.00', '3.00', '3.00', '2.99', '2.87'] Repair=['2.98', '3.00', '3.00']
[PACO+ALNS ] Iteration 70/100 - Pareto Archive: 7
  ALNS weights: Destroy=['3.00', '3.00', '3.00', '3.00', '2.97'] Repair=['3.00', '3.00', '3.00']
[PACO+ALNS ] Iteration 80/100 - Pareto Archive: 8
  ALNS weights: Destroy=['3.00', '2.96', '3.00', '3.00', '2.98'] Repair=['3.00', '2.97', '3.00']
[PACO+ALNS ] Iteration 90/100 - Pareto Archive: 8
  ALNS weights: Destroy=['3.00', '3.00', '3.00', '3.00', '2.99'] Repair=['3.00', '3.00', '3.00']
[PACO+ALNS ] Iteration 100/100 - Pareto Archive: 8
  ALNS weights: Destroy=['3.00', '3.00', '3.00', '2.97', '3.00'] Repair=['2.98', '3.00', '3.00']
[PACO+ALNS ] Iteration 10/100 - Pareto Archive: 6
  ALNS weights: Destroy=['2.82', '3.02', '2.79', '3.00', '1.00'] Repair=['3.00', '3.00', '2.75']
[PACO+ALNS ] Iteration 20/100 - Pareto Archive: 4
  ALNS weights: Destroy=['2.99', '3.00', '3.16', '3.08', '1.56'] Repair=['3.00', '3.08', '3.10']
[PACO+ALNS ] Iteration 30/100 - Pareto Archive: 4
  ALNS weights: Destroy=['2.91', '3.00', '3.31', '2.88', '2.54'] Repair=['2.99', '3.08', '2.82']
[PACO+ALNS ] Iteration 40/100 - Pareto Archive: 5
  ALNS weights: Destroy=['2.78', '3.00', '3.10', '3.00', '2.89'] Repair=['3.00', '3.00', '2.84']
[PACO+ALNS ] Iteration 50/100 - Pareto Archive: 8
  ALNS weights: Destroy=['3.00', '3.00', '2.99', '3.00', '2.75'] Repair=['3.00', '2.98', '2.99']
[PACO+ALNS ] Iteration 60/100 - Pareto Archive: 9
  ALNS weights: Destroy=['2.87', '3.00', '3.00', '3.00', '2.87'] Repair=['3.00', '3.00', '2.84']
[PACO+ALNS ] Iteration 70/100 - Pareto Archive: 8
  ALNS weights: Destroy=['3.00', '3.00', '3.00', '2.95', '2.93'] Repair=['3.00', '2.91', '3.00']
[PACO+ALNS ] Iteration 80/100 - Pareto Archive: 14
  ALNS weights: Destroy=['3.00', '3.00', '3.00', '3.00', '2.93'] Repair=['3.00', '3.00', '3.00']
[PACO+ALNS ] Iteration 90/100 - Pareto Archive: 10
  ALNS weights: Destroy=['3.00', '3.00', '3.00', '3.00', '2.97'] Repair=['3.00', '2.98', '3.00']
[PACO+ALNS ] Iteration 100/100 - Pareto Archive: 11
  ALNS weights: Destroy=['2.76', '3.00', '3.00', '2.89', '2.99'] Repair=['2.97', '2.83', '2.91']
[PACO+ALNS ] Iteration 10/100 - Pareto Archive: 7
  ALNS weights: Destroy=['3.00', '3.01', '2.38', '3.02', '2.49'] Repair=['3.02', '3.03', '3.00']
[PACO+ALNS ] Iteration 20/100 - Pareto Archive: 10
  ALNS weights: Destroy=['3.00', '3.00', '2.91', '3.00', '2.86'] Repair=['3.00', '3.00', '3.00']
[PACO+ALNS ] Iteration 30/100 - Pareto Archive: 4
  ALNS weights: Destroy=['3.15', '3.00', '2.98', '2.94', '2.94'] Repair=['3.11', '3.00', '2.97']
[PACO+ALNS ] Iteration 40/100 - Pareto Archive: 8
  ALNS weights: Destroy=['3.00', '3.00', '3.00', '2.94', '2.99'] Repair=['3.00', '3.00', '2.97']
[PACO+ALNS ] Iteration 50/100 - Pareto Archive: 8
  ALNS weights: Destroy=['2.99', '3.00', '3.00', '2.98', '3.00'] Repair=['3.00', '3.00', '2.95']
[PACO+ALNS ] Iteration 60/100 - Pareto Archive: 9
  ALNS weights: Destroy=['3.00', '3.00', '3.00', '2.95', '3.00'] Repair=['3.00', '2.86', '3.00']
[PACO+ALNS ] Iteration 70/100 - Pareto Archive: 9
  ALNS weights: Destroy=['3.00', '3.00', '3.00', '2.99', '3.00'] Repair=['2.99', '3.00', '3.00']
[PACO+ALNS ] Iteration 80/100 - Pareto Archive: 9
  ALNS weights: Destroy=['3.00', '3.00', '3.00', '2.74', '3.00'] Repair=['3.00', '3.00', '2.78']
[PACO+ALNS ] Iteration 90/100 - Pareto Archive: 11
  ALNS weights: Destroy=['2.92', '3.00', '3.00', '2.51', '3.00'] Repair=['2.96', '2.53', '2.99']
[PACO+ALNS ] Iteration 100/100 - Pareto Archive: 13
  ALNS weights: Destroy=['3.00', '3.00', '3.00', '2.97', '3.00'] Repair=['3.00', '3.00', '2.89']
[PACO+ALNS ] Iteration 10/100 - Pareto Archive: 5
  ALNS weights: Destroy=['2.95', '3.00', '2.92', '2.70', '1.00'] Repair=['3.00', '2.75', '3.00']
[PACO+ALNS ] Iteration 20/100 - Pareto Archive: 5
  ALNS weights: Destroy=['2.99', '2.70', '3.00', '3.00', '1.00'] Repair=['2.97', '2.70', '3.00']
[PACO+ALNS ] Iteration 30/100 - Pareto Archive: 5
  ALNS weights: Destroy=['3.00', '3.00', '3.00', '2.78', '1.00'] Repair=['2.89', '2.99', '3.00']
[PACO+ALNS ] Iteration 40/100 - Pareto Archive: 5
  ALNS weights: Destroy=['2.99', '3.00', '3.25', '2.98', '1.56'] Repair=['3.00', '2.95', '3.04']
[PACO+ALNS ] Iteration 50/100 - Pareto Archive: 5
  ALNS weights: Destroy=['3.00', '3.00', '3.01', '2.99', '1.96'] Repair=['2.99', '3.00', '3.00']
[PACO+ALNS ] Iteration 60/100 - Pareto Archive: 5
  ALNS weights: Destroy=['3.00', '2.99', '3.00', '3.00', '2.46'] Repair=['3.00', '3.00', '3.00']
[PACO+ALNS ] Iteration 70/100 - Pareto Archive: 5
  ALNS weights: Destroy=['2.66', '3.00', '3.00', '3.00', '2.72'] Repair=['2.66', '3.00', '3.00']
[PACO+ALNS ] Iteration 80/100 - Pareto Archive: 5
  ALNS weights: Destroy=['3.00', '3.00', '3.00', '3.00', '2.79'] Repair=['3.00', '3.00', '3.00']
[PACO+ALNS ] Iteration 90/100 - Pareto Archive: 7
  ALNS weights: Destroy=['3.00', '3.00', '3.00', '3.05', '2.87'] Repair=['3.00', '3.00', '3.08']
[PACO+ALNS ] Iteration 100/100 - Pareto Archive: 7
  ALNS weights: Destroy=['2.84', '3.00', '3.00', '3.00', '2.93'] Repair=['3.00', '2.88', '3.00']
[PACO+ALNS ] Iteration 10/100 - Pareto Archive: 3
  ALNS weights: Destroy=['3.00', '3.01', '2.93', '3.00', '1.56'] Repair=['3.00', '3.00', '3.00']
[PACO+ALNS ] Iteration 20/100 - Pareto Archive: 5
  ALNS weights: Destroy=['3.00', '3.00', '3.00', '2.84', '2.25'] Repair=['2.84', '3.00', '3.00']
[PACO+ALNS ] Iteration 30/100 - Pareto Archive: 7
  ALNS weights: Destroy=['3.00', '3.08', '3.00', '3.00', '2.76'] Repair=['3.06', '3.00', '3.00']
[PACO+ALNS ] Iteration 40/100 - Pareto Archive: 7
  ALNS weights: Destroy=['2.99', '3.00', '3.00', '3.00', '2.95'] Repair=['3.00', '3.00', '3.00']
[PACO+ALNS ] Iteration 50/100 - Pareto Archive: 8
  ALNS weights: Destroy=['3.00', '3.00', '3.00', '2.98', '2.98'] Repair=['3.00', '2.95', '3.00']
[PACO+ALNS ] Iteration 60/100 - Pareto Archive: 9
  ALNS weights: Destroy=['2.99', '3.00', '3.00', '3.00', '2.99'] Repair=['2.99', '3.00', '3.00']
[PACO+ALNS ] Iteration 70/100 - Pareto Archive: 6
  ALNS weights: Destroy=['3.00', '3.00', '3.00', '3.00', '3.00'] Repair=['3.00', '3.00', '3.00']
[PACO+ALNS ] Iteration 80/100 - Pareto Archive: 6
  ALNS weights: Destroy=['2.97', '3.00', '3.00', '3.00', '3.00'] Repair=['3.00', '2.99', '3.00']
[PACO+ALNS ] Iteration 90/100 - Pareto Archive: 6
  ALNS weights: Destroy=['2.96', '3.00', '3.00', '2.94', '3.00'] Repair=['2.94', '3.00', '3.00']
[PACO+ALNS ] Iteration 100/100 - Pareto Archive: 6
  ALNS weights: Destroy=['2.82', '3.00', '3.00', '3.00', '3.00'] Repair=['3.00', '3.00', '2.95']
[PACO+ALNS ] Iteration 10/100 - Pareto Archive: 11
  ALNS weights: Destroy=['3.00', '2.99', '2.98', '3.00', '1.30'] Repair=['3.00', '3.00', '3.00']
[PACO+ALNS ] Iteration 20/100 - Pareto Archive: 6
  ALNS weights: Destroy=['2.84', '3.00', '3.00', '2.96', '1.96'] Repair=['2.77', '3.00', '3.00']
[PACO+ALNS ] Iteration 30/100 - Pareto Archive: 7
  ALNS weights: Destroy=['3.00', '2.90', '3.00', '3.00', '2.36'] Repair=['2.92', '3.00', '3.00']
[PACO+ALNS ] Iteration 40/100 - Pareto Archive: 7
  ALNS weights: Destroy=['2.74', '3.00', '3.00', '3.00', '2.36'] Repair=['2.99', '3.00', '2.85']
[PACO+ALNS ] Iteration 50/100 - Pareto Archive: 7
  ALNS weights: Destroy=['2.70', '3.00', '3.00', '3.02', '2.67'] Repair=['2.69', '3.00', '3.02'][P-ACO-imp2] Iteration 10/100 - Archive: 5
[P-ACO-imp2] Iteration 20/100 - Archive: 6
[P-ACO-imp2] Iteration 30/100 - Archive: 11
[P-ACO-imp2] Iteration 40/100 - Archive: 14
[P-ACO-imp2] Iteration 50/100 - Archive: 10
[P-ACO-imp2] Iteration 60/100 - Archive: 12
[P-ACO-imp2] Iteration 70/100 - Archive: 14
[P-ACO-imp2] Iteration 80/100 - Archive: 15
[P-ACO-imp2] Iteration 90/100 - Archive: 15
[P-ACO-imp2] Iteration 100/100 - Archive: 16
[P-ACO-imp2] Iteration 10/100 - Archive: 5
[P-ACO-imp2] Iteration 20/100 - Archive: 10
[P-ACO-imp2] Iteration 30/100 - Archive: 13
[P-ACO-imp2] Iteration 40/100 - Archive: 10
[P-ACO-imp2] Iteration 50/100 - Archive: 11
[P-ACO-imp2] Iteration 60/100 - Archive: 9
[P-ACO-imp2] Iteration 70/100 - Archive: 12
[P-ACO-imp2] Iteration 80/100 - Archive: 15
[P-ACO-imp2] Iteration 90/100 - Archive: 11
[P-ACO-imp2] Iteration 100/100 - Archive: 11
[P-ACO-imp2] Iteration 10/100 - Archive: 6
[P-ACO-imp2] Iteration 20/100 - Archive: 4
[P-ACO-imp2] Iteration 30/100 - Archive: 7
[P-ACO-imp2] Iteration 40/100 - Archive: 11
[P-ACO-imp2] Iteration 50/100 - Archive: 11
[P-ACO-imp2] Iteration 60/100 - Archive: 12
[P-ACO-imp2] Iteration 70/100 - Archive: 14
[P-ACO-imp2] Iteration 80/100 - Archive: 16
[P-ACO-imp2] Iteration 90/100 - Archive: 15
[P-ACO-imp2] Iteration 100/100 - Archive: 14
[P-ACO-imp2] Iteration 10/100 - Archive: 9
[P-ACO-imp2] Iteration 20/100 - Archive: 11
[P-ACO-imp2] Iteration 30/100 - Archive: 14
[P-ACO-imp2] Iteration 40/100 - Archive: 18
[P-ACO-imp2] Iteration 50/100 - Archive: 16
[P-ACO-imp2] Iteration 60/100 - Archive: 19
[P-ACO-imp2] Iteration 70/100 - Archive: 19
[P-ACO-imp2] Iteration 80/100 - Archive: 21
[P-ACO-imp2] Iteration 90/100 - Archive: 22
[P-ACO-imp2] Iteration 100/100 - Archive: 17
[P-ACO-imp2] Iteration 10/100 - Archive: 12
[P-ACO-imp2] Iteration 20/100 - Archive: 12
[P-ACO-imp2] Iteration 30/100 - Archive: 13
[P-ACO-imp2] Iteration 40/100 - Archive: 8
[P-ACO-imp2] Iteration 50/100 - Archive: 10
[P-ACO-imp2] Iteration 60/100 - Archive: 12
[P-ACO-imp2] Iteration 70/100 - Archive: 6
[P-ACO-imp2] Iteration 80/100 - Archive: 7
[P-ACO-imp2] Iteration 90/100 - Archive: 9
[P-ACO-imp2] Iteration 100/100 - Archive: 13
[P-ACO-imp2] Iteration 10/100 - Archive: 8
[P-ACO-imp2] Iteration 20/100 - Archive: 8
[P-ACO-imp2] Iteration 30/100 - Archive: 11
[P-ACO-imp2] Iteration 40/100 - Archive: 12
[P-ACO-imp2] Iteration 50/100 - Archive: 14
[P-ACO-imp2] Iteration 60/100 - Archive: 14
[P-ACO-imp2] Iteration 70/100 - Archive: 15
[P-ACO-imp2] Iteration 80/100 - Archive: 16
[P-ACO-imp2] Iteration 90/100 - Archive: 17
[P-ACO-imp2] Iteration 100/100 - Archive: 17
[P-ACO-imp2] Iteration 10/100 - Archive: 8
[P-ACO-imp2] Iteration 20/100 - Archive: 16
[P-ACO-imp2] Iteration 30/100 - Archive: 16
[P-ACO-imp2] Iteration 40/100 - Archive: 12
[P-ACO-imp2] Iteration 50/100 - Archive: 13
[P-ACO-imp2] Iteration 60/100 - Archive: 14
[P-ACO-imp2] Iteration 70/100 - Archive: 11
[P-ACO-imp2] Iteration 80/100 - Archive: 12
[P-ACO-imp2] Iteration 90/100 - Archive: 13
[P-ACO-imp2] Iteration 100/100 - Archive: 13
[P-ACO-imp2] Iteration 10/100 - Archive: 6
[P-ACO-imp2] Iteration 20/100 - Archive: 10
[P-ACO-imp2] Iteration 30/100 - Archive: 11
[P-ACO-imp2] Iteration 40/100 - Archive: 10
[P-ACO-imp2] Iteration 50/100 - Archive: 10
[P-ACO-imp2] Iteration 60/100 - Archive: 10
[P-ACO-imp2] Iteration 70/100 - Archive: 9
[P-ACO-imp2] Iteration 80/100 - Archive: 10
[P-ACO-imp2] Iteration 90/100 - Archive: 13
[P-ACO-imp2] Iteration 100/100 - Archive: 16
[P-ACO-imp2] Iteration 10/100 - Archive: 13
[P-ACO-imp2] Iteration 20/100 - Archive: 8
[P-ACO-imp2] Iteration 30/100 - Archive: 10
[P-ACO-imp2] Iteration 40/100 - Archive: 9
[P-ACO-imp2] Iteration 50/100 - Archive: 9
[P-ACO-imp2] Iteration 60/100 - Archive: 12
[P-ACO-imp2] Iteration 70/100 - Archive: 14
[P-ACO-imp2] Iteration 80/100 - Archive: 13
[P-ACO-imp2] Iteration 90/100 - Archive: 13
[P-ACO-imp2] Iteration 100/100 - Archive: 14
[P-ACO-imp2] Iteration 10/100 - Archive: 10
[P-ACO-imp2] Iteration 20/100 - Archive: 11
[P-ACO-imp2] Iteration 30/100 - Archive: 8
[P-ACO-imp2] Iteration 40/100 - Archive: 11
[P-ACO-imp2] Iteration 50/100 - Archive: 8
[P-ACO-imp2] Iteration 60/100 - Archive: 9
[P-ACO-imp2] Iteration 70/100 - Archive: 9
[P-ACO-imp2] Iteration 80/100 - Archive: 11
[P-ACO-imp2] Iteration 90/100 - Archive: 12
[P-ACO-imp2] Iteration 100/100 - Archive: 17
  Route plotted and saved to: C:\Users\23992\FURP-2026-XinyueXie-Truck-Drone-Routing\src\experiments\PACO+ALNS\results\20260807_w8\routes_imp2_100c_RC101_10V_high_min_cost.png
  Route plotted and saved to: C:\Users\23992\FURP-2026-XinyueXie-Truck-Drone-Routing\src\experiments\PACO+ALNS\results\20260807_w8\routes_imp2_100c_RC101_10V_high_min_tardiness.png
  Route plotted and saved to: C:\Users\23992\FURP-2026-XinyueXie-Truck-Drone-Routing\src\experiments\PACO+ALNS\results\20260807_w8\routes_imp2_100c_RC101_10V_high_compromise.png
[done] 100c_RC101_10V_high imp2 time=373.6s cost=694.1 tard=6378.5 sols=14.8
[PACO+ALNS ] Iteration 10/100 - Pareto Archive: 11
  ALNS weights: Destroy=['3.00', '2.98', '3.02', '3.00', '1.77'] Repair=['3.00', '3.00', '3.00']
[PACO+ALNS ] Iteration 20/100 - Pareto Archive: 11
  ALNS weights: Destroy=['3.00', '3.00', '3.00', '2.70', '2.67'] Repair=['3.00', '3.00', '2.84']
[PACO+ALNS ] Iteration 30/100 - Pareto Archive: 7
  ALNS weights: Destroy=['2.99', '2.95', '3.00', '3.00', '2.92'] Repair=['2.97', '3.00', '2.99']
[PACO+ALNS ] Iteration 40/100 - Pareto Archive: 7
  ALNS weights: Destroy=['2.92', '3.00', '3.00', '2.98', '2.98'] Repair=['2.88', '2.99', '3.00']
[PACO+ALNS ] Iteration 50/100 - Pareto Archive: 8
  ALNS weights: Destroy=['2.83', '3.00', '3.00', '3.00', '2.51'] Repair=['2.78', '2.96', '2.96']
[PACO+ALNS ] Iteration 60/100 - Pareto Archive: 8
  ALNS weights: Destroy=['2.89', '3.00', '3.00', '3.00', '2.89'] Repair=['2.90', '3.00', '3.00']
[PACO+ALNS ] Iteration 70/100 - Pareto Archive: 8
  ALNS weights: Destroy=['2.95', '3.00', '3.00', '3.00', '2.97'] Repair=['2.98', '3.00', '3.00']
[PACO+ALNS ] Iteration 80/100 - Pareto Archive: 8
  ALNS weights: Destroy=['3.00', '3.00', '3.00', '3.00', '2.99'] Repair=['3.00', '3.00', '3.00']
[PACO+ALNS ] Iteration 90/100 - Pareto Archive: 8
  ALNS weights: Destroy=['3.00', '3.00', '3.00', '3.00', '3.00'] Repair=['3.00', '3.00', '3.00']
[PACO+ALNS ] Iteration 100/100 - Pareto Archive: 8
  ALNS weights: Destroy=['2.88', '3.00', '3.00', '3.00', '3.00'] Repair=['2.97', '2.89', '2.94']
[PACO+ALNS ] Iteration 10/100 - Pareto Archive: 11
  ALNS weights: Destroy=['2.96', '3.00', '2.99', '2.86', '1.96'] Repair=['2.94', '2.89', '2.95']
[PACO+ALNS ] Iteration 20/100 - Pareto Archive: 11
  ALNS weights: Destroy=['2.99', '3.00', '2.95', '2.99', '2.46'] Repair=['2.96', '3.00', '3.00']
[PACO+ALNS ] Iteration 30/100 - Pareto Archive: 13
  ALNS weights: Destroy=['2.84', '3.00', '3.00', '3.00', '2.67'] Repair=['2.89', '3.00', '3.00']
[PACO+ALNS ] Iteration 40/100 - Pareto Archive: 13
  ALNS weights: Destroy=['3.00', '3.00', '3.00', '3.00', '2.89'] Repair=['3.00', '3.00', '3.00']
[PACO+ALNS ] Iteration 50/100 - Pareto Archive: 10
  ALNS weights: Destroy=['3.00', '3.00', '2.89', '2.96', '2.98'] Repair=['3.00', '3.00', '2.95']
[PACO+ALNS ] Iteration 60/100 - Pareto Archive: 11
  ALNS weights: Destroy=['2.90', '3.00', '3.00', '3.00', '2.98'] Repair=['2.92', '3.00', '3.00']
[PACO+ALNS ] Iteration 70/100 - Pareto Archive: 10
  ALNS weights: Destroy=['2.96', '2.99', '2.57', '2.99', '3.00'] Repair=['2.98', '2.91', '2.75']
[PACO+ALNS ] Iteration 80/100 - Pareto Archive: 10
  ALNS weights: Destroy=['2.82', '3.00', '2.39', '3.00', '3.00'] Repair=['2.49', '2.89', '3.00']
[PACO+ALNS ] Iteration 90/100 - Pareto Archive: 10
  ALNS weights: Destroy=['3.00', '3.00', '2.94', '3.00', '2.78'] Repair=['3.00', '2.99', '3.00']
[PACO+ALNS ] Iteration 100/100 - Pareto Archive: 11
  ALNS weights: Destroy=['3.00', '2.95', '2.97', '3.00', '2.92'] Repair=['3.00', '2.99', '3.00']
[PACO+ALNS ] Iteration 10/100 - Pareto Archive: 6
  ALNS weights: Destroy=['2.73', '3.00', '3.05', '2.94', '1.00'] Repair=['3.00', '2.77', '2.90']
[PACO+ALNS ] Iteration 20/100 - Pareto Archive: 8
  ALNS weights: Destroy=['2.70', '3.00', '3.00', '3.00', '1.96'] Repair=['2.70', '3.00', '2.95']
[PACO+ALNS ] Iteration 30/100 - Pareto Archive: 9
  ALNS weights: Destroy=['3.00', '3.00', '3.00', '3.00', '2.36'] Repair=['3.00', '3.00', '3.00']
[PACO+ALNS ] Iteration 40/100 - Pareto Archive: 9
  ALNS weights: Destroy=['3.00', '3.00', '3.06', '2.96', '2.61'] Repair=['2.99', '3.00', '3.00']
[PACO+ALNS ] Iteration 50/100 - Pareto Archive: 9
  ALNS weights: Destroy=['2.99', '3.00', '3.00', '3.00', '2.83'] Repair=['3.00', '3.00', '3.00']
[PACO+ALNS ] Iteration 60/100 - Pareto Archive: 5
  ALNS weights: Destroy=['3.00', '3.00', '3.00', '3.00', '2.91'] Repair=['3.00', '3.00', '3.00']
[PACO+ALNS ] Iteration 70/100 - Pareto Archive: 6
  ALNS weights: Destroy=['3.00', '3.00', '3.00', '3.00', '2.93'] Repair=['3.00', '3.00', '3.00']
[PACO+ALNS ] Iteration 80/100 - Pareto Archive: 6
  ALNS weights: Destroy=['2.95', '3.00', '3.00', '3.00', '2.95'] Repair=['3.00', '2.99', '2.92']
[PACO+ALNS ] Iteration 90/100 - Pareto Archive: 8
  ALNS weights: Destroy=['2.93', '3.00', '3.00', '2.98', '2.97'] Repair=['3.00', '3.00', '2.94']
[PACO+ALNS ] Iteration 100/100 - Pareto Archive: 9
  ALNS weights: Destroy=['2.96', '3.00', '2.78', '3.00', '2.97'] Repair=['2.84', '3.00', '2.99']
[PACO+ALNS ] Iteration 10/100 - Pareto Archive: 7
  ALNS weights: Destroy=['2.99', '3.00', '2.83', '3.00', '2.68'] Repair=['3.00', '2.99', '3.00']
[PACO+ALNS ] Iteration 20/100 - Pareto Archive: 7
  ALNS weights: Destroy=['2.53', '3.00', '2.98', '3.00', '2.88'] Repair=['2.78', '2.74', '3.00']
[PACO+ALNS ] Iteration 30/100 - Pareto Archive: 7
  ALNS weights: Destroy=['3.00', '3.00', '3.00', '3.00', '2.92'] Repair=['3.00', '3.00', '3.00']
[PACO+ALNS ] Iteration 40/100 - Pareto Archive: 7
  ALNS weights: Destroy=['3.00', '3.00', '3.00', '3.00', '2.98'] Repair=['3.00', '3.00', '3.00']
[PACO+ALNS ] Iteration 50/100 - Pareto Archive: 8
  ALNS weights: Destroy=['2.99', '3.00', '3.00', '3.00', '2.99'] Repair=['3.00', '3.00', '2.99']
[PACO+ALNS ] Iteration 60/100 - Pareto Archive: 11
  ALNS weights: Destroy=['2.85', '3.00', '3.00', '2.97', '3.00'] Repair=['3.00', '2.99', '2.75']
[PACO+ALNS ] Iteration 70/100 - Pareto Archive: 10
  ALNS weights: Destroy=['3.00', '3.00', '3.00', '3.00', '3.00'] Repair=['3.00', '3.00', '3.00']
[PACO+ALNS ] Iteration 80/100 - Pareto Archive: 10
  ALNS weights: Destroy=['2.99', '3.00', '3.00', '2.87', '3.00'] Repair=['2.87', '2.98', '3.00']
[PACO+ALNS ] Iteration 90/100 - Pareto Archive: 10
  ALNS weights: Destroy=['3.00', '3.00', '3.00', '3.00', '3.00'] Repair=['2.99', '3.00', '3.00']
[PACO+ALNS ] Iteration 100/100 - Pareto Archive: 10
  ALNS weights: Destroy=['3.00', '3.00', '2.87', '2.90', '3.00'] Repair=['2.87', '2.99', '3.00']
[PACO+ALNS ] Iteration 10/100 - Pareto Archive: 13
  ALNS weights: Destroy=['3.00', '3.03', '2.79', '2.93', '2.62'] Repair=['3.00', '3.00', '2.81']
[PACO+ALNS ] Iteration 20/100 - Pareto Archive: 10
  ALNS weights: Destroy=['2.76', '3.03', '2.97', '3.00', '2.77'] Repair=['2.77', '3.01', '2.98']
[PACO+ALNS ] Iteration 30/100 - Pareto Archive: 9
  ALNS weights: Destroy=['2.87', '3.00', '3.00', '2.97', '2.92'] Repair=['2.98', '2.90', '2.91']
[PACO+ALNS ] Iteration 40/100 - Pareto Archive: 11
  ALNS weights: Destroy=['2.99', '3.00', '3.00', '3.00', '2.95'] Repair=['2.99', '3.00', '3.00']
[PACO+ALNS ] Iteration 50/100 - Pareto Archive: 16
  ALNS weights: Destroy=['3.00', '3.30', '3.00', '3.00', '2.97'] Repair=['3.00', '3.22', '3.00']
[PACO+ALNS ] Iteration 60/100 - Pareto Archive: 17
  ALNS weights: Destroy=['2.70', '3.00', '3.00', '3.00', '2.99'] Repair=['3.00', '2.70', '3.00']
[PACO+ALNS ] Iteration 70/100 - Pareto Archive: 16
  ALNS weights: Destroy=['3.00', '3.00', '3.00', '3.02', '2.99'] Repair=['3.00', '3.00', '3.01']
[PACO+ALNS ] Iteration 80/100 - Pareto Archive: 11
  ALNS weights: Destroy=['2.91', '3.00', '2.92', '3.00', '3.00'] Repair=['2.99', '2.90', '2.98']
[PACO+ALNS ] Iteration 90/100 - Pareto Archive: 12
  ALNS weights: Destroy=['2.92', '3.00', '2.99', '3.00', '3.00'] Repair=['3.00', '3.00', '2.93']
[PACO+ALNS ] Iteration 100/100 - Pareto Archive: 11
  ALNS weights: Destroy=['3.25', '3.00', '3.25', '3.00', '3.00'] Repair=['3.00', '3.00', '3.32']
[PACO+ALNS ] Iteration 10/100 - Pareto Archive: 11
  ALNS weights: Destroy=['2.99', '3.01', '2.99', '3.00', '2.47'] Repair=['3.00', '3.00', '3.00']
[PACO+ALNS ] Iteration 20/100 - Pareto Archive: 9
  ALNS weights: Destroy=['2.96', '3.00', '3.00', '3.00', '2.68'] Repair=['3.00', '2.97', '3.00']
[PACO+ALNS ] Iteration 30/100 - Pareto Archive: 9
  ALNS weights: Destroy=['3.00', '3.00', '3.00', '3.00', '2.80'] Repair=['3.00', '3.00', '3.00']
[PACO+ALNS ] Iteration 40/100 - Pareto Archive: 9
  ALNS weights: Destroy=['2.90', '3.00', '3.00', '3.00', '2.71'] Repair=['2.88', '3.00', '3.00']
[PACO+ALNS ] Iteration 50/100 - Pareto Archive: 10
  ALNS weights: Destroy=['2.96', '3.00', '3.00', '2.95', '2.87'] Repair=['2.97', '3.00', '2.95'][P-ACO-imp2] Iteration 10/100 - Archive: 11
[P-ACO-imp2] Iteration 20/100 - Archive: 10
[P-ACO-imp2] Iteration 30/100 - Archive: 11
[P-ACO-imp2] Iteration 40/100 - Archive: 14
[P-ACO-imp2] Iteration 50/100 - Archive: 14
[P-ACO-imp2] Iteration 60/100 - Archive: 13
[P-ACO-imp2] Iteration 70/100 - Archive: 14
[P-ACO-imp2] Iteration 80/100 - Archive: 16
[P-ACO-imp2] Iteration 90/100 - Archive: 17
[P-ACO-imp2] Iteration 100/100 - Archive: 18
[P-ACO-imp2] Iteration 10/100 - Archive: 10
[P-ACO-imp2] Iteration 20/100 - Archive: 12
[P-ACO-imp2] Iteration 30/100 - Archive: 12
[P-ACO-imp2] Iteration 40/100 - Archive: 12
[P-ACO-imp2] Iteration 50/100 - Archive: 12
[P-ACO-imp2] Iteration 60/100 - Archive: 8
[P-ACO-imp2] Iteration 70/100 - Archive: 10
[P-ACO-imp2] Iteration 80/100 - Archive: 14
[P-ACO-imp2] Iteration 90/100 - Archive: 11
[P-ACO-imp2] Iteration 100/100 - Archive: 9
[P-ACO-imp2] Iteration 10/100 - Archive: 6
[P-ACO-imp2] Iteration 20/100 - Archive: 8
[P-ACO-imp2] Iteration 30/100 - Archive: 13
[P-ACO-imp2] Iteration 40/100 - Archive: 12
[P-ACO-imp2] Iteration 50/100 - Archive: 13
[P-ACO-imp2] Iteration 60/100 - Archive: 8
[P-ACO-imp2] Iteration 70/100 - Archive: 10
[P-ACO-imp2] Iteration 80/100 - Archive: 12
[P-ACO-imp2] Iteration 90/100 - Archive: 14
[P-ACO-imp2] Iteration 100/100 - Archive: 15
[P-ACO-imp2] Iteration 10/100 - Archive: 5
[P-ACO-imp2] Iteration 20/100 - Archive: 14
[P-ACO-imp2] Iteration 30/100 - Archive: 14
[P-ACO-imp2] Iteration 40/100 - Archive: 12
[P-ACO-imp2] Iteration 50/100 - Archive: 17
[P-ACO-imp2] Iteration 60/100 - Archive: 18
[P-ACO-imp2] Iteration 70/100 - Archive: 19
[P-ACO-imp2] Iteration 80/100 - Archive: 20
[P-ACO-imp2] Iteration 90/100 - Archive: 21
[P-ACO-imp2] Iteration 100/100 - Archive: 22
[P-ACO-imp2] Iteration 10/100 - Archive: 6
[P-ACO-imp2] Iteration 20/100 - Archive: 7
[P-ACO-imp2] Iteration 30/100 - Archive: 12
[P-ACO-imp2] Iteration 40/100 - Archive: 15
[P-ACO-imp2] Iteration 50/100 - Archive: 15
[P-ACO-imp2] Iteration 60/100 - Archive: 16
[P-ACO-imp2] Iteration 70/100 - Archive: 21
[P-ACO-imp2] Iteration 80/100 - Archive: 18
[P-ACO-imp2] Iteration 90/100 - Archive: 14
[P-ACO-imp2] Iteration 100/100 - Archive: 16
[P-ACO-imp2] Iteration 10/100 - Archive: 4
[P-ACO-imp2] Iteration 20/100 - Archive: 9
[P-ACO-imp2] Iteration 30/100 - Archive: 10
[P-ACO-imp2] Iteration 40/100 - Archive: 11
[P-ACO-imp2] Iteration 50/100 - Archive: 11
[P-ACO-imp2] Iteration 60/100 - Archive: 13
[P-ACO-imp2] Iteration 70/100 - Archive: 14
[P-ACO-imp2] Iteration 80/100 - Archive: 16
[P-ACO-imp2] Iteration 90/100 - Archive: 19
[P-ACO-imp2] Iteration 100/100 - Archive: 18
[P-ACO-imp2] Iteration 10/100 - Archive: 10
[P-ACO-imp2] Iteration 20/100 - Archive: 13
[P-ACO-imp2] Iteration 30/100 - Archive: 14
[P-ACO-imp2] Iteration 40/100 - Archive: 11
[P-ACO-imp2] Iteration 50/100 - Archive: 13
[P-ACO-imp2] Iteration 60/100 - Archive: 15
[P-ACO-imp2] Iteration 70/100 - Archive: 17
[P-ACO-imp2] Iteration 80/100 - Archive: 14
[P-ACO-imp2] Iteration 90/100 - Archive: 15
[P-ACO-imp2] Iteration 100/100 - Archive: 15
[P-ACO-imp2] Iteration 10/100 - Archive: 10
[P-ACO-imp2] Iteration 20/100 - Archive: 9
[P-ACO-imp2] Iteration 30/100 - Archive: 13
[P-ACO-imp2] Iteration 40/100 - Archive: 15
[P-ACO-imp2] Iteration 50/100 - Archive: 17
[P-ACO-imp2] Iteration 60/100 - Archive: 18
[P-ACO-imp2] Iteration 70/100 - Archive: 17
[P-ACO-imp2] Iteration 80/100 - Archive: 13
[P-ACO-imp2] Iteration 90/100 - Archive: 13
[P-ACO-imp2] Iteration 100/100 - Archive: 11
[P-ACO-imp2] Iteration 10/100 - Archive: 8
[P-ACO-imp2] Iteration 20/100 - Archive: 8
[P-ACO-imp2] Iteration 30/100 - Archive: 11
[P-ACO-imp2] Iteration 40/100 - Archive: 8
[P-ACO-imp2] Iteration 50/100 - Archive: 10
[P-ACO-imp2] Iteration 60/100 - Archive: 13
[P-ACO-imp2] Iteration 70/100 - Archive: 16
[P-ACO-imp2] Iteration 80/100 - Archive: 10
[P-ACO-imp2] Iteration 90/100 - Archive: 10
[P-ACO-imp2] Iteration 100/100 - Archive: 10
[P-ACO-imp2] Iteration 10/100 - Archive: 5
[P-ACO-imp2] Iteration 20/100 - Archive: 14
[P-ACO-imp2] Iteration 30/100 - Archive: 20
[P-ACO-imp2] Iteration 40/100 - Archive: 22
[P-ACO-imp2] Iteration 50/100 - Archive: 25
[P-ACO-imp2] Iteration 60/100 - Archive: 23
[P-ACO-imp2] Iteration 70/100 - Archive: 24
[P-ACO-imp2] Iteration 80/100 - Archive: 25
[P-ACO-imp2] Iteration 90/100 - Archive: 27
[P-ACO-imp2] Iteration 100/100 - Archive: 29
  Route plotted and saved to: C:\Users\23992\FURP-2026-XinyueXie-Truck-Drone-Routing\src\experiments\PACO+ALNS\results\20260807_w8\routes_imp2_100c_RC201_10V_high_min_cost.png
  Route plotted and saved to: C:\Users\23992\FURP-2026-XinyueXie-Truck-Drone-Routing\src\experiments\PACO+ALNS\results\20260807_w8\routes_imp2_100c_RC201_10V_high_min_tardiness.png
  Route plotted and saved to: C:\Users\23992\FURP-2026-XinyueXie-Truck-Drone-Routing\src\experiments\PACO+ALNS\results\20260807_w8\routes_imp2_100c_RC201_10V_high_compromise.png
[done] 100c_RC201_10V_high imp2 time=390.1s cost=748.4 tard=10057.5 sols=16.3

[PACO+ALNS ] Iteration 60/100 - Pareto Archive: 7
  ALNS weights: Destroy=['2.70', '3.00', '2.87', '3.00', '2.80'] Repair=['3.00', '2.66', '2.98']
[PACO+ALNS ] Iteration 70/100 - Pareto Archive: 9
  ALNS weights: Destroy=['3.27', '2.82', '2.99', '2.98', '2.64'] Repair=['2.98', '3.00', '2.99']
[PACO+ALNS ] Iteration 80/100 - Pareto Archive: 9
  ALNS weights: Destroy=['2.82', '2.92', '3.00', '2.99', '2.88'] Repair=['3.00', '3.00', '2.80']
[PACO+ALNS ] Iteration 90/100 - Pareto Archive: 9
  ALNS weights: Destroy=['3.00', '2.99', '3.00', '2.84', '2.98'] Repair=['3.00', '3.00', '2.86']
[PACO+ALNS ] Iteration 100/100 - Pareto Archive: 9
  ALNS weights: Destroy=['3.00', '2.59', '2.97', '3.00', '2.84'] Repair=['2.99', '2.84', '2.97']
[PACO+ALNS ] Iteration 10/100 - Pareto Archive: 8
  ALNS weights: Destroy=['2.99', '3.00', '3.02', '2.99', '3.02'] Repair=['3.00', '3.00', '2.99']
[PACO+ALNS ] Iteration 20/100 - Pareto Archive: 9
  ALNS weights: Destroy=['2.44', '3.00', '2.93', '2.99', '3.01'] Repair=['2.43', '3.00', '3.00']
[PACO+ALNS ] Iteration 30/100 - Pareto Archive: 9
  ALNS weights: Destroy=['2.67', '3.00', '2.94', '2.78', '3.00'] Repair=['2.81', '2.74', '2.97']
[PACO+ALNS ] Iteration 40/100 - Pareto Archive: 15
  ALNS weights: Destroy=['3.00', '3.00', '2.95', '3.00', '3.00'] Repair=['3.00', '3.00', '3.00']
[PACO+ALNS ] Iteration 50/100 - Pareto Archive: 15
  ALNS weights: Destroy=['2.56', '2.89', '2.92', '2.76', '2.75'] Repair=['2.75', '2.73', '2.81']
[PACO+ALNS ] Iteration 60/100 - Pareto Archive: 17
  ALNS weights: Destroy=['2.99', '3.22', '3.00', '2.96', '2.95'] Repair=['3.00', '3.13', '2.98']
[PACO+ALNS ] Iteration 70/100 - Pareto Archive: 15
  ALNS weights: Destroy=['2.73', '2.97', '2.99', '2.69', '3.00'] Repair=['3.00', '2.56', '2.99']
[PACO+ALNS ] Iteration 80/100 - Pareto Archive: 15
  ALNS weights: Destroy=['3.00', '2.97', '3.04', '2.74', '3.00'] Repair=['2.79', '2.98', '3.00']
[PACO+ALNS ] Iteration 90/100 - Pareto Archive: 12
  ALNS weights: Destroy=['2.74', '2.98', '3.00', '3.00', '2.97'] Repair=['2.74', '3.00', '3.00']
[PACO+ALNS ] Iteration 100/100 - Pareto Archive: 12
  ALNS weights: Destroy=['2.72', '2.92', '3.00', '2.98', '3.00'] Repair=['2.95', '2.89', '2.95']
[PACO+ALNS ] Iteration 10/100 - Pareto Archive: 10
  ALNS weights: Destroy=['2.74', '3.01', '3.00', '3.00', '2.67'] Repair=['2.92', '2.84', '2.82']
[PACO+ALNS ] Iteration 20/100 - Pareto Archive: 8
  ALNS weights: Destroy=['2.86', '3.00', '3.00', '2.88', '2.92'] Repair=['2.97', '2.97', '2.87']
[PACO+ALNS ] Iteration 30/100 - Pareto Archive: 11
  ALNS weights: Destroy=['2.96', '3.00', '3.00', '2.99', '2.99'] Repair=['3.00', '2.98', '2.99']
[PACO+ALNS ] Iteration 40/100 - Pareto Archive: 15
  ALNS weights: Destroy=['2.63', '3.00', '3.00', '3.00', '2.74'] Repair=['2.74', '2.95', '2.92']
[PACO+ALNS ] Iteration 50/100 - Pareto Archive: 14
  ALNS weights: Destroy=['2.85', '3.00', '3.00', '3.00', '2.99'] Repair=['2.90', '3.00', '2.92']
[PACO+ALNS ] Iteration 60/100 - Pareto Archive: 16
  ALNS weights: Destroy=['2.86', '2.96', '2.89', '2.66', '2.99'] Repair=['3.00', '2.99', '2.53']
[PACO+ALNS ] Iteration 70/100 - Pareto Archive: 15
  ALNS weights: Destroy=['2.98', '2.94', '3.00', '2.90', '2.95'] Repair=['3.00', '2.99', '2.73']
[PACO+ALNS ] Iteration 80/100 - Pareto Archive: 17
  ALNS weights: Destroy=['2.94', '2.99', '3.00', '2.50', '2.70'] Repair=['2.68', '2.93', '2.73']
[PACO+ALNS ] Iteration 90/100 - Pareto Archive: 20
  ALNS weights: Destroy=['2.78', '2.93', '3.00', '2.99', '2.76'] Repair=['2.99', '2.80', '2.84']
[PACO+ALNS ] Iteration 100/100 - Pareto Archive: 19
  ALNS weights: Destroy=['2.63', '2.74', '2.87', '2.99', '2.99'] Repair=['3.00', '2.74', '2.71']
[PACO+ALNS ] Iteration 10/100 - Pareto Archive: 10
  ALNS weights: Destroy=['2.89', '2.96', '3.00', '3.00', '2.36'] Repair=['3.00', '2.82', '2.99']
[PACO+ALNS ] Iteration 20/100 - Pareto Archive: 14
  ALNS weights: Destroy=['2.42', '3.00', '3.00', '2.99', '2.61'] Repair=['2.79', '2.69', '2.96']
[PACO+ALNS ] Iteration 30/100 - Pareto Archive: 11
  ALNS weights: Destroy=['2.98', '2.84', '3.00', '2.83', '2.87'] Repair=['2.71', '3.00', '2.96']
[PACO+ALNS ] Iteration 40/100 - Pareto Archive: 12
  ALNS weights: Destroy=['2.90', '3.00', '3.00', '3.00', '2.97'] Repair=['3.00', '3.00', '2.99']
[PACO+ALNS ] Iteration 50/100 - Pareto Archive: 17
  ALNS weights: Destroy=['2.84', '2.98', '3.00', '3.00', '2.99'] Repair=['3.00', '3.00', '2.90']
[PACO+ALNS ] Iteration 60/100 - Pareto Archive: 16
  ALNS weights: Destroy=['2.66', '2.96', '3.00', '3.00', '3.00'] Repair=['3.00', '2.97', '2.81']
[PACO+ALNS ] Iteration 70/100 - Pareto Archive: 18
  ALNS weights: Destroy=['2.37', '2.86', '2.96', '2.74', '3.00'] Repair=['2.71', '2.90', '2.58']
[PACO+ALNS ] Iteration 80/100 - Pareto Archive: 15
  ALNS weights: Destroy=['2.87', '2.67', '3.00', '2.92', '3.00'] Repair=['2.95', '2.92', '2.76']
[PACO+ALNS ] Iteration 90/100 - Pareto Archive: 17
  ALNS weights: Destroy=['2.59', '3.00', '2.94', '2.87', '3.00'] Repair=['2.92', '2.73', '2.85']
[PACO+ALNS ] Iteration 100/100 - Pareto Archive: 20
  ALNS weights: Destroy=['2.89', '2.85', '2.84', '2.88', '3.00'] Repair=['2.84', '2.92', '2.91']
[PACO+ALNS ] Iteration 10/100 - Pareto Archive: 7
  ALNS weights: Destroy=['2.99', '2.98', '2.98', '2.98', '2.11'] Repair=['2.98', '3.00', '2.99']
[PACO+ALNS ] Iteration 20/100 - Pareto Archive: 8
  ALNS weights: Destroy=['3.00', '3.00', '3.00', '3.00', '2.32'] Repair=['3.00', '3.00', '3.00']
[PACO+ALNS ] Iteration 30/100 - Pareto Archive: 12
  ALNS weights: Destroy=['2.96', '2.99', '3.00', '3.00', '2.51'] Repair=['3.00', '2.99', '3.00']
[PACO+ALNS ] Iteration 40/100 - Pareto Archive: 6
  ALNS weights: Destroy=['2.94', '2.70', '3.00', '2.77', '2.65'] Repair=['2.97', '2.53', '2.77']
[PACO+ALNS ] Iteration 50/100 - Pareto Archive: 8
  ALNS weights: Destroy=['3.00', '3.00', '2.93', '3.00', '2.72'] Repair=['2.99', '3.00', '3.00']
[PACO+ALNS ] Iteration 60/100 - Pareto Archive: 12
  ALNS weights: Destroy=['2.99', '3.00', '3.00', '2.94', '2.53'] Repair=['2.84', '2.93', '2.99']
[PACO+ALNS ] Iteration 70/100 - Pareto Archive: 10
  ALNS weights: Destroy=['2.96', '2.96', '3.00', '3.00', '2.65'] Repair=['2.95', '2.99', '2.99']
[PACO+ALNS ] Iteration 80/100 - Pareto Archive: 14
  ALNS weights: Destroy=['2.99', '3.00', '3.03', '3.00', '2.90'] Repair=['3.00', '3.00', '3.00']
[PACO+ALNS ] Iteration 90/100 - Pareto Archive: 16
  ALNS weights: Destroy=['2.06', '2.90', '2.92', '3.00', '2.83'] Repair=['2.79', '2.91', '2.91']
[PACO+ALNS ] Iteration 100/100 - Pareto Archive: 19
  ALNS weights: Destroy=['2.49', '2.94', '2.98', '2.96', '2.91'] Repair=['2.62', '3.00', '2.91']
  Route plotted and saved to: C:\Users\23992\FURP-2026-XinyueXie-Truck-Drone-Routing\src\experiments\PACO+ALNS\results\20260807_w8\routes_w7_100c_RC101_10V_medium_min_cost.png
  Route plotted and saved to: C:\Users\23992\FURP-2026-XinyueXie-Truck-Drone-Routing\src\experiments\PACO+ALNS\results\20260807_w8\routes_w7_100c_RC101_10V_medium_min_tardiness.png
  Route plotted and saved to: C:\Users\23992\FURP-2026-XinyueXie-Truck-Drone-Routing\src\experiments\PACO+ALNS\results\20260807_w8\routes_w7_100c_RC101_10V_medium_compromise.png
[done] 100c_RC101_10V_medium w7 time=439.0s cost=698.2 tard=3639.2 sols=14.9

[PACO+ALNS ] Iteration 60/100 - Pareto Archive: 12
  ALNS weights: Destroy=['2.86', '3.00', '3.00', '3.00', '2.93'] Repair=['3.00', '2.81', '3.00']
[PACO+ALNS ] Iteration 70/100 - Pareto Archive: 15
  ALNS weights: Destroy=['2.66', '3.00', '3.00', '2.99', '2.81'] Repair=['2.61', '2.97', '2.90']
[PACO+ALNS ] Iteration 80/100 - Pareto Archive: 16
  ALNS weights: Destroy=['2.78', '2.89', '3.00', '2.86', '2.95'] Repair=['2.98', '2.90', '2.74']
[PACO+ALNS ] Iteration 90/100 - Pareto Archive: 18
  ALNS weights: Destroy=['2.64', '2.67', '2.84', '2.97', '2.97'] Repair=['2.95', '2.77', '2.71']
[PACO+ALNS ] Iteration 100/100 - Pareto Archive: 19
  ALNS weights: Destroy=['2.81', '2.98', '2.82', '2.99', '2.99'] Repair=['2.77', '3.00', '2.99']
[PACO+ALNS ] Iteration 10/100 - Pareto Archive: 10
  ALNS weights: Destroy=['2.90', '3.00', '3.00', '3.00', '2.96'] Repair=['3.00', '2.94', '2.97']
[PACO+ALNS ] Iteration 20/100 - Pareto Archive: 14
  ALNS weights: Destroy=['2.84', '2.92', '3.00', '2.94', '2.88'] Repair=['2.78', '2.97', '2.97']
[PACO+ALNS ] Iteration 30/100 - Pareto Archive: 15
  ALNS weights: Destroy=['2.98', '3.00', '2.89', '2.93', '2.77'] Repair=['2.99', '2.95', '3.00']
[PACO+ALNS ] Iteration 40/100 - Pareto Archive: 15
  ALNS weights: Destroy=['2.97', '2.99', '2.99', '2.99', '2.91'] Repair=['2.99', '2.98', '3.00']
[PACO+ALNS ] Iteration 50/100 - Pareto Archive: 20
  ALNS weights: Destroy=['2.53', '2.99', '3.00', '2.98', '2.96'] Repair=['3.00', '3.00', '2.52']
[PACO+ALNS ] Iteration 60/100 - Pareto Archive: 17
  ALNS weights: Destroy=['2.90', '3.00', '2.08', '2.99', '2.99'] Repair=['2.83', '3.00', '2.65']
[PACO+ALNS ] Iteration 70/100 - Pareto Archive: 18
  ALNS weights: Destroy=['2.89', '3.00', '2.86', '3.00', '3.00'] Repair=['3.00', '2.99', '2.94']
[PACO+ALNS ] Iteration 80/100 - Pareto Archive: 15
  ALNS weights: Destroy=['3.00', '3.00', '3.00', '3.00', '3.00'] Repair=['3.00', '3.00', '3.00']
[PACO+ALNS ] Iteration 90/100 - Pareto Archive: 12
  ALNS weights: Destroy=['2.59', '2.86', '3.00', '3.00', '2.53'] Repair=['2.65', '2.86', '2.71']
[PACO+ALNS ] Iteration 100/100 - Pareto Archive: 14
  ALNS weights: Destroy=['2.89', '3.00', '3.00', '2.99', '2.99'] Repair=['3.00', '3.00', '2.89']
[PACO+ALNS ] Iteration 10/100 - Pareto Archive: 8
  ALNS weights: Destroy=['2.69', '3.00', '3.00', '3.00', '2.92'] Repair=['2.70', '3.00', '3.00']
[PACO+ALNS ] Iteration 20/100 - Pareto Archive: 9
  ALNS weights: Destroy=['3.00', '2.99', '2.75', '3.00', '2.99'] Repair=['3.00', '3.00', '2.74']
[PACO+ALNS ] Iteration 30/100 - Pareto Archive: 11
  ALNS weights: Destroy=['2.48', '3.00', '2.99', '2.88', '3.00'] Repair=['2.94', '2.60', '3.00']
[PACO+ALNS ] Iteration 40/100 - Pareto Archive: 11
  ALNS weights: Destroy=['2.86', '3.00', '2.78', '3.00', '2.90'] Repair=['2.81', '3.00', '2.90']
[PACO+ALNS ] Iteration 50/100 - Pareto Archive: 14
  ALNS weights: Destroy=['2.95', '2.99', '3.00', '3.00', '2.99'] Repair=['3.00', '2.99', '3.00']
[PACO+ALNS ] Iteration 60/100 - Pareto Archive: 14
  ALNS weights: Destroy=['2.89', '2.70', '3.00', '2.99', '3.00'] Repair=['2.73', '2.93', '3.00']
[PACO+ALNS ] Iteration 70/100 - Pareto Archive: 14
  ALNS weights: Destroy=['2.68', '2.98', '2.87', '3.00', '3.00'] Repair=['2.59', '2.99', '3.00']
[PACO+ALNS ] Iteration 80/100 - Pareto Archive: 16
  ALNS weights: Destroy=['2.66', '3.00', '2.99', '2.74', '2.85'] Repair=['2.81', '2.85', '2.76']
[PACO+ALNS ] Iteration 90/100 - Pareto Archive: 17
  ALNS weights: Destroy=['3.00', '3.00', '2.64', '2.87', '2.95'] Repair=['2.84', '2.99', '2.70']
[PACO+ALNS ] Iteration 100/100 - Pareto Archive: 18
  ALNS weights: Destroy=['2.98', '3.00', '2.99', '3.00', '3.00'] Repair=['3.00', '2.99', '3.00']
[PACO+ALNS ] Iteration 10/100 - Pareto Archive: 9
  ALNS weights: Destroy=['2.88', '2.92', '3.21', '3.00', '2.99'] Repair=['3.22', '2.98', '3.00']
[PACO+ALNS ] Iteration 20/100 - Pareto Archive: 12
  ALNS weights: Destroy=['2.64', '2.96', '3.02', '2.88', '3.00'] Repair=['2.91', '2.99', '2.67']
[PACO+ALNS ] Iteration 30/100 - Pareto Archive: 12
  ALNS weights: Destroy=['2.77', '3.00', '3.00', '2.92', '3.00'] Repair=['2.99', '2.84', '2.93']
[PACO+ALNS ] Iteration 40/100 - Pareto Archive: 12
  ALNS weights: Destroy=['2.63', '2.98', '2.85', '3.00', '2.95'] Repair=['2.87', '2.99', '2.78']
[PACO+ALNS ] Iteration 50/100 - Pareto Archive: 13
  ALNS weights: Destroy=['2.84', '3.00', '2.99', '2.87', '2.88'] Repair=['2.98', '2.91', '2.89']
[PACO+ALNS ] Iteration 60/100 - Pareto Archive: 13
  ALNS weights: Destroy=['2.99', '3.00', '3.00', '2.91', '2.87'] Repair=['3.00', '2.98', '2.90']
[PACO+ALNS ] Iteration 70/100 - Pareto Archive: 12
  ALNS weights: Destroy=['2.69', '3.00', '3.00', '3.00', '2.73'] Repair=['2.98', '2.48', '3.00']
[PACO+ALNS ] Iteration 80/100 - Pareto Archive: 12
  ALNS weights: Destroy=['3.00', '3.00', '3.00', '3.00', '2.98'] Repair=['3.00', '3.00', '3.00']
[PACO+ALNS ] Iteration 90/100 - Pareto Archive: 11
  ALNS weights: Destroy=['2.39', '2.99', '3.00', '2.74', '3.00'] Repair=['2.93', '2.55', '2.89']
[PACO+ALNS ] Iteration 100/100 - Pareto Archive: 12
  ALNS weights: Destroy=['2.89', '3.00', '2.65', '3.00', '2.96'] Repair=['3.00', '3.00', '2.89']
[PACO+ALNS ] Iteration 10/100 - Pareto Archive: 6
  ALNS weights: Destroy=['2.74', '3.00', '2.70', '3.00', '2.59'] Repair=['3.00', '3.00', '2.47']
[PACO+ALNS ] Iteration 20/100 - Pareto Archive: 10
  ALNS weights: Destroy=['2.87', '3.00', '2.99', '3.00', '2.85'] Repair=['3.00', '3.00', '2.86']
[PACO+ALNS ] Iteration 30/100 - Pareto Archive: 11
  ALNS weights: Destroy=['2.93', '3.00', '3.00', '2.97', '2.96'] Repair=['3.00', '2.99', '2.92']
[PACO+ALNS ] Iteration 40/100 - Pareto Archive: 14
  ALNS weights: Destroy=['2.98', '3.00', '3.00', '2.89', '2.98'] Repair=['3.00', '2.89', '3.00']
[PACO+ALNS ] Iteration 50/100 - Pareto Archive: 14
  ALNS weights: Destroy=['2.98', '2.78', '2.77', '3.00', '2.99'] Repair=['2.83', '2.97', '2.98']
[PACO+ALNS ] Iteration 60/100 - Pareto Archive: 13
  ALNS weights: Destroy=['2.93', '3.00', '2.66', '2.97', '2.94'] Repair=['2.99', '2.99', '2.80']
[PACO+ALNS ] Iteration 70/100 - Pareto Archive: 15
  ALNS weights: Destroy=['2.66', '2.90', '2.95', '2.86', '2.99'] Repair=['2.90', '2.81', '2.73']
[PACO+ALNS ] Iteration 80/100 - Pareto Archive: 15
  ALNS weights: Destroy=['2.91', '3.00', '2.99', '2.99', '2.99'] Repair=['2.87', '3.00', '2.99']
[PACO+ALNS ] Iteration 90/100 - Pareto Archive: 17
  ALNS weights: Destroy=['2.52', '3.00', '3.00', '2.53', '3.00'] Repair=['2.74', '2.82', '2.54']
[PACO+ALNS ] Iteration 100/100 - Pareto Archive: 12
  ALNS weights: Destroy=['2.90', '3.00', '3.00', '2.97', '2.94'] Repair=['2.97', '2.99', '2.94']
  Route plotted and saved to: C:\Users\23992\FURP-2026-XinyueXie-Truck-Drone-Routing\src\experiments\PACO+ALNS\results\20260807_w8\routes_w7_100c_RC201_10V_medium_min_cost.png
  Route plotted and saved to: C:\Users\23992\FURP-2026-XinyueXie-Truck-Drone-Routing\src\experiments\PACO+ALNS\results\20260807_w8\routes_w7_100c_RC201_10V_medium_min_tardiness.png
  Route plotted and saved to: C:\Users\23992\FURP-2026-XinyueXie-Truck-Drone-Routing\src\experiments\PACO+ALNS\results\20260807_w8\routes_w7_100c_RC201_10V_medium_compromise.png
[done] 100c_RC201_10V_medium w7 time=434.6s cost=727.9 tard=8202.6 sols=16.2

[PACO+ALNS ] Iteration 60/100 - Pareto Archive: 8
  ALNS weights: Destroy=['2.97', '3.00', '3.00', '3.00', '2.76'] Repair=['2.99', '3.00', '3.00']
[PACO+ALNS ] Iteration 70/100 - Pareto Archive: 8
  ALNS weights: Destroy=['2.74', '2.98', '3.00', '3.00', '2.93'] Repair=['2.70', '2.99', '2.99']
[PACO+ALNS ] Iteration 80/100 - Pareto Archive: 10
  ALNS weights: Destroy=['2.60', '3.00', '3.00', '3.00', '2.95'] Repair=['2.90', '2.70', '2.98']
[PACO+ALNS ] Iteration 90/100 - Pareto Archive: 11
  ALNS weights: Destroy=['2.99', '3.00', '3.00', '2.70', '2.98'] Repair=['3.00', '2.74', '3.00']
[PACO+ALNS ] Iteration 100/100 - Pareto Archive: 11
  ALNS weights: Destroy=['2.99', '3.00', '3.00', '3.00', '2.98'] Repair=['2.99', '3.00', '3.00']
[PACO+ALNS ] Iteration 10/100 - Pareto Archive: 7
  ALNS weights: Destroy=['2.50', '2.99', '2.83', '2.87', '1.77'] Repair=['3.00', '2.53', '2.70']
[PACO+ALNS ] Iteration 20/100 - Pareto Archive: 8
  ALNS weights: Destroy=['2.75', '3.01', '2.99', '3.00', '2.25'] Repair=['3.00', '2.84', '2.84']
[PACO+ALNS ] Iteration 30/100 - Pareto Archive: 12
  ALNS weights: Destroy=['3.00', '3.00', '3.00', '2.92', '2.67'] Repair=['2.94', '3.00', '3.00']
[PACO+ALNS ] Iteration 40/100 - Pareto Archive: 11
  ALNS weights: Destroy=['3.00', '3.00', '3.00', '2.92', '2.83'] Repair=['3.00', '2.95', '3.00']
[PACO+ALNS ] Iteration 50/100 - Pareto Archive: 9
  ALNS weights: Destroy=['3.00', '3.00', '3.00', '2.84', '2.92'] Repair=['3.00', '3.00', '2.78']
[PACO+ALNS ] Iteration 60/100 - Pareto Archive: 9
  ALNS weights: Destroy=['2.70', '3.00', '3.00', '3.00', '2.97'] Repair=['2.74', '3.00', '3.00']
[PACO+ALNS ] Iteration 70/100 - Pareto Archive: 8
  ALNS weights: Destroy=['3.06', '3.00', '3.00', '3.08', '2.98'] Repair=['3.06', '3.11', '3.00']
[PACO+ALNS ] Iteration 80/100 - Pareto Archive: 7
  ALNS weights: Destroy=['2.97', '3.00', '3.00', '3.00', '2.99'] Repair=['2.95', '3.00', '3.00']
[PACO+ALNS ] Iteration 90/100 - Pareto Archive: 7
  ALNS weights: Destroy=['2.98', '3.00', '3.00', '2.89', '3.00'] Repair=['2.78', '3.00', '2.98']
[PACO+ALNS ] Iteration 100/100 - Pareto Archive: 10
  ALNS weights: Destroy=['2.87', '3.00', '3.00', '2.70', '3.00'] Repair=['2.70', '3.00', '2.88']
[PACO+ALNS ] Iteration 10/100 - Pareto Archive: 6
  ALNS weights: Destroy=['2.81', '3.03', '2.96', '3.00', '1.30'] Repair=['2.92', '3.00', '3.00']
[PACO+ALNS ] Iteration 20/100 - Pareto Archive: 6
  ALNS weights: Destroy=['2.97', '3.00', '3.00', '2.98', '2.46'] Repair=['3.00', '2.99', '2.99']
[PACO+ALNS ] Iteration 30/100 - Pareto Archive: 5
  ALNS weights: Destroy=['2.88', '3.00', '3.00', '3.00', '2.87'] Repair=['3.00', '2.98', '2.99']
[PACO+ALNS ] Iteration 40/100 - Pareto Archive: 7
  ALNS weights: Destroy=['2.70', '3.00', '3.00', '2.99', '2.93'] Repair=['2.99', '2.71', '3.00']
[PACO+ALNS ] Iteration 50/100 - Pareto Archive: 8
  ALNS weights: Destroy=['2.84', '3.00', '3.00', '3.00', '2.97'] Repair=['2.93', '3.00', '3.00']
[PACO+ALNS ] Iteration 60/100 - Pareto Archive: 10
  ALNS weights: Destroy=['2.94', '3.00', '3.00', '2.74', '2.98'] Repair=['2.66', '2.95', '3.00']
[PACO+ALNS ] Iteration 70/100 - Pareto Archive: 12
  ALNS weights: Destroy=['3.00', '2.79', '3.00', '3.00', '2.99'] Repair=['3.00', '2.96', '3.00']
[PACO+ALNS ] Iteration 80/100 - Pareto Archive: 15
  ALNS weights: Destroy=['2.86', '2.93', '3.00', '3.00', '2.99'] Repair=['2.90', '3.00', '2.96']
[PACO+ALNS ] Iteration 90/100 - Pareto Archive: 13
  ALNS weights: Destroy=['3.00', '3.16', '3.00', '2.98', '3.00'] Repair=['2.99', '2.98', '3.08']
[PACO+ALNS ] Iteration 100/100 - Pareto Archive: 16
  ALNS weights: Destroy=['2.98', '2.96', '3.00', '3.00', '3.00'] Repair=['2.97', '3.00', '2.99']
[PACO+ALNS ] Iteration 10/100 - Pareto Archive: 9
  ALNS weights: Destroy=['3.00', '3.01', '3.01', '2.97', '1.00'] Repair=['3.00', '3.00', '2.93']
[PACO+ALNS ] Iteration 20/100 - Pareto Archive: 11
  ALNS weights: Destroy=['2.99', '2.69', '3.00', '3.07', '1.56'] Repair=['2.99', '3.00', '2.75']
[PACO+ALNS ] Iteration 30/100 - Pareto Archive: 10
  ALNS weights: Destroy=['2.96', '3.00', '2.78', '2.98', '2.25'] Repair=['2.96', '3.00', '2.87']
[PACO+ALNS ] Iteration 40/100 - Pareto Archive: 12
  ALNS weights: Destroy=['2.86', '3.00', '3.00', '3.00', '2.54'] Repair=['3.00', '3.00', '2.92']
[PACO+ALNS ] Iteration 50/100 - Pareto Archive: 14
  ALNS weights: Destroy=['3.00', '2.95', '3.00', '2.96', '2.85'] Repair=['2.92', '3.00', '2.99']
[PACO+ALNS ] Iteration 60/100 - Pareto Archive: 11
  ALNS weights: Destroy=['3.00', '2.96', '2.78', '3.00', '2.95'] Repair=['3.00', '3.00', '2.86']
[PACO+ALNS ] Iteration 70/100 - Pareto Archive: 9
  ALNS weights: Destroy=['2.64', '3.08', '2.99', '2.90', '2.84'] Repair=['2.73', '2.91', '3.00']
[PACO+ALNS ] Iteration 80/100 - Pareto Archive: 11
  ALNS weights: Destroy=['3.10', '3.00', '3.00', '2.92', '2.82'] Repair=['3.07', '3.00', '2.92']
[PACO+ALNS ] Iteration 90/100 - Pareto Archive: 9
  ALNS weights: Destroy=['3.00', '3.00', '2.98', '2.82', '2.87'] Repair=['3.00', '3.00', '2.82']
[PACO+ALNS ] Iteration 100/100 - Pareto Archive: 10
  ALNS weights: Destroy=['3.00', '3.00', '3.00', '3.00', '2.69'] Repair=['3.00', '3.00', '3.00']
[PACO+ALNS ] Iteration 10/100 - Pareto Archive: 7
  ALNS weights: Destroy=['2.94', '3.00', '3.02', '2.97', '2.25'] Repair=['2.99', '2.99', '2.99']
[PACO+ALNS ] Iteration 20/100 - Pareto Archive: 6
  ALNS weights: Destroy=['3.00', '3.25', '3.00', '3.00', '2.36'] Repair=['3.00', '3.00', '3.16']
[PACO+ALNS ] Iteration 30/100 - Pareto Archive: 9
  ALNS weights: Destroy=['2.99', '3.01', '3.00', '2.94', '2.61'] Repair=['3.00', '2.90', '3.10']
[PACO+ALNS ] Iteration 40/100 - Pareto Archive: 9
  ALNS weights: Destroy=['2.99', '2.96', '2.97', '2.99', '2.67'] Repair=['2.99', '3.00', '2.99']
[PACO+ALNS ] Iteration 50/100 - Pareto Archive: 7
  ALNS weights: Destroy=['2.70', '3.00', '3.00', '2.98', '2.72'] Repair=['2.98', '3.00', '2.74']
[PACO+ALNS ] Iteration 60/100 - Pareto Archive: 8
  ALNS weights: Destroy=['3.00', '3.00', '3.00', '3.00', '2.79'] Repair=['3.00', '3.00', '3.00']
[PACO+ALNS ] Iteration 70/100 - Pareto Archive: 9
  ALNS weights: Destroy=['2.97', '3.00', '3.00', '2.84', '2.79'] Repair=['2.94', '3.00', '2.84']
[PACO+ALNS ] Iteration 80/100 - Pareto Archive: 9
  ALNS weights: Destroy=['3.00', '2.88', '2.89', '3.00', '2.83'] Repair=['2.94', '3.00', '2.98']
[PACO+ALNS ] Iteration 90/100 - Pareto Archive: 9
  ALNS weights: Destroy=['3.00', '3.00', '3.00', '3.00', '2.83'] Repair=['3.00', '3.00', '3.00']
[PACO+ALNS ] Iteration 100/100 - Pareto Archive: 10
  ALNS weights: Destroy=['3.00', '3.06', '3.00', '3.00', '2.91'] Repair=['3.00', '3.00', '3.02']
  Route plotted and saved to: C:\Users\23992\FURP-2026-XinyueXie-Truck-Drone-Routing\src\experiments\PACO+ALNS\results\20260807_w8\routes_w7_100c_RC101_10V_high_min_cost.png
  Route plotted and saved to: C:\Users\23992\FURP-2026-XinyueXie-Truck-Drone-Routing\src\experiments\PACO+ALNS\results\20260807_w8\routes_w7_100c_RC101_10V_high_min_tardiness.png
  Route plotted and saved to: C:\Users\23992\FURP-2026-XinyueXie-Truck-Drone-Routing\src\experiments\PACO+ALNS\results\20260807_w8\routes_w7_100c_RC101_10V_high_compromise.png
[done] 100c_RC101_10V_high w7 time=569.5s cost=713.4 tard=4715.5 sols=10.2

[PACO+ALNS ] Iteration 60/100 - Pareto Archive: 9
  ALNS weights: Destroy=['2.94', '3.00', '3.00', '3.00', '2.99'] Repair=['3.00', '2.95', '3.00']
[PACO+ALNS ] Iteration 70/100 - Pareto Archive: 10
  ALNS weights: Destroy=['2.71', '3.00', '3.00', '3.00', '3.00'] Repair=['3.00', '3.00', '2.70']
[PACO+ALNS ] Iteration 80/100 - Pareto Archive: 10
  ALNS weights: Destroy=['3.00', '3.00', '3.00', '3.00', '3.00'] Repair=['3.00', '3.00', '3.00']
[PACO+ALNS ] Iteration 90/100 - Pareto Archive: 11
  ALNS weights: Destroy=['2.94', '3.00', '3.00', '2.99', '3.00'] Repair=['2.97', '2.98', '3.00']
[PACO+ALNS ] Iteration 100/100 - Pareto Archive: 11
  ALNS weights: Destroy=['3.00', '3.00', '2.78', '3.00', '2.57'] Repair=['2.69', '3.00', '3.00']
[PACO+ALNS ] Iteration 10/100 - Pareto Archive: 13
  ALNS weights: Destroy=['3.00', '3.00', '2.85', '3.00', '2.49'] Repair=['3.00', '3.00', '3.00']
[PACO+ALNS ] Iteration 20/100 - Pareto Archive: 13
  ALNS weights: Destroy=['2.98', '3.00', '3.00', '2.82', '2.81'] Repair=['3.00', '3.00', '2.82']
[PACO+ALNS ] Iteration 30/100 - Pareto Archive: 7
  ALNS weights: Destroy=['3.00', '3.00', '3.00', '3.00', '2.95'] Repair=['3.00', '3.00', '3.00']
[PACO+ALNS ] Iteration 40/100 - Pareto Archive: 8
  ALNS weights: Destroy=['2.94', '3.00', '2.95', '2.99', '2.98'] Repair=['3.00', '2.88', '3.00']
[PACO+ALNS ] Iteration 50/100 - Pareto Archive: 10
  ALNS weights: Destroy=['2.74', '3.00', '2.99', '2.74', '3.00'] Repair=['2.70', '3.00', '2.72']
[PACO+ALNS ] Iteration 60/100 - Pareto Archive: 15
  ALNS weights: Destroy=['3.00', '3.00', '3.00', '3.00', '3.00'] Repair=['3.00', '3.00', '3.00']
[PACO+ALNS ] Iteration 70/100 - Pareto Archive: 18
  ALNS weights: Destroy=['3.00', '3.00', '3.00', '3.00', '3.00'] Repair=['3.00', '3.00', '3.00']
[PACO+ALNS ] Iteration 80/100 - Pareto Archive: 18
  ALNS weights: Destroy=['3.00', '3.00', '3.00', '2.99', '3.00'] Repair=['2.99', '3.00', '3.00']
[PACO+ALNS ] Iteration 90/100 - Pareto Archive: 16
  ALNS weights: Destroy=['2.93', '3.00', '3.00', '3.00', '3.00'] Repair=['3.00', '3.00', '2.93']
[PACO+ALNS ] Iteration 100/100 - Pareto Archive: 17
  ALNS weights: Destroy=['2.69', '2.96', '3.00', '3.00', '3.00'] Repair=['2.70', '3.00', '2.98']
[PACO+ALNS ] Iteration 10/100 - Pareto Archive: 7
  ALNS weights: Destroy=['2.98', '2.99', '2.76', '3.00', '2.36'] Repair=['3.00', '3.00', '2.98']
[PACO+ALNS ] Iteration 20/100 - Pareto Archive: 10
  ALNS weights: Destroy=['3.00', '3.00', '2.98', '2.96', '2.85'] Repair=['3.00', '2.99', '3.00']
[PACO+ALNS ] Iteration 30/100 - Pareto Archive: 7
  ALNS weights: Destroy=['2.95', '3.00', '3.00', '3.00', '2.93'] Repair=['3.00', '2.92', '3.00']
[PACO+ALNS ] Iteration 40/100 - Pareto Archive: 10
  ALNS weights: Destroy=['2.98', '3.00', '3.00', '3.00', '2.97'] Repair=['2.97', '2.99', '3.00']
[PACO+ALNS ] Iteration 50/100 - Pareto Archive: 16
  ALNS weights: Destroy=['2.93', '2.98', '3.00', '3.00', '2.98'] Repair=['2.88', '3.00', '3.00']
[PACO+ALNS ] Iteration 60/100 - Pareto Archive: 20
  ALNS weights: Destroy=['3.00', '2.99', '3.00', '2.98', '2.99'] Repair=['2.99', '3.00', '3.00']
[PACO+ALNS ] Iteration 70/100 - Pareto Archive: 19
  ALNS weights: Destroy=['3.00', '3.00', '3.00', '2.97', '2.99'] Repair=['3.00', '2.99', '2.99']
[PACO+ALNS ] Iteration 80/100 - Pareto Archive: 20
  ALNS weights: Destroy=['3.18', '2.98', '3.14', '2.96', '3.00'] Repair=['3.10', '3.17', '3.00']
[PACO+ALNS ] Iteration 90/100 - Pareto Archive: 21
  ALNS weights: Destroy=['2.90', '3.00', '3.02', '2.99', '2.87'] Repair=['3.00', '2.90', '3.00']
[PACO+ALNS ] Iteration 100/100 - Pareto Archive: 16
  ALNS weights: Destroy=['3.00', '3.00', '3.01', '2.96', '2.96'] Repair=['2.99', '2.98', '3.00']
[PACO+ALNS ] Iteration 10/100 - Pareto Archive: 8
  ALNS weights: Destroy=['2.99', '3.00', '2.96', '3.00', '2.25'] Repair=['3.00', '3.00', '2.99']
[PACO+ALNS ] Iteration 20/100 - Pareto Archive: 10
  ALNS weights: Destroy=['3.00', '3.00', '3.00', '3.00', '2.36'] Repair=['3.00', '3.00', '3.00']
[PACO+ALNS ] Iteration 30/100 - Pareto Archive: 8
  ALNS weights: Destroy=['3.00', '3.00', '3.00', '2.96', '2.61'] Repair=['3.00', '2.96', '3.00']
[PACO+ALNS ] Iteration 40/100 - Pareto Archive: 12
  ALNS weights: Destroy=['2.99', '3.00', '3.00', '3.00', '2.76'] Repair=['2.99', '3.00', '3.00']
[PACO+ALNS ] Iteration 50/100 - Pareto Archive: 8
  ALNS weights: Destroy=['2.81', '2.82', '3.01', '2.70', '2.82'] Repair=['3.00', '2.54', '2.87']
[PACO+ALNS ] Iteration 60/100 - Pareto Archive: 8
  ALNS weights: Destroy=['2.98', '2.99', '3.00', '2.99', '2.94'] Repair=['3.00', '3.00', '2.95']
[PACO+ALNS ] Iteration 70/100 - Pareto Archive: 9
  ALNS weights: Destroy=['2.96', '3.00', '3.00', '3.00', '2.94'] Repair=['3.00', '3.00', '2.99']
[PACO+ALNS ] Iteration 80/100 - Pareto Archive: 10
  ALNS weights: Destroy=['2.97', '3.00', '3.00', '3.00', '2.73'] Repair=['2.99', '2.92', '3.00']
[PACO+ALNS ] Iteration 90/100 - Pareto Archive: 11
  ALNS weights: Destroy=['3.00', '3.00', '2.84', '3.00', '2.70'] Repair=['2.99', '2.96', '2.99']
[PACO+ALNS ] Iteration 100/100 - Pareto Archive: 12
  ALNS weights: Destroy=['2.85', '3.00', '2.98', '3.00', '2.81'] Repair=['2.83', '3.00', '2.99']
[PACO+ALNS ] Iteration 10/100 - Pareto Archive: 10
  ALNS weights: Destroy=['2.99', '2.99', '2.98', '2.84', '2.25'] Repair=['3.00', '2.88', '3.00']
[PACO+ALNS ] Iteration 20/100 - Pareto Archive: 14
  ALNS weights: Destroy=['2.96', '3.00', '3.00', '3.00', '2.76'] Repair=['2.95', '3.00', '3.00']
[PACO+ALNS ] Iteration 30/100 - Pareto Archive: 13
  ALNS weights: Destroy=['2.84', '3.00', '3.00', '3.00', '2.91'] Repair=['3.00', '3.00', '2.87']
[PACO+ALNS ] Iteration 40/100 - Pareto Archive: 15
  ALNS weights: Destroy=['3.00', '3.00', '3.00', '3.00', '2.96'] Repair=['3.00', '3.00', '3.00']
[PACO+ALNS ] Iteration 50/100 - Pareto Archive: 11
  ALNS weights: Destroy=['3.00', '3.00', '3.00', '3.00', '2.99'] Repair=['3.00', '3.00', '3.00']
[PACO+ALNS ] Iteration 60/100 - Pareto Archive: 9
  ALNS weights: Destroy=['2.94', '3.00', '3.00', '3.01', '3.00'] Repair=['3.00', '2.97', '3.00']
[PACO+ALNS ] Iteration 70/100 - Pareto Archive: 15
  ALNS weights: Destroy=['2.81', '3.01', '3.04', '3.00', '2.70'] Repair=['3.01', '2.87', '2.84']
[PACO+ALNS ] Iteration 80/100 - Pareto Archive: 14
  ALNS weights: Destroy=['3.00', '3.00', '3.07', '3.00', '2.78'] Repair=['3.00', '3.00', '3.00']
[PACO+ALNS ] Iteration 90/100 - Pareto Archive: 17
  ALNS weights: Destroy=['3.00', '2.94', '3.00', '2.99', '2.90'] Repair=['3.00', '3.00', '2.98']
[PACO+ALNS ] Iteration 100/100 - Pareto Archive: 20
  ALNS weights: Destroy=['2.94', '3.00', '3.00', '3.02', '2.96'] Repair=['3.03', '2.95', '3.00']
  Route plotted and saved to: C:\Users\23992\FURP-2026-XinyueXie-Truck-Drone-Routing\src\experiments\PACO+ALNS\results\20260807_w8\routes_w7_100c_RC201_10V_high_min_cost.png
  Route plotted and saved to: C:\Users\23992\FURP-2026-XinyueXie-Truck-Drone-Routing\src\experiments\PACO+ALNS\results\20260807_w8\routes_w7_100c_RC201_10V_high_min_tardiness.png
  Route plotted and saved to: C:\Users\23992\FURP-2026-XinyueXie-Truck-Drone-Routing\src\experiments\PACO+ALNS\results\20260807_w8\routes_w7_100c_RC201_10V_high_compromise.png
[done] 100c_RC201_10V_high w7 time=583.9s cost=768.8 tard=6998.6 sols=12.5
  Pareto plot: C:\Users\23992\FURP-2026-XinyueXie-Truck-Drone-Routing\src\experiments\PACO+ALNS\results\20260807_w8\pareto_compare_25c_RC101_2V_medium.png
  Pareto plot: C:\Users\23992\FURP-2026-XinyueXie-Truck-Drone-Routing\src\experiments\PACO+ALNS\results\20260807_w8\pareto_compare_25c_RC101_2V_high.png
  Pareto plot: C:\Users\23992\FURP-2026-XinyueXie-Truck-Drone-Routing\src\experiments\PACO+ALNS\results\20260807_w8\pareto_compare_25c_RC201_2V_medium.png
  Pareto plot: C:\Users\23992\FURP-2026-XinyueXie-Truck-Drone-Routing\src\experiments\PACO+ALNS\results\20260807_w8\pareto_compare_25c_RC201_2V_high.png
  Pareto plot: C:\Users\23992\FURP-2026-XinyueXie-Truck-Drone-Routing\src\experiments\PACO+ALNS\results\20260807_w8\pareto_compare_50c_RC101_4V_medium.png
  Pareto plot: C:\Users\23992\FURP-2026-XinyueXie-Truck-Drone-Routing\src\experiments\PACO+ALNS\results\20260807_w8\pareto_compare_50c_RC101_4V_high.png
  Pareto plot: C:\Users\23992\FURP-2026-XinyueXie-Truck-Drone-Routing\src\experiments\PACO+ALNS\results\20260807_w8\pareto_compare_50c_RC201_4V_medium.png
  Pareto plot: C:\Users\23992\FURP-2026-XinyueXie-Truck-Drone-Routing\src\experiments\PACO+ALNS\results\20260807_w8\pareto_compare_50c_RC201_4V_high.png
  Pareto plot: C:\Users\23992\FURP-2026-XinyueXie-Truck-Drone-Routing\src\experiments\PACO+ALNS\results\20260807_w8\pareto_compare_50c_RC101_6V_medium.png
  Pareto plot: C:\Users\23992\FURP-2026-XinyueXie-Truck-Drone-Routing\src\experiments\PACO+ALNS\results\20260807_w8\pareto_compare_50c_RC101_6V_high.png
  Pareto plot: C:\Users\23992\FURP-2026-XinyueXie-Truck-Drone-Routing\src\experiments\PACO+ALNS\results\20260807_w8\pareto_compare_50c_RC201_6V_medium.png
  Pareto plot: C:\Users\23992\FURP-2026-XinyueXie-Truck-Drone-Routing\src\experiments\PACO+ALNS\results\20260807_w8\pareto_compare_50c_RC201_6V_high.png
  Pareto plot: C:\Users\23992\FURP-2026-XinyueXie-Truck-Drone-Routing\src\experiments\PACO+ALNS\results\20260807_w8\pareto_compare_100c_RC101_10V_medium.png
  Pareto plot: C:\Users\23992\FURP-2026-XinyueXie-Truck-Drone-Routing\src\experiments\PACO+ALNS\results\20260807_w8\pareto_compare_100c_RC101_10V_high.png
  Pareto plot: C:\Users\23992\FURP-2026-XinyueXie-Truck-Drone-Routing\src\experiments\PACO+ALNS\results\20260807_w8\pareto_compare_100c_RC201_10V_medium.png
  Pareto plot: C:\Users\23992\FURP-2026-XinyueXie-Truck-Drone-Routing\src\experiments\PACO+ALNS\results\20260807_w8\pareto_compare_100c_RC201_10V_high.png
Saved: C:\Users\23992\FURP-2026-XinyueXie-Truck-Drone-Routing\src\experiments\PACO+ALNS\results\20260807_w8\compare_three_20260807_w8.json
Saved: C:\Users\23992\FURP-2026-XinyueXie-Truck-Drone-Routing\src\experiments\PACO+ALNS\results\20260807_w8\analysis_20260807_w8.md
